{
  "type": "FeatureCollection",
  "features": [
    {
      "type": "Feature",
      "properties": {
        "name": "Murat Tepe",
        "desc": "Settlement on the Murat River inhabited during the Urartian and Byzantine periods. It is located near, but distinct from, the Bronze Age-Medieval site of Murat Höyük.",
        "name_tr": "Murat Tepe",
        "desc_tr": "Murat Nehri kıyısında, Urartu ve Bizans dönemlerinde yerleşim yeri olarak kullanılan yerleşim, Tunç Çağı-Orta Çağ Murat Höyük'ün yakınında, ancak ondan farklı bir konumda yer almaktadır."
      },
      "geometry": {
        "type": "Point",
        "coordinates": [
          40.9602907337,
          38.8913583806
        ]
      }
    },
    {
      "type": "Feature",
      "properties": {
        "name": "Vosgepag",
        "desc": "Vosgepag was the Armenian name for a small village near Van in eastern Turkey (now officially called Beşçatak in Turkish). In its church, a reused building inscription of the Urartian king Minua (9th / 8th century BCE) was found.",
        "name_tr": "Vosgepag",
        "desc_tr": "Vosgepag, Türkiye';nin doğusundaki Van yakınlarındaki küçük bir köyün (günümüzde Türkçe'de resmi adı Beşçatak) Ermenice adıydı. Kilisede, Urartu kralı Minua'nın (MÖ 9./8. yüzyıl) yeniden kullanılmış bir yapı kitabesi bulundu."
      },
      "geometry": {
        "type": "Point",
        "coordinates": [
          43.56333065,
          38.51595775
        ]
      }
    },
    {
      "type": "Feature",
      "properties": {
        "name": "Gazandži (Kazana)",
        "desc": "Gazandži is a village at the Turkish-Armenian border location south of Armavir, on the right bank of the river Arasse, approximately 9 km northeast of Iğdir. Here a cylindrical stone with a building inscription of the Urartian king Argišti I., son of Minua (8th century BCE) was found.",
        "name_tr": "Gazandži (Kazana)",
        "desc_tr": "Gazandži, Armavir'in güneyinde, Arasse Nehri'nin sağ kıyısında, Iğdır'ın yaklaşık 9 km kuzeydoğusunda, Türkiye-Ermenistan sınır bölgesinde bulunan bir köydür. Burada, Urartu Kralı I. Argišti'nin (MÖ 8. yüzyıl) Minua oğlu olduğu anlaşılan yapı kitabesinin bulunduğu silindirik bir taş bulunmuştur."
      },
      "geometry": {
        "type": "Point",
        "coordinates": [
          44.026076,
          40.0065657
        ]
      }
    },
    {
      "type": "Feature",
      "properties": {
        "name": "Çatalhöyük",
        "desc": "A Neolithic and Chalcolithic settlement of southern Anatolia, inhabited ca. 7500 B.C. to 5700 B.C. In July 2012, it was inscribed as a UNESCO World Heritage Site.",
        "name_tr": "Çatalhöyük",
        "desc_tr": "Güney Anadolu'da Neolitik ve Kalkolitik çağlara ait, MÖ 7500 ile MÖ 5700 yılları arasında yerleşim yeri olarak kullanılan bir yerleşim yeri. Temmuz 2012'de UNESCO Dünya Mirası listesine alındı."
      },
      "geometry": {
        "type": "Point",
        "coordinates": [
          32.8268855987,
          37.6671023262
        ]
      }
    },
    {
      "type": "Feature",
      "properties": {
        "name": "Proposed location of Artulu 2 (Kayseri)",
        "desc": "Another proposed location of ancient Artulu is at or in the vicinity of modern Kayseri.",
        "name_tr": "Proposed location of Artulu 2 (Kayseri)",
        "desc_tr": "Antik Artulu'nun bulunduğu yerin bir diğer önerilen yeri ise günümüz Kayseri'si veya civarındadır."
      },
      "geometry": {
        "type": "Point",
        "coordinates": [
          35.4874516,
          38.7225274
        ]
      }
    },
    {
      "type": "Feature",
      "properties": {
        "name": "Withdrawn: Tilmen Höyük",
        "desc": "Duplicate of https://pleiades.stoa.org/places/447680269",
        "name_tr": "Withdrawn: Tilmen Höyük",
        "desc_tr": "https://pleiades.stoa.org/places/447680269 adresinin kopyası"
      },
      "geometry": {
        "type": "Point",
        "coordinates": [
          36.703854362,
          37.0302746518
        ]
      }
    },
    {
      "type": "Feature",
      "properties": {
        "name": "Ulucak Höyük",
        "desc": "An ancient settlement mound located 25 km west of İzmir with occupation ranging from the Early Neolithic to Late Roman and Early Byzantine periods.",
        "name_tr": "Ulucak Höyük",
        "desc_tr": "İzmir'in 25 km batısında yer alan, Erken Neolitik Çağ'dan Geç Roma ve Erken Bizans dönemlerine kadar uzanan bir yerleşimin izlerini taşıyan antik yerleşim yeri."
      },
      "geometry": {
        "type": "Point",
        "coordinates": [
          27.3524829797,
          38.4666781735
        ]
      }
    },
    {
      "type": "Feature",
      "properties": {
        "name": "Qamişvan/Değirmendüzü",
        "desc": "Değirmendüzü (formerly Qamişvan/Kamişvan) is a modern village situated ca. 8 km in the east of Pathos (Aznavurtepe / Anzavurtepe) in the Ağrı Province in eastern Turkey. Here a column base with an inscription of the Urartian king Minua, son of Išpuini (9th/8th century BCE) has been found (CTU I A 5-70)",
        "name_tr": "Qamişvan/Değirmendüzü",
        "desc_tr": "Değirmendüzü (eski adıyla Qamişvan/Kamişvan), Türkiye'nin doğusundaki Ağrı ilinde, Pathos'un (Aznavurtepe/Anzavurtepe) yaklaşık 8 km doğusunda yer alan modern bir köydür. Burada, üzerinde İšpuini oğlu Urartu kralı Minua'nın (MÖ 9./8. yüzyıl) yazıtının bulunduğu bir sütun kaidesi bulunmuştur (CTU IA 5-70)."
      },
      "geometry": {
        "type": "Point",
        "coordinates": [
          42.9647167,
          39.210255
        ]
      }
    },
    {
      "type": "Feature",
      "properties": {
        "name": "Marmos",
        "desc": "Marmos is a settlement in the Ağrı Province in Eastern Turkey. Here a stele with an inscription of the Urartian king Minua (9th/8th century BCE) was found which reports the construction of a canal.",
        "name_tr": "Marmos",
        "desc_tr": "Marmos, Türkiye'nin doğusundaki Ağrı ilinde bulunan bir yerleşim yeridir. Burada, Urartu kralı Minua'ya (MÖ 9./8. yüzyıl) ait bir yazıtın bulunduğu ve bir kanal inşasından bahseden bir stel bulunmuştur."
      },
      "geometry": {
        "type": "Point",
        "coordinates": [
          42.7025677,
          39.231678
        ]
      }
    },
    {
      "type": "Feature",
      "properties": {
        "name": "*Odon",
        "desc": "An ancient place, cited: BAtlas 56 G4 *Odon",
        "name_tr": "*Odon",
        "desc_tr": "Antik kenti, Ref.: BAtlas 56 G4 *Odon"
      },
      "geometry": {
        "type": "Point",
        "coordinates": [
          28.507199,
          38.723103
        ]
      }
    },
    {
      "type": "Feature",
      "properties": {
        "name": "Okcular",
        "desc": "An ancient place, cited: BAtlas 56 D3 Okcular",
        "name_tr": "Okcular",
        "desc_tr": "Antik kenti, Ref.: BAtlas 56 D3 Okcular"
      },
      "geometry": {
        "type": "Point",
        "coordinates": [
          26.968352,
          39.27814
        ]
      }
    },
    {
      "type": "Feature",
      "properties": {
        "name": "Olympos",
        "desc": "An ancient place, cited: BAtlas 56 E4 Olympos",
        "name_tr": "Olympos",
        "desc_tr": "Antik kenti, Ref.: BAtlas 56 E4 Olympos"
      },
      "geometry": {
        "type": "Point",
        "coordinates": [
          27.226714,
          38.843543
        ]
      }
    },
    {
      "type": "Feature",
      "properties": {
        "name": "Ophryneion",
        "desc": "Ophryneion was an ancient city of the northern Troad. It lay between Rhoteum and Dardanus. The site is located about 1.5 km north-east of the village of İntepe (previously known as Erenköy) in Çanakkale Province, Turkey.",
        "name_tr": "Ophryneion",
        "desc_tr": "Ophryneion, Troas'ın kuzeyindeki antik bir kentti. Rhoteum ve Dardanos arasında yer alıyordu. Yerleşim, Çanakkale ilinin İntepe (eski adıyla Erenköy) köyünün yaklaşık 1,5 km kuzeydoğusunda yer almaktadır."
      },
      "geometry": {
        "type": "Point",
        "coordinates": [
          26.3378207,
          40.0247058
        ]
      }
    },
    {
      "type": "Feature",
      "properties": {
        "name": "*Oroanna",
        "desc": "An ancient place, cited: BAtlas 56 E5 *Oroanna",
        "name_tr": "*Oroanna",
        "desc_tr": "Antik kenti, Ref.: BAtlas 56 E5 *Oroanna"
      },
      "geometry": {
        "type": "Point",
        "coordinates": [
          27.145959,
          38.197854
        ]
      }
    },
    {
      "type": "Feature",
      "properties": {
        "name": "*Oumyrota",
        "desc": "An ancient place, cited: BAtlas 56 G5 *Oumyrota",
        "name_tr": "*Oumyrota",
        "desc_tr": "Antik kenti, Ref.: BAtlas 56 G5 *Oumyrota"
      },
      "geometry": {
        "type": "Point",
        "coordinates": [
          28.271971,
          38.214829
        ]
      }
    },
    {
      "type": "Feature",
      "properties": {
        "name": "Palaia Gargara",
        "desc": "An ancient place, cited: BAtlas 56 D2 Palaia Gargara",
        "name_tr": "Palaia Gargara",
        "desc_tr": "Antik bölge, Ref.: BAtlas 56 D2 Palaia Gargara"
      },
      "geometry": {
        "type": "Point",
        "coordinates": [
          26.525922,
          39.573374
        ]
      }
    },
    {
      "type": "Feature",
      "properties": {
        "name": "Palaiskepsis?",
        "desc": "An ancient place, cited: BAtlas 56 D2 Palaiskepsis?",
        "name_tr": "Palaiskepsis?",
        "desc_tr": "Antik kenti, Ref.: BAtlas 56 D2 Palaiskepsis?"
      },
      "geometry": {
        "type": "Point",
        "coordinates": [
          26.786792,
          39.836656
        ]
      }
    },
    {
      "type": "Feature",
      "properties": {
        "name": "*Panda",
        "desc": "An ancient place, cited: BAtlas 56 E4 *Panda",
        "name_tr": "*Panda",
        "desc_tr": "Antik kenti, Ref.: BAtlas 56 E4 *Panda"
      },
      "geometry": {
        "type": "Point",
        "coordinates": [
          27.378881,
          38.710613
        ]
      }
    },
    {
      "type": "Feature",
      "properties": {
        "name": "Parthenion",
        "desc": "A settlement attested in ancient sources, that was probably located along the modern Ilias Çay in Turkey, downstream from the modern Yortanlı dam.",
        "name_tr": "Parthenion",
        "desc_tr": "Antik kaynaklarda yer alan, büyük olasılıkla Türkiye'de, bugünkü Yortanlı Barajı'nın aşağısında, bugünkü İlyas Çayı kıyısında bulunan bir yerleşim yeri."
      },
      "geometry": {
        "type": "Point",
        "coordinates": [
          27.335098,
          39.218103
        ]
      }
    },
    {
      "type": "Feature",
      "properties": {
        "name": "*Parsada",
        "desc": "An ancient place, cited: BAtlas 56 F5 *Parsada",
        "name_tr": "*Parsada",
        "desc_tr": "Antik kenti, Ref.: BAtlas 56 F5 *Parsada"
      },
      "geometry": {
        "type": "Point",
        "coordinates": [
          27.638875,
          38.393106
        ]
      }
    },
    {
      "type": "Feature",
      "properties": {
        "name": "Pergamum",
        "desc": "An important ancient settlement, located at modern Bergama in Turkey. It was first described in Xenophon's Anabasis and was later used as a treasury under Lysimachus. Pergamum became the administrative capital and principal city of the Attalid kingdom and dynasty (282-133 BCE) and was briefly the first capital of the Roman province of Asia. It later was a seat of a Christian bishopric and is listed in Revelation as one of the seven churches of Asia. It was inscribed as a UNESCO World Heritage Site in 2014 under \"Pergamon and its Multi-Layered Cultural Landscape\".",
        "name_tr": "Pergamum",
        "desc_tr": "Türkiye'nin Bergama bölgesinde bulunan önemli bir antik yerleşim yeri. İlk olarak Ksenophon'un Anabasis adlı eserinde tanımlanmış ve daha sonra Lysimakhos döneminde hazine olarak kullanılmıştır. Bergama, Attalos Krallığı ve Hanedanlığı'nın (MÖ 282-133) idari başkenti ve baş şehri olmuş ve kısa bir süre Roma'nın Asya eyaletinin ilk başkenti olmuştur. Daha sonra bir Hristiyan piskoposluğunun merkezi olmuş ve Vahiy kitabında Asya'nın yedi kilisesinden biri olarak listelenmiştir. 2014 yılında &quot;Pergamon ve Çok Katmanlı Kültürel Manzarası&quot; başlığı altında UNESCO Dünya Mirası Alanı olarak kaydedilmiştir."
      },
      "geometry": {
        "type": "Point",
        "coordinates": [
          27.184167,
          39.1325
        ]
      }
    },
    {
      "type": "Feature",
      "properties": {
        "name": "Pericharaxis",
        "desc": "An ancient place, cited: BAtlas 56 F2 Pericharaxis",
        "name_tr": "Pericharaxis",
        "desc_tr": "Antik kenti, Ref.: BAtlas 56 F2 Pericharaxis"
      },
      "geometry": {
        "type": "Point",
        "coordinates": [
          27.641936,
          39.765088
        ]
      }
    },
    {
      "type": "Feature",
      "properties": {
        "name": "Perperene/Theodosiopolis",
        "desc": "An ancient place, cited: BAtlas 56 D3 Perperene/Theodosiopolis",
        "name_tr": "Perperene/Theodosiopolis",
        "desc_tr": "Antik kenti, Ref.: BAtlas 56 D3 Perperene/Theodosiopolis"
      },
      "geometry": {
        "type": "Point",
        "coordinates": [
          26.962332,
          39.240505
        ]
      }
    },
    {
      "type": "Feature",
      "properties": {
        "name": "Philadelpheia",
        "desc": "An ancient settlement of Asia Minor, modern Alaşehir, Turkey.",
        "name_tr": "Philadelpheia",
        "desc_tr": "Küçük Asya'nın antik yerleşim yeri, günümüzde Alaşehir, Türkiye."
      },
      "geometry": {
        "type": "Point",
        "coordinates": [
          28.516621,
          38.35037355
        ]
      }
    },
    {
      "type": "Feature",
      "properties": {
        "name": "Phocaea",
        "desc": "An ancient settlement of Asia Minor, modern Foça in Turkey.",
        "name_tr": "Phocaea",
        "desc_tr": "Küçük Asya'nın antik yerleşim yeri, günümüzde Türkiye sınırları içinde bulunan Foça."
      },
      "geometry": {
        "type": "Point",
        "coordinates": [
          26.75656,
          38.6703
        ]
      }
    },
    {
      "type": "Feature",
      "properties": {
        "name": "*Pingea",
        "desc": "An ancient place, cited: BAtlas 56 F3 *Pingea",
        "name_tr": "*Pingea",
        "desc_tr": "Antik kenti, Ref.: BAtlas 56 F3 *Pingea"
      },
      "geometry": {
        "type": "Point",
        "coordinates": [
          27.68695,
          38.980416
        ]
      }
    },
    {
      "type": "Feature",
      "properties": {
        "name": "Pionia(i)",
        "desc": "An ancient place, cited: BAtlas 56 F2 Pionia(i)",
        "name_tr": "Pionia(i)",
        "desc_tr": "Antik kenti, Ref.: BAtlas 56 F2 Pionia(i)"
      },
      "geometry": {
        "type": "Point",
        "coordinates": [
          27.579568,
          39.626196
        ]
      }
    },
    {
      "type": "Feature",
      "properties": {
        "name": "*Pityaia",
        "desc": "An ancient place, cited: BAtlas 56 F3 *Pityaia",
        "name_tr": "*Pityaia",
        "desc_tr": "Antik kenti, Ref.: BAtlas 56 F3 *Pityaia"
      },
      "geometry": {
        "type": "Point",
        "coordinates": [
          27.817113,
          38.97582
        ]
      }
    },
    {
      "type": "Feature",
      "properties": {
        "name": "*Polichna",
        "desc": "An ancient place, cited: BAtlas 56 D5 *Polichna",
        "name_tr": "*Polichna",
        "desc_tr": "Antik kenti, Ref.: BAtlas 56 D5 *Polichna"
      },
      "geometry": {
        "type": "Point",
        "coordinates": [
          26.57715,
          38.429149
        ]
      }
    },
    {
      "type": "Feature",
      "properties": {
        "name": "Polichne",
        "desc": "An ancient place, cited: BAtlas 56 D5 Polichne",
        "name_tr": "Polichne",
        "desc_tr": "Antik Kenti, Ref.: BAtlas 56 D5 Polichne"
      },
      "geometry": {
        "type": "Point",
        "coordinates": [
          26.768509,
          38.360198
        ]
      }
    },
    {
      "type": "Feature",
      "properties": {
        "name": "Polymedion/Palamedium",
        "desc": "An ancient place, cited: BAtlas 56 C3 Polymedion/Palamedium",
        "name_tr": "Polymedion/Palamedium",
        "desc_tr": "Antik Kenti, Ref.: BAtlas 56 C3 Polymedion/Palamedium"
      },
      "geometry": {
        "type": "Point",
        "coordinates": [
          26.149028,
          39.461577
        ]
      }
    },
    {
      "type": "Feature",
      "properties": {
        "name": "Pteleon",
        "desc": "An ancient place, cited: BAtlas 56 C5 Pteleon",
        "name_tr": "Pteleon",
        "desc_tr": "Antik Kenti, Ref.: BAtlas 56 C5 Pteleon"
      },
      "geometry": {
        "type": "Point",
        "coordinates": [
          26.415179,
          38.480083
        ]
      }
    },
    {
      "type": "Feature",
      "properties": {
        "name": "Rhoiteion",
        "desc": "An ancient city located in the northern part of the Troad.",
        "name_tr": "Rhoiteion",
        "desc_tr": "Troas'ın kuzey kesiminde yer alan antik bir kent."
      },
      "geometry": {
        "type": "Point",
        "coordinates": [
          26.303294913,
          40.0096809256
        ]
      }
    },
    {
      "type": "Feature",
      "properties": {
        "name": "*Sandaina?",
        "desc": "An ancient place, cited: BAtlas 56 F3 *Sandaina?",
        "name_tr": "*Sandaina?",
        "desc_tr": "Antik Kenti, Ref.: BAtlas 56 F3 *Sandaina?"
      },
      "geometry": {
        "type": "Point",
        "coordinates": [
          27.704769,
          39.164661
        ]
      }
    },
    {
      "type": "Feature",
      "properties": {
        "name": "Saouenda",
        "desc": "An ancient place, cited: BAtlas 56 F5 Saouenda",
        "name_tr": "Saouenda",
        "desc_tr": "Antik Kenti, Ref.: BAtlas 56 F5 Saouenda"
      },
      "geometry": {
        "type": "Point",
        "coordinates": [
          27.944572,
          38.098071
        ]
      }
    },
    {
      "type": "Feature",
      "properties": {
        "name": " Sardis/Hyde?",
        "desc": "Sardis was the capital of the Lydian Empire, located in western Turkey. In 188 B.C. Sardis became a part of the Attalid kingdom, and thus it passed with the territory of Attalus III to Rome in 133 B.C.",
        "name_tr": " Sardis/Hyde?",
        "desc_tr": "Sardes, Türkiye'nin batısında bulunan Lidya İmparatorluğu'nun başkentiydi. MÖ 188'de Attalos Krallığı'nın bir parçası haline gelen Sardes, MÖ 133'te Attalos III'ün topraklarıyla birlikte Roma'ya geçti."
      },
      "geometry": {
        "type": "Point",
        "coordinates": [
          28.040286,
          38.488314
        ]
      }
    },
    {
      "type": "Feature",
      "properties": {
        "name": "Sarıçam",
        "desc": "An ancient place, cited: BAtlas 56 E4 Sarıçam",
        "name_tr": "Sarıçam",
        "desc_tr": "Antik Kenti, Ref.: BAtlas 56 E4 Sarıçam"
      },
      "geometry": {
        "type": "Point",
        "coordinates": [
          27.4941563616,
          38.8042819622
        ]
      }
    },
    {
      "type": "Feature",
      "properties": {
        "name": "Satala",
        "desc": "An ancient place, cited: BAtlas 56 G4 Satala",
        "name_tr": "Satala",
        "desc_tr": "Antik Kenti, Ref.: BAtlas 56 G4 Satala"
      },
      "geometry": {
        "type": "Point",
        "coordinates": [
          28.267472,
          38.5792
        ]
      }
    },
    {
      "type": "Feature",
      "properties": {
        "name": "*Selinda",
        "desc": "An ancient place, cited: BAtlas 56 F5 *Selinda",
        "name_tr": "*Selinda",
        "desc_tr": "Antik Kenti, Ref.: BAtlas 56 F5 *Selinda"
      },
      "geometry": {
        "type": "Point",
        "coordinates": [
          27.587778,
          38.391808
        ]
      }
    },
    {
      "type": "Feature",
      "properties": {
        "name": "Sigeion",
        "desc": "Sigeion was located in the northwest part of the Troad at the mouth of the Scamander river.",
        "name_tr": "Sigeion",
        "desc_tr": "Sigeion, Troas'ın kuzeybatı kesiminde, Skamander Nehri'nin ağzında yer alıyordu."
      },
      "geometry": {
        "type": "Point",
        "coordinates": [
          26.180869,
          39.9835305
        ]
      }
    },
    {
      "type": "Feature",
      "properties": {
        "name": "*Siklia",
        "desc": "An ancient place, cited: BAtlas 56 F5 *Siklia",
        "name_tr": "*Siklia",
        "desc_tr": "Antik Kenti, Ref.: BAtlas 56 F5 *Siklia"
      },
      "geometry": {
        "type": "Point",
        "coordinates": [
          27.596698,
          38.198551
        ]
      }
    },
    {
      "type": "Feature",
      "properties": {
        "name": "Sillyos",
        "desc": "An ancient place, cited: BAtlas 56 E4 Sillyos",
        "name_tr": "Sillyos",
        "desc_tr": "Antik Kenti, Ref.: BAtlas 56 E4 Sillyos"
      },
      "geometry": {
        "type": "Point",
        "coordinates": [
          27.058959,
          38.501299
        ]
      }
    },
    {
      "type": "Feature",
      "properties": {
        "name": "Skamandreia",
        "desc": "An ancient place, cited: BAtlas 56 C2 Skamandreia",
        "name_tr": "Skamandreia",
        "desc_tr": "Antik Kenti, Ref.: BAtlas 56 C2 Skamandreia"
      },
      "geometry": {
        "type": "Point",
        "coordinates": [
          26.364872,
          39.83749
        ]
      }
    },
    {
      "type": "Feature",
      "properties": {
        "name": "Skamandros",
        "desc": "An ancient place, cited: BAtlas 56 C2 Skamandros",
        "name_tr": "Skamandros",
        "desc_tr": "Antik kenti, Ref.: BAtlas 56 C2 Skamandros"
      },
      "geometry": {
        "type": "Point",
        "coordinates": [
          26.361243,
          39.800254
        ]
      }
    },
    {
      "type": "Feature",
      "properties": {
        "name": "Skepsis",
        "desc": "An ancient settlement in the upper watershed of the Skamander (modern Karamenderes) river, located at and around the modern village of Kurşunlu in Turkey's Bayramiç (Çanakkale province). Significant archaeological remains, including a probable temple, on the dome-shaped hill immediately west of the modern village were reported in the 19th century, but these are no longer evident, the site having been quarried for construction in the village and in Bayramiç. Rescue excavations between the hill and the river revealed Roman and Byzantine-era structures, including a bath complex, in the late 20th century, prior to the filling of the reservoir created by the Bayramiç dam.",
        "name_tr": "Skepsis",
        "desc_tr": "Türkiye'nin Bayramiç (Çanakkale) ilçesinde, Kurşunlu köyü ve çevresinde bulunan, Skamander (günümüzde Karamenderes) nehrinin yukarı havzasında bulunan antik bir yerleşim. 19. yüzyılda, modern köyün hemen batısındaki kubbe biçimli tepede, muhtemel bir tapınak da dahil olmak üzere önemli arkeolojik kalıntılar bildirilmiş, ancak bu kalıntılar artık mevcut değildir; zira bu alan köyde ve Bayramiç'te inşaat amaçlı taş ocağı olarak kullanılmıştır. Tepe ile nehir arasında yapılan kurtarma kazıları, 20. yüzyılın sonlarında, Bayramiç barajının oluşturduğu rezervuarın doldurulmasından önce, bir hamam kompleksi de dahil olmak üzere Roma ve Bizans dönemine ait yapıları ortaya çıkarmıştır."
      },
      "geometry": {
        "type": "Point",
        "coordinates": [
          26.702921,
          39.807406
        ]
      }
    },
    {
      "type": "Feature",
      "properties": {
        "name": "Smintheion",
        "desc": "Homer mentions the temple of Apollo Smintheus as the shrine where Chryses was priest. The second century B.C. remains of an Ionic sanctuary with an adjacent town are located in the southwestern Troad near modern Gülpinar.",
        "name_tr": "Smintheion",
        "desc_tr": "Homeros, Khryses'in rahip olarak görev yaptığı tapınağın Apollon Smintheus tapınağı olduğunu belirtir. MÖ 2. yüzyıldan kalma bir İyon tapınağının ve bitişiğindeki bir kentin kalıntıları, günümüz Gülpınar yakınlarındaki güneybatı Troas'ta yer almaktadır."
      },
      "geometry": {
        "type": "Point",
        "coordinates": [
          26.1177414953,
          39.5362070998
        ]
      }
    },
    {
      "type": "Feature",
      "properties": {
        "name": "Smyrna/Eurydikeia",
        "desc": "An ancient settlement of Asia Minor, modern Izmir in Turkey.",
        "name_tr": "Smyrna/Eurydikeia",
        "desc_tr": "Küçük Asya'nın antik yerleşim yeri, günümüzde Türkiye'nin İzmir ili."
      },
      "geometry": {
        "type": "Point",
        "coordinates": [
          27.141387,
          38.41719605
        ]
      }
    },
    {
      "type": "Feature",
      "properties": {
        "name": "Stratonicaea/Hadrianopolis",
        "desc": "An ancient settlement of Lydia, located near modern Siledik in Turkey.",
        "name_tr": "Stratonicaea/Hadrianopolis",
        "desc_tr": "Türkiye'nin Siledik ilçesi yakınlarında bulunan Lidya dönemine ait antik bir yerleşim yeri."
      },
      "geometry": {
        "type": "Point",
        "coordinates": [
          27.801765,
          39.142114
        ]
      }
    },
    {
      "type": "Feature",
      "properties": {
        "name": "*Tarigya",
        "desc": "An ancient place, cited: BAtlas 56 G5 *Tarigya",
        "name_tr": "*Tarigya",
        "desc_tr": "Antik kenti, Ref.: BAtlas 56 G5 *Tarigya"
      },
      "geometry": {
        "type": "Point",
        "coordinates": [
          28.435136,
          38.180633
        ]
      }
    },
    {
      "type": "Feature",
      "properties": {
        "name": "Tateikome",
        "desc": "An ancient place, cited: BAtlas 56 F5 Tateikome",
        "name_tr": "Tateikome",
        "desc_tr": "Antik Kenti, Ref.: BAtlas 56 F5 Tateikome"
      },
      "geometry": {
        "type": "Point",
        "coordinates": [
          27.745098,
          38.440559
        ]
      }
    },
    {
      "type": "Feature",
      "properties": {
        "name": "Temnos",
        "desc": "An ancient place, cited: BAtlas 56 E4 Temnos",
        "name_tr": "Temnos",
        "desc_tr": "Antik Kenti, Ref.: BAtlas 56 E4 Temnos"
      },
      "geometry": {
        "type": "Point",
        "coordinates": [
          27.17263,
          38.676628
        ]
      }
    },
    {
      "type": "Feature",
      "properties": {
        "name": "*Tempsis",
        "desc": "An ancient place, cited: BAtlas 56 F5 *Tempsis",
        "name_tr": "*Tempsis",
        "desc_tr": "Antik Kenti, Ref.: BAtlas 56 F5 *Tempsis"
      },
      "geometry": {
        "type": "Point",
        "coordinates": [
          27.830968,
          38.321809
        ]
      }
    },
    {
      "type": "Feature",
      "properties": {
        "name": "Tenedos",
        "desc": "An ancient place, cited: BAtlas 56 C2 Tenedos",
        "name_tr": "Tenedos",
        "desc_tr": "Antik Kenti, Ref.: BAtlas 56 C2 Tenedos"
      },
      "geometry": {
        "type": "Point",
        "coordinates": [
          26.06963835,
          39.8343172
        ]
      }
    },
    {
      "type": "Feature",
      "properties": {
        "name": "Teos",
        "desc": "An ancient Ionian settlement of Asia Minor, located at modern Siğacik in Turkey.",
        "name_tr": "Teos",
        "desc_tr": "Türkiye'nin bugünkü Sığacık ilçesinde bulunan, Küçük Asya'da bulunan antik bir İyon yerleşimi."
      },
      "geometry": {
        "type": "Point",
        "coordinates": [
          26.785014,
          38.177262
        ]
      }
    },
    {
      "type": "Feature",
      "properties": {
        "name": "Teuthrania",
        "desc": "An ancient place, cited: BAtlas 56 E3 Teuthrania",
        "name_tr": "Teuthrania",
        "desc_tr": "Antik Kenti, Ref.: BAtlas 56 E3 Teuthrania"
      },
      "geometry": {
        "type": "Point",
        "coordinates": [
          27.054771,
          39.035223
        ]
      }
    },
    {
      "type": "Feature",
      "properties": {
        "name": "Thebe",
        "desc": "An ancient place, cited: BAtlas 56 E2 Thebe",
        "name_tr": "Thebe",
        "desc_tr": "Antik Kenti, Ref.: BAtlas 56 E2 Teb"
      },
      "geometry": {
        "type": "Point",
        "coordinates": [
          27.020171,
          39.597431
        ]
      }
    },
    {
      "type": "Feature",
      "properties": {
        "name": "Thyateira",
        "desc": "An ancient settlement of Asia Minor, located at modern Akhisar in Turkey. Visible remains today are limited; they include the archaeological area of Tepe Mezarı in the center of the modern town.",
        "name_tr": "Thyateira",
        "desc_tr": "Küçük Asya'da, günümüzde Türkiye'nin Akhisar ilçesinde bulunan antik bir yerleşim yeri. Günümüzde görülebilen kalıntılar sınırlıdır; bunlar arasında, günümüzdeki şehrin merkezinde bulunan Tepe Mezarı arkeolojik alanı da yer almaktadır."
      },
      "geometry": {
        "type": "Point",
        "coordinates": [
          27.8362160032,
          38.9201519892
        ]
      }
    },
    {
      "type": "Feature",
      "properties": {
        "name": "Thymbrara/Thybarna?",
        "desc": "An ancient place, cited: BAtlas 56 G4 Thymbrara/Thybarna?",
        "name_tr": "Thymbrara/Thybarna?",
        "desc_tr": "Antik Kenti, Ref.: BAtlas 56 G4 Thymbrara/Thybarna?"
      },
      "geometry": {
        "type": "Point",
        "coordinates": [
          28.259858,
          38.482542
        ]
      }
    },
    {
      "type": "Feature",
      "properties": {
        "name": "Tiarai?",
        "desc": "An ancient place, cited: BAtlas 56 E3 Tiarai?",
        "name_tr": "Tiarai?",
        "desc_tr": "Antik Kenti, Ref.: BAtlas 56 E3 Tiarai?"
      },
      "geometry": {
        "type": "Point",
        "coordinates": [
          27.100676,
          39.128826
        ]
      }
    },
    {
      "type": "Feature",
      "properties": {
        "name": "Tisna/Titne",
        "desc": "An ancient Aeolian city, Tisna was built on a pair of volcanic hills northwest of modern Uzunhansanlar (Aliağa, İzmir, Turkey).",
        "name_tr": "Tisna/Titne",
        "desc_tr": "Antik bir Aiol kenti olan Tisna, bugünkü Uzunhansanlar'ın (Aliağa, İzmir, Türkiye) kuzeybatısındaki bir çift volkanik tepe üzerinde kurulmuştur."
      },
      "geometry": {
        "type": "Point",
        "coordinates": [
          27.072488,
          38.783877
        ]
      }
    },
    {
      "type": "Feature",
      "properties": {
        "name": "Tmolos/Aureliopolis",
        "desc": "An ancient place, cited: BAtlas 56 F4 Tmolos/Aureliopolis",
        "name_tr": "Tmolos/Aureliopolis",
        "desc_tr": "Antik Kenti, Ref.: BAtlas 56 F4 Tmolos/Aureliopolis"
      },
      "geometry": {
        "type": "Point",
        "coordinates": [
          27.877777,
          38.476241
        ]
      }
    },
    {
      "type": "Feature",
      "properties": {
        "name": "*Tomara",
        "desc": "An ancient place, cited: BAtlas 56 G4 *Tomara",
        "name_tr": "*Tomara",
        "desc_tr": "Antik Kenti, Ref.: BAtlas 56 G4 *Tomara"
      },
      "geometry": {
        "type": "Point",
        "coordinates": [
          28.066301,
          38.881219
        ]
      }
    },
    {
      "type": "Feature",
      "properties": {
        "name": "Tragasai",
        "desc": "An ancient place, cited: BAtlas 56 C2 Tragasai",
        "name_tr": "Tragasai",
        "desc_tr": "Antik Kenti, Ref.: BAtlas 56 C2 Tragasai"
      },
      "geometry": {
        "type": "Point",
        "coordinates": [
          26.172501,
          39.566516
        ]
      }
    },
    {
      "type": "Feature",
      "properties": {
        "name": "Trarion",
        "desc": "An ancient place, cited: BAtlas 56 E3 Trarion",
        "name_tr": "Trarion",
        "desc_tr": "Antik Kenti, Ref.: BAtlas 56 E3 Trarion"
      },
      "geometry": {
        "type": "Point",
        "coordinates": [
          27.063513,
          39.25009
        ]
      }
    },
    {
      "type": "Feature",
      "properties": {
        "name": "Traron",
        "desc": "An ancient place, cited: BAtlas 56 C1 Traron",
        "name_tr": "Traron",
        "desc_tr": "Antik Kenti, Ref.: BAtlas 56 C1 Traron"
      },
      "geometry": {
        "type": "Point",
        "coordinates": [
          26.280528,
          39.999871
        ]
      }
    },
    {
      "type": "Feature",
      "properties": {
        "name": "Troketta",
        "desc": "An ancient place, cited: BAtlas 56 F5 Troketta",
        "name_tr": "Troketta",
        "desc_tr": "Antik Kenti, Ref.: BAtlas 56 F5 Troketta"
      },
      "geometry": {
        "type": "Point",
        "coordinates": [
          27.753345,
          38.462816
        ]
      }
    },
    {
      "type": "Feature",
      "properties": {
        "name": "Tyanollos",
        "desc": "An ancient place, cited: BAtlas 56 F4 Tyanollos",
        "name_tr": "Tyanollos",
        "desc_tr": "Antik Kenti, Ref.: BAtlas 56 F4 Tyanollos"
      },
      "geometry": {
        "type": "Point",
        "coordinates": [
          27.737205,
          38.724873
        ]
      }
    },
    {
      "type": "Feature",
      "properties": {
        "name": "Yusufdere",
        "desc": "An ancient place, cited: BAtlas 56 F5 Yusufdere",
        "name_tr": "Yusufdere",
        "desc_tr": "Antik Kenti, Ref.: BAtlas 56 F5 Yusufdere"
      },
      "geometry": {
        "type": "Point",
        "coordinates": [
          27.832764,
          38.20437
        ]
      }
    },
    {
      "type": "Feature",
      "properties": {
        "name": "Mernouphyta",
        "desc": "An ancient place, cited: BAtlas 56 unlocated Mernouphyta",
        "name_tr": "Mernouphyta",
        "desc_tr": "Antik bir yer, alıntılanmıştır: BAtlas 56 Mernouphyta'da yeri belirlenememiştir"
      },
      "geometry": {
        "type": "Point",
        "coordinates": [
          27.8362201557,
          38.9201605136
        ]
      }
    },
    {
      "type": "Feature",
      "properties": {
        "name": "Horoztepe Bronze Age Settlement and Necropolis",
        "desc": "An archaeological site in modern Turkey's Tokat province that now lies in the eastern portion of the modern town of Erbaa. Excavations were conducted there in the mid-20th century. It is best known for having produced artifacts of the Hatti culture, indicating intensive human activity between 4,000 and 2,000 BCE. Due to agricultural activity and development, the site has been significantly damaged and no archaeology is visible on publicly available aerial/satellite imagery.",
        "name_tr": "Horoztepe Bronze Age Settlement and Necropolis",
        "desc_tr": "Günümüzde Türkiye'nin Tokat ilinde bulunan ve günümüzde Erbaa ilçesinin doğu kesiminde yer alan bir arkeolojik alan. 20. yüzyılın ortalarında kazı çalışmaları yürütülmüştür. MÖ 4.000-2.000 yılları arasında yoğun insan faaliyetlerine işaret eden Hatti kültürüne ait eserler ortaya koymasıyla bilinir. Tarımsal faaliyetler ve yapılaşma nedeniyle alan önemli ölçüde hasar görmüş olup, kamuya açık hava/uydu görüntülerinde herhangi bir arkeolojik bulguya rastlanmamaktadır."
      },
      "geometry": {
        "type": "Point",
        "coordinates": [
          36.578755,
          40.667606
        ]
      }
    },
    {
      "type": "Feature",
      "properties": {
        "name": "Sapinuwa",
        "desc": "Bronze Age Hittite city at the location of modern Ortaköy, Turkey",
        "name_tr": "Sapinuwa",
        "desc_tr": "Türkiye'nin Ortaköy ilçesinin bulunduğu yerdeki Tunç Çağı Hitit kenti"
      },
      "geometry": {
        "type": "Point",
        "coordinates": [
          35.2374244741,
          40.2540990266
        ]
      }
    },
    {
      "type": "Feature",
      "properties": {
        "name": "Turlu Höyük",
        "desc": "Tell Turlu (Turlu Höyük) is ca. 7 km northwest of Nizip (Gaziantep Province, Turkey), near the modern village Turlu. In 2003, a basalt stele of the Assyrian official Bēl-iddin (reign of Sargon II; r. 721–705 BC) was discovered there. The ancient name of this large site, which was occupied in the Neolithic Period, is not known.",
        "name_tr": "Turlu Höyük",
        "desc_tr": "Tell Turlu (Turlu Höyük), Nizip'in (Gaziantep İli, Türkiye) yaklaşık 7 km kuzeybatısında, günümüz Turlu köyü yakınlarında yer almaktadır. 2003 yılında, Asurlu yönetici Beliddin'e (II. Sargon döneminde; MÖ 721-705) ait bir bazalt steli burada keşfedilmiştir. Neolitik Dönem'de yerleşim gören bu büyük alanın antik adı bilinmemektedir."
      },
      "geometry": {
        "type": "Point",
        "coordinates": [
          37.069119,
          37.758916
        ]
      }
    },
    {
      "type": "Feature",
      "properties": {
        "name": "Abonouteichos/Ionopolis",
        "desc": "A coastal town of Paphlagonia.",
        "name_tr": "Abonouteichos/Ionopolis",
        "desc_tr": "Paphlagonia'nın bir sahil kasabası."
      },
      "geometry": {
        "type": "Point",
        "coordinates": [
          33.7660475,
          41.9740255
        ]
      }
    },
    {
      "type": "Feature",
      "properties": {
        "name": "Aday",
        "desc": "An ancient place, cited: BAtlas 86 D2 Aday",
        "name_tr": "Aday",
        "desc_tr": "Antik Kenti, Ref.: BAtlas 86 D2 Aday"
      },
      "geometry": {
        "type": "Point",
        "coordinates": [
          33.017529,
          41.554234
        ]
      }
    },
    {
      "type": "Feature",
      "properties": {
        "name": "Aigialos",
        "desc": "An ancient place, cited: BAtlas 86 C2 Aigialos",
        "name_tr": "Aigialos",
        "desc_tr": "Antik Kenti, Ref.: BAtlas 86 C2 Aigialos"
      },
      "geometry": {
        "type": "Point",
        "coordinates": [
          33.002438,
          41.891894
        ]
      }
    },
    {
      "type": "Feature",
      "properties": {
        "name": "Akçasu",
        "desc": "An ancient place, cited: BAtlas 86 E2 Akçasu",
        "name_tr": "Akçasu",
        "desc_tr": "Antik Kenti, Ref.: BAtlas 86 E2 Akçasu"
      },
      "geometry": {
        "type": "Point",
        "coordinates": [
          34.3325,
          41.611992
        ]
      }
    },
    {
      "type": "Feature",
      "properties": {
        "name": "Amastris/Sesamos",
        "desc": "An ancient settlement on the Black Sea coast in Asia Minor, modern Amasra in Turkey.",
        "name_tr": "Amastris/Sesamos",
        "desc_tr": "Anadolu'nun Karadeniz kıyısındaki antik yerleşim yeri, günümüzde Türkiye'nin Amasra kenti."
      },
      "geometry": {
        "type": "Point",
        "coordinates": [
          32.385648,
          41.746969
        ]
      }
    },
    {
      "type": "Feature",
      "properties": {
        "name": "Anadynata",
        "desc": "An ancient place, cited: BAtlas 86 D3 Anadynata",
        "name_tr": "Anadynata",
        "desc_tr": "Antik Kenti, Ref.: BAtlas 86 D3 Anadynata"
      },
      "geometry": {
        "type": "Point",
        "coordinates": [
          33.2254255,
          40.853768
        ]
      }
    },
    {
      "type": "Feature",
      "properties": {
        "name": "Antikinolis",
        "desc": "An ancient place, cited: BAtlas 86 E2 Antikinolis",
        "name_tr": "Antikinolis",
        "desc_tr": "Antik Kenti, Ref.: BAtlas 86 E2 Antikinolis"
      },
      "geometry": {
        "type": "Point",
        "coordinates": [
          34.173004,
          41.954756
        ]
      }
    },
    {
      "type": "Feature",
      "properties": {
        "name": "Antoniopolis",
        "desc": "An ancient place, cited: BAtlas 86 C3 Antoniopolis",
        "name_tr": "Antoniopolis",
        "desc_tr": "Antik Kenti, Ref.: BAtlas 86 C3 Antoniopolis"
      },
      "geometry": {
        "type": "Point",
        "coordinates": [
          32.851208,
          40.829432
        ]
      }
    },
    {
      "type": "Feature",
      "properties": {
        "name": "Apsoda",
        "desc": "An ancient place, cited: BAtlas 86 A3 Apsoda",
        "name_tr": "Apsoda",
        "desc_tr": "Antik Kenti, Ref.: BAtlas 86 A3 Apsoda"
      },
      "geometry": {
        "type": "Point",
        "coordinates": [
          30.745892,
          40.214551
        ]
      }
    },
    {
      "type": "Feature",
      "properties": {
        "name": "Araunia",
        "desc": "An ancient place, cited: BAtlas 86 B3 Araunia",
        "name_tr": "Araunia",
        "desc_tr": "Antik Kenti, Ref.: BAtlas 86 B3 Araunia"
      },
      "geometry": {
        "type": "Point",
        "coordinates": [
          31.782408,
          40.0337215
        ]
      }
    },
    {
      "type": "Feature",
      "properties": {
        "name": "Armene",
        "desc": "An ancient place, cited: BAtlas 86 F1 Armene",
        "name_tr": "Armene",
        "desc_tr": "Antik Kenti, Ref.: BAtlas 86 F1 Armene"
      },
      "geometry": {
        "type": "Point",
        "coordinates": [
          35.041878,
          42.049231
        ]
      }
    },
    {
      "type": "Feature",
      "properties": {
        "name": "*Artiknos",
        "desc": "An ancient place, cited: BAtlas 86 C3 *Artiknos",
        "name_tr": "*Artiknos",
        "desc_tr": "Antik kenti, Ref.: BAtlas 86 C3 *Artiknos"
      },
      "geometry": {
        "type": "Point",
        "coordinates": [
          32.189443,
          40.163888
        ]
      }
    },
    {
      "type": "Feature",
      "properties": {
        "name": "Ayman Yaylası",
        "desc": "An ancient place, cited: BAtlas 86 B3 Ayman Yaylası",
        "name_tr": "Ayman Yaylası",
        "desc_tr": "An ancient place, cited: BAtlas 86 B3 Ayman Yaylası"
      },
      "geometry": {
        "type": "Point",
        "coordinates": [
          31.600672,
          40.583829
        ]
      }
    },
    {
      "type": "Feature",
      "properties": {
        "name": "Balgatia",
        "desc": "An ancient place, cited: BAtlas 86 B3 Balgatia",
        "name_tr": "Balgatia",
        "desc_tr": "Antik Kenti, Ref.: BAtlas 86 B3 Balgatia"
      },
      "geometry": {
        "type": "Point",
        "coordinates": [
          31.612625,
          40.151738
        ]
      }
    },
    {
      "type": "Feature",
      "properties": {
        "name": "Bithynion/Claudiopolis/Hadriana",
        "desc": "An ancient settlement in Bithynia, modern Bolu in Turkey.",
        "name_tr": "Bithynion/Claudiopolis/Hadriana",
        "desc_tr": "Türkiye'nin Bolu ili sınırları içerisinde yer alan Bithynia bölgesinde bulunan antik bir yerleşim yeri."
      },
      "geometry": {
        "type": "Point",
        "coordinates": [
          31.5858565,
          40.7561925
        ]
      }
    },
    {
      "type": "Feature",
      "properties": {
        "name": "*Bonita",
        "desc": "An ancient place, cited: BAtlas 86 D2 *Bonita",
        "name_tr": "*Bonita",
        "desc_tr": "Antik Kenti, Ref.: BAtlas 86 D2 *Bonita"
      },
      "geometry": {
        "type": "Point",
        "coordinates": [
          33.125022,
          41.48741
        ]
      }
    },
    {
      "type": "Feature",
      "properties": {
        "name": "Carus Vicus",
        "desc": "An ancient place, cited: BAtlas 86 C3 Carus Vicus",
        "name_tr": "Carus Vicus",
        "desc_tr": "Alıntı yapılan eski bir yer: BAtlas 86 C3 Carus Vicus"
      },
      "geometry": {
        "type": "Point",
        "coordinates": [
          32.204175,
          40.482434
        ]
      }
    },
    {
      "type": "Feature",
      "properties": {
        "name": "Çavuşlar",
        "desc": "An ancient place, cited: BAtlas 86 C2 Çavuşlar",
        "name_tr": "Çavuşlar",
        "desc_tr": "Antik Kenti, Ref.: BAtlas 86 C2 Çavuşlar"
      },
      "geometry": {
        "type": "Point",
        "coordinates": [
          32.738346,
          41.188292
        ]
      }
    },
    {
      "type": "Feature",
      "properties": {
        "name": "‘Cenon Gallicanon’?",
        "desc": "An ancient place, cited: BAtlas 86 A3 ‘Cenon Gallicanon’?",
        "name_tr": "‘Cenon Gallicanon’?",
        "desc_tr": "Antik kenti, Ref.: BAtlas 86 A3 'Cenon Gallicanon'?"
      },
      "geometry": {
        "type": "Point",
        "coordinates": [
          30.73047,
          40.421295
        ]
      }
    },
    {
      "type": "Feature",
      "properties": {
        "name": "Çetikören",
        "desc": "An ancient place, cited: BAtlas 86 B3 Çetikören",
        "name_tr": "Çetikören",
        "desc_tr": "Antik Kenti, Ref.: BAtlas 86 B3 Çetikören"
      },
      "geometry": {
        "type": "Point",
        "coordinates": [
          31.915543,
          40.685453
        ]
      }
    },
    {
      "type": "Feature",
      "properties": {
        "name": "Çömlekçi",
        "desc": "An ancient place, cited: BAtlas 86 B2 Çömlekçi",
        "name_tr": "Çömlekçi",
        "desc_tr": "An ancient place, cited: BAtlas 86 B2 Çömlekçi"
      },
      "geometry": {
        "type": "Point",
        "coordinates": [
          31.612976,
          41.114919
        ]
      }
    },
    {
      "type": "Feature",
      "properties": {
        "name": "Dadokome",
        "desc": "An ancient place, cited: BAtlas 86 B3 Dadokome",
        "name_tr": "Dadokome",
        "desc_tr": "Antik Kenti, Ref.: BAtlas 86 B3 Dadokome"
      },
      "geometry": {
        "type": "Point",
        "coordinates": [
          31.9008345,
          40.7752785
        ]
      }
    },
    {
      "type": "Feature",
      "properties": {
        "name": "Dadybra",
        "desc": "An ancient place, cited: BAtlas 86 B2 Dadybra",
        "name_tr": "Dadybra",
        "desc_tr": "Antik Kenti, Ref.: BAtlas 86 B2 Dadybra"
      },
      "geometry": {
        "type": "Point",
        "coordinates": [
          31.945445,
          41.2230875
        ]
      }
    },
    {
      "type": "Feature",
      "properties": {
        "name": "Demirciler",
        "desc": "An ancient place, cited: BAtlas 86 C3 Demirciler",
        "name_tr": "Demirciler",
        "desc_tr": "Antik Kenti, Ref.: BAtlas 86 C3 Demirciler"
      },
      "geometry": {
        "type": "Point",
        "coordinates": [
          32.031574,
          40.988902
        ]
      }
    },
    {
      "type": "Feature",
      "properties": {
        "name": "Dereköy",
        "desc": "An ancient place, cited: BAtlas 86 B3 Dereköy",
        "name_tr": "Dereköy",
        "desc_tr": "Antik Kenti, Ref.: BAtlas 86 B3 Dereköy"
      },
      "geometry": {
        "type": "Point",
        "coordinates": [
          31.893544,
          40.836893
        ]
      }
    },
    {
      "type": "Feature",
      "properties": {
        "name": "Dia/Diospolis",
        "desc": "An ancient place, cited: BAtlas 86 B2 Dia/Diospolis",
        "name_tr": "Dia/Diospolis",
        "desc_tr": "Antik Kenti, Ref.: BAtlas 86 B2 Dia/Diospolis"
      },
      "geometry": {
        "type": "Point",
        "coordinates": [
          31.123807,
          41.087499
        ]
      }
    },
    {
      "type": "Feature",
      "properties": {
        "name": "Elaios",
        "desc": "An ancient place, cited: BAtlas 86 B2 Elaios",
        "name_tr": "Elaios",
        "desc_tr": "Antik Kenti, Ref.: BAtlas 86 B2 Elaios"
      },
      "geometry": {
        "type": "Point",
        "coordinates": [
          31.297325,
          41.115693
        ]
      }
    },
    {
      "type": "Feature",
      "properties": {
        "name": "Embolos",
        "desc": "Robert argued for reading \"ἔμβολος\" in a fragmentary funerary epigram found in the area of Beyköy, Turkey, as a toponym. He argues, with reference to early travelers' accounts of antiquities in the area, for a nearby location for this putative settlement, probably up the gorge of the Ugursuyu.",
        "name_tr": "Embolos",
        "desc_tr": "Robert, Türkiye'nin Beyköy bölgesinde bulunan parçalı bir mezar epigramında &quot;ἔμβολος&quot; kelimesinin yer adı olarak okunması gerektiğini savundu. Bölgedeki antik eserlere dair ilk gezginlerin anlatımlarına atıfta bulunarak, bu varsayımsal yerleşimin muhtemelen Uğursuyu vadisinde, yakınlarda bir yerde bulunduğunu ileri sürdü."
      },
      "geometry": {
        "type": "Point",
        "coordinates": [
          31.1801825,
          40.7775785
        ]
      }
    },
    {
      "type": "Feature",
      "properties": {
        "name": "*Endeira",
        "desc": "An ancient place, cited: BAtlas 86 C3 *Endeira",
        "name_tr": "*Endeira",
        "desc_tr": "Antik Kenti, Ref.: BAtlas 86 C3 *Endeira"
      },
      "geometry": {
        "type": "Point",
        "coordinates": [
          32.6385675,
          40.9676475
        ]
      }
    },
    {
      "type": "Feature",
      "properties": {
        "name": "*Ergobrotis",
        "desc": "An ancient place, cited: BAtlas 86 C3 *Ergobrotis",
        "name_tr": "*Ergobrotis",
        "desc_tr": "Antik Kenti, Ref.: BAtlas 86 C3 *Ergobrotis"
      },
      "geometry": {
        "type": "Point",
        "coordinates": [
          32.149947,
          40.133759
        ]
      }
    },
    {
      "type": "Feature",
      "properties": {
        "name": "Eryth(r)inoi",
        "desc": "An ancient place, cited: BAtlas 86 C2 Eryth(r)inoi",
        "name_tr": "Eryth(r)inoi",
        "desc_tr": "Antik kenti, Ref.: BAtlas 86 C2 Eryth(r)inoi"
      },
      "geometry": {
        "type": "Point",
        "coordinates": [
          32.484075,
          41.779469
        ]
      }
    },
    {
      "type": "Feature",
      "properties": {
        "name": "Gangra",
        "desc": "Also known as Germanicopolis or Germanopolis. An ancient settlement in Paphlagonia, modern Çankırı in Turkey.",
        "name_tr": "Gangra",
        "desc_tr": "Germanikopolis veya Germanopolis olarak da bilinir. Türkiye'nin günümüzde Çankırı sınırları içinde kalan Paphlagonia'da bulunan antik bir yerleşim yeri."
      },
      "geometry": {
        "type": "Point",
        "coordinates": [
          33.6134213,
          40.6013428
        ]
      }
    },
    {
      "type": "Feature",
      "properties": {
        "name": "Garios",
        "desc": "An ancient place, cited: BAtlas 86 D2 Garios",
        "name_tr": "Garios",
        "desc_tr": "Antik Kenti, Ref.: BAtlas 86 D2 Garios"
      },
      "geometry": {
        "type": "Point",
        "coordinates": [
          33.569007,
          41.9888345
        ]
      }
    },
    {
      "type": "Feature",
      "properties": {
        "name": "Gebeler",
        "desc": "An ancient place, cited: BAtlas 86 C3 Gebeler",
        "name_tr": "Gebeler",
        "desc_tr": "Antik Kenti, Ref.: BAtlas 86 C3 Gebeler"
      },
      "geometry": {
        "type": "Point",
        "coordinates": [
          32.448444,
          40.634697
        ]
      }
    },
    {
      "type": "Feature",
      "properties": {
        "name": "Gökçeağaç",
        "desc": "An ancient place, cited: BAtlas 86 E2 Gökçeağaç",
        "name_tr": "Gökçeağaç",
        "desc_tr": "An ancient place, cited: BAtlas 86 E2 Gökçeağaç"
      },
      "geometry": {
        "type": "Point",
        "coordinates": [
          34.429524,
          41.633325
        ]
      }
    },
    {
      "type": "Feature",
      "properties": {
        "name": "Gökçesu",
        "desc": "An ancient place, cited: BAtlas 86 B3 Gökçesu",
        "name_tr": "Gökçesu",
        "desc_tr": "Antik Kenti, Ref.: BAtlas 86 B3 Gökçesu"
      },
      "geometry": {
        "type": "Point",
        "coordinates": [
          31.905856,
          40.906522
        ]
      }
    },
    {
      "type": "Feature",
      "properties": {
        "name": "Gordioukome/Iuliopolis",
        "desc": "An ancient place, cited: BAtlas 86 B3 Gordioukome/Iuliopolis",
        "name_tr": "Gordioukome/Iuliopolis",
        "desc_tr": "Antik Kenti, Ref.: BAtlas 86 B3 Gordioukome/Iuliopolis"
      },
      "geometry": {
        "type": "Point",
        "coordinates": [
          31.6450025,
          40.107062
        ]
      }
    },
    {
      "type": "Feature",
      "properties": {
        "name": "Hamamözü",
        "desc": "An ancient place, cited: BAtlas 86 F3 Hamamözü",
        "name_tr": "Hamamözü",
        "desc_tr": "An ancient place, cited: BAtlas 86 F3 Hamamözü"
      },
      "geometry": {
        "type": "Point",
        "coordinates": [
          34.927699,
          40.821015
        ]
      }
    },
    {
      "type": "Feature",
      "properties": {
        "name": "Heraclea",
        "desc": "An ancient settlement on the Black Sea coast of Asia Minor at modern Karadeniz Ereğli in Turkey. It is often referred to as Heraclea Pontica (or Heraclea in Pontus) to distinguish it from other cities with the same name.",
        "name_tr": "Heraclea",
        "desc_tr": "Türkiye'nin Karadeniz Ereğli bölgesinde, Küçük Asya'nın Karadeniz kıyısında yer alan antik bir yerleşim yeri. Aynı adı taşıyan diğer şehirlerden ayırt etmek için genellikle Heraclea Pontica (veya Pontus dilinde Heraclea) olarak anılır."
      },
      "geometry": {
        "type": "Point",
        "coordinates": [
          31.4174136667,
          41.2832553333
        ]
      }
    },
    {
      "type": "Feature",
      "properties": {
        "name": "*Hieronpotamon",
        "desc": "An ancient place, cited: BAtlas 86 B3 *Hieronpotamon",
        "name_tr": "*Hieronpotamon",
        "desc_tr": "Antik Kenti, Ref.: BAtlas 86 B3 *Hieronpotamon"
      },
      "geometry": {
        "type": "Point",
        "coordinates": [
          31.690195,
          40.082671
        ]
      }
    },
    {
      "type": "Feature",
      "properties": {
        "name": "Horma",
        "desc": "An ancient place, cited: BAtlas 86 D2 Horma",
        "name_tr": "Horma",
        "desc_tr": "Antik Kenti, Ref.: BAtlas 86 D2 Horma"
      },
      "geometry": {
        "type": "Point",
        "coordinates": [
          33.121155,
          41.631164
        ]
      }
    },
    {
      "type": "Feature",
      "properties": {
        "name": "Ikotarion?",
        "desc": "An ancient place, cited: BAtlas 86 D3 Ikotarion?",
        "name_tr": "Ikotarion?",
        "desc_tr": "Antik kenti, Ref.: BAtlas 86 D3 İkotarion?"
      },
      "geometry": {
        "type": "Point",
        "coordinates": [
          33.141673,
          40.2475
        ]
      }
    },
    {
      "type": "Feature",
      "properties": {
        "name": "İlbarut",
        "desc": "An ancient place, cited: BAtlas 86 C2 İlbarut",
        "name_tr": "İlbarut",
        "desc_tr": "Antik Kenti, Ref.: BAtlas 86 C2 İlbarut"
      },
      "geometry": {
        "type": "Point",
        "coordinates": [
          32.793636,
          41.187761
        ]
      }
    },
    {
      "type": "Feature",
      "properties": {
        "name": "Kaisareia/Hadrianopolis/Proseilemmene",
        "desc": "An ancient place, cited: BAtlas 86 C3 Kaisareia/Hadrianopolis/Proseilemmene",
        "name_tr": "Kaisareia/Hadrianopolis/Proseilemmene",
        "desc_tr": "Antik bölge, Ref.: BAtlas 86 C3 Kaisareia/Hadrianopolis/Proseilemmene"
      },
      "geometry": {
        "type": "Point",
        "coordinates": [
          32.4913727,
          40.9259818
        ]
      }
    },
    {
      "type": "Feature",
      "properties": {
        "name": "Kalekapı",
        "desc": "An ancient place, cited: BAtlas 86 E2 Kalekapı",
        "name_tr": "Kalekapı",
        "desc_tr": "Antik Kenti, Ref.: BAtlas 86 E2 Kalekapı"
      },
      "geometry": {
        "type": "Point",
        "coordinates": [
          34.073832,
          41.56281
        ]
      }
    },
    {
      "type": "Feature",
      "properties": {
        "name": "Kales",
        "desc": "An ancient place, cited: BAtlas 86 B2 Kales",
        "name_tr": "Kales",
        "desc_tr": "Antik Kenti, Ref.: BAtlas 86 B2 Kales"
      },
      "geometry": {
        "type": "Point",
        "coordinates": [
          31.387409,
          41.18195
        ]
      }
    },
    {
      "type": "Feature",
      "properties": {
        "name": "Kandamış",
        "desc": "An ancient place, cited: BAtlas 86 B3 Kandamış",
        "name_tr": "Kandamış",
        "desc_tr": "Antik Kenti, Ref.: BAtlas 86 B3 Kandamış"
      },
      "geometry": {
        "type": "Point",
        "coordinates": [
          31.765762,
          40.824771
        ]
      }
    },
    {
      "type": "Feature",
      "properties": {
        "name": "Kandara?",
        "desc": "An ancient place, cited: BAtlas 86 D3 Kandara?",
        "name_tr": "Kandara?",
        "desc_tr": "Antik Kenti, Ref.: BAtlas 86 D3 Kandara?"
      },
      "geometry": {
        "type": "Point",
        "coordinates": [
          33.616335,
          40.936133
        ]
      }
    },
    {
      "type": "Feature",
      "properties": {
        "name": "Karakoyunlu",
        "desc": "An ancient place, cited: BAtlas 86 C2 Karakoyunlu",
        "name_tr": "Karakoyunlu",
        "desc_tr": "An ancient place, cited: BAtlas 86 C2 Karakoyunlu"
      },
      "geometry": {
        "type": "Point",
        "coordinates": [
          32.880417,
          41.14371
        ]
      }
    },
    {
      "type": "Feature",
      "properties": {
        "name": "Karambis (Pontus)",
        "desc": "Karambis or Carambis was an ancient city of Paphlagonia. The ancient site is tentatively located near Fakas in Asiatic Turkey.",
        "name_tr": "Karambis (Pontus)",
        "desc_tr": "Karambis veya Carambis, Paphlagonia'nın antik bir şehriydi. Antik yerleşim yeri, geçici olarak Asya Türkiye'sindeki Fakas yakınlarında bulunmaktadır."
      },
      "geometry": {
        "type": "Point",
        "coordinates": [
          33.369673,
          42.013625
        ]
      }
    },
    {
      "type": "Feature",
      "properties": {
        "name": "*Karza",
        "desc": "An ancient place, cited: BAtlas 86 C3 *Karza",
        "name_tr": "*Karza",
        "desc_tr": "Antik Kenti, Ref.: BAtlas 86 C3 *Karza"
      },
      "geometry": {
        "type": "Point",
        "coordinates": [
          32.524451,
          40.996009
        ]
      }
    },
    {
      "type": "Feature",
      "properties": {
        "name": "Kastamonu",
        "desc": "An ancient place, cited: BAtlas 86 D2 Kastamonu",
        "name_tr": "Kastamonu",
        "desc_tr": "Antik Kenti, Ref.: BAtlas 86 D2 Kastamonu"
      },
      "geometry": {
        "type": "Point",
        "coordinates": [
          33.750059,
          41.3876875
        ]
      }
    },
    {
      "type": "Feature",
      "properties": {
        "name": "Katapaspanas",
        "desc": "An ancient place, cited: BAtlas 86 A3 Katapaspanas",
        "name_tr": "Katapaspanas",
        "desc_tr": "Alıntı yapılan eski bir yer: BAtlas 86 A3 Katapaspanas"
      },
      "geometry": {
        "type": "Point",
        "coordinates": [
          30.603109,
          40.238261
        ]
      }
    },
    {
      "type": "Feature",
      "properties": {
        "name": "Kavacik",
        "desc": "An ancient place, cited: BAtlas 86 C3 Kavacik",
        "name_tr": "Kavacik",
        "desc_tr": "Antik Kenti, Ref.: BAtlas 86 C3 Kavacik"
      },
      "geometry": {
        "type": "Point",
        "coordinates": [
          32.134404,
          40.998598
        ]
      }
    },
    {
      "type": "Feature",
      "properties": {
        "name": "Kimiata",
        "desc": "An ancient place, cited: BAtlas 86 D3 Kimiata",
        "name_tr": "Kimiata",
        "desc_tr": "Antik Kenti, Ref.: BAtlas 86 D3 Kimiata"
      },
      "geometry": {
        "type": "Point",
        "coordinates": [
          33.67864,
          40.994204
        ]
      }
    },
    {
      "type": "Feature",
      "properties": {
        "name": "*Kimista",
        "desc": "An ancient place, cited: BAtlas 86 C3 *Kimista",
        "name_tr": "*Kimista",
        "desc_tr": "Antik Kenti, Ref.: BAtlas 86 C3 *Kimista"
      },
      "geometry": {
        "type": "Point",
        "coordinates": [
          32.585455,
          40.98429
        ]
      }
    },
    {
      "type": "Feature",
      "properties": {
        "name": "*Klossama",
        "desc": "An ancient place, cited: BAtlas 86 D3 *Klossama",
        "name_tr": "*Klossama",
        "desc_tr": "Antik Kenti, Ref.: BAtlas 86 D3 *Klossama"
      },
      "geometry": {
        "type": "Point",
        "coordinates": [
          33.157543,
          40.259323
        ]
      }
    },
    {
      "type": "Feature",
      "properties": {
        "name": "*Kobara",
        "desc": "An ancient place, cited: BAtlas 86 D3 *Kobara",
        "name_tr": "*Kobara",
        "desc_tr": "Antik Kenti, Ref.: BAtlas 86 D3 *Kobara"
      },
      "geometry": {
        "type": "Point",
        "coordinates": [
          33.6158945,
          40.558037
        ]
      }
    },
    {
      "type": "Feature",
      "properties": {
        "name": "Koloussa",
        "desc": "An ancient place, cited: BAtlas 86 E2 Koloussa",
        "name_tr": "Koloussa",
        "desc_tr": "Alıntı yapılan antik bir yer: BAtlas 86 E2 Koloussa"
      },
      "geometry": {
        "type": "Point",
        "coordinates": [
          34.27145,
          41.947448
        ]
      }
    },
    {
      "type": "Feature",
      "properties": {
        "name": "*Konkarztiakon",
        "desc": "An ancient place, cited: BAtlas 86 D3 *Konkarztiakon",
        "name_tr": "*Konkarztiakon",
        "desc_tr": "Antik Kenti, Ref.: BAtlas 86 D3 *Konkarztiakon"
      },
      "geometry": {
        "type": "Point",
        "coordinates": [
          33.269148,
          40.218648
        ]
      }
    },
    {
      "type": "Feature",
      "properties": {
        "name": "Krateia/Flaviopolis/*Agrippeia?",
        "desc": "An ancient place, cited: BAtlas 86 C3 Krateia/Flaviopolis/*Agrippeia?",
        "name_tr": "Krateia/Flaviopolis/*Agrippeia?",
        "desc_tr": "Antik kenti, Ref.: BAtlas 86 C3 Krateia/Flaviopolis/*Agrippeia?"
      },
      "geometry": {
        "type": "Point",
        "coordinates": [
          32.1649185,
          40.812102
        ]
      }
    },
    {
      "type": "Feature",
      "properties": {
        "name": "Kromna",
        "desc": "Kromna was a Milesian apoikía located on the Paphlagonian coast of the Black Sea, the modern Tekkeönü.",
        "name_tr": "Kromna",
        "desc_tr": "Kromna, Karadeniz'in Paphlagonia kıyısında, bugünkü Tekkeönü'nde bulunan bir Milet apoikyasıydı."
      },
      "geometry": {
        "type": "Point",
        "coordinates": [
          32.651063,
          41.838242
        ]
      }
    },
    {
      "type": "Feature",
      "properties": {
        "name": "Kurtoğlu",
        "desc": "An ancient place, cited: BAtlas 86 C2 Kurtoğlu",
        "name_tr": "Kurtoğlu",
        "desc_tr": "An ancient place, cited: BAtlas 86 C2 Kurtoğlu"
      },
      "geometry": {
        "type": "Point",
        "coordinates": [
          32.950163,
          41.474315
        ]
      }
    },
    {
      "type": "Feature",
      "properties": {
        "name": "Kyptasia",
        "desc": "An ancient place, cited: BAtlas 86 F2 Kyptasia",
        "name_tr": "Kyptasia",
        "desc_tr": "Antik Kenti, Ref.: BAtlas 86 F2 Kyptasia"
      },
      "geometry": {
        "type": "Point",
        "coordinates": [
          35.068707,
          41.92842
        ]
      }
    },
    {
      "type": "Feature",
      "properties": {
        "name": "Kytoros",
        "desc": "An ancient place, cited: BAtlas 86 C2 Kytoros",
        "name_tr": "Kytoros",
        "desc_tr": "Antik Kenti, Ref.: BAtlas 86 C2 Kytoros"
      },
      "geometry": {
        "type": "Point",
        "coordinates": [
          32.897814,
          41.861928
        ]
      }
    },
    {
      "type": "Feature",
      "properties": {
        "name": "Lilaios",
        "desc": "An ancient place, cited: BAtlas 86 B2 Lilaios",
        "name_tr": "Lilaios",
        "desc_tr": "Antik Kenti, Ref.: BAtlas 86 B2 Lilaios"
      },
      "geometry": {
        "type": "Point",
        "coordinates": [
          31.186582,
          41.09037
        ]
      }
    },
    {
      "type": "Feature",
      "properties": {
        "name": "Malos",
        "desc": "An ancient place, cited: BAtlas 86 D3 Malos",
        "name_tr": "Malos",
        "desc_tr": "Antik Kenti, Ref.: BAtlas 86 D3 Malos"
      },
      "geometry": {
        "type": "Point",
        "coordinates": [
          33.34095,
          40.126533
        ]
      }
    },
    {
      "type": "Feature",
      "properties": {
        "name": "Mantineion",
        "desc": "An ancient place, cited: BAtlas 86 C3 Mantineion",
        "name_tr": "Mantineion",
        "desc_tr": "Antik Kenti, Ref.: BAtlas 86 C3 Mantineion"
      },
      "geometry": {
        "type": "Point",
        "coordinates": [
          32.019212,
          40.8073395
        ]
      }
    },
    {
      "type": "Feature",
      "properties": {
        "name": "Marsylla/Kallistratia?",
        "desc": "An ancient place, cited: BAtlas 86 D1 Marsylla/Kallistratia?",
        "name_tr": "Marsylla/Kallistratia?",
        "desc_tr": "Antik kenti, Ref.: BAtlas 86 D1 Marsylla/Kallistratia?"
      },
      "geometry": {
        "type": "Point",
        "coordinates": [
          33.405624,
          42.002968
        ]
      }
    },
    {
      "type": "Feature",
      "properties": {
        "name": "Mnizos",
        "desc": "An ancient place, cited: BAtlas 86 C3 Mnizos",
        "name_tr": "Mnizos",
        "desc_tr": "Antik Kenti, Ref.: BAtlas 86 C3 Mnizos"
      },
      "geometry": {
        "type": "Point",
        "coordinates": [
          32.2489715,
          40.04443
        ]
      }
    },
    {
      "type": "Feature",
      "properties": {
        "name": "Modra",
        "desc": "An ancient place, cited: BAtlas 86 B3 Modra",
        "name_tr": "Modra",
        "desc_tr": "Antik Kenti, Ref.: BAtlas 86 B3 Modra"
      },
      "geometry": {
        "type": "Point",
        "coordinates": [
          31.143478,
          40.488963
        ]
      }
    },
    {
      "type": "Feature",
      "properties": {
        "name": "Mokata?",
        "desc": "An ancient place, cited: BAtlas 86 C2 Mokata?",
        "name_tr": "Mokata?",
        "desc_tr": "Antik Kenti, Ref.: BAtlas 86 C2 Mokata?"
      },
      "geometry": {
        "type": "Point",
        "coordinates": [
          32.17035,
          41.61294
        ]
      }
    },
    {
      "type": "Feature",
      "properties": {
        "name": "Örenşehir",
        "desc": "An ancient place, cited: BAtlas 86 D3 Örenşehir",
        "name_tr": "Örenşehir",
        "desc_tr": "Antik Kenti, Ref.: BAtlas 86 D3 Örenşehir"
      },
      "geometry": {
        "type": "Point",
        "coordinates": [
          33.128824,
          40.692981
        ]
      }
    },
    {
      "type": "Feature",
      "properties": {
        "name": "Parthenia",
        "desc": "An ancient place, cited: BAtlas 86 C2 Parthenia",
        "name_tr": "Parthenia",
        "desc_tr": "Antik Kenti, Ref.: BAtlas 86 C2 Parthenia"
      },
      "geometry": {
        "type": "Point",
        "coordinates": [
          32.33898,
          41.631543
        ]
      }
    },
    {
      "type": "Feature",
      "properties": {
        "name": "Pimolisa",
        "desc": "A fortified town of Paphlagonia on the Halys river, Pimolisa had been destroyed by Strabo's time. The district retained a memory of its name, however.",
        "name_tr": "Pimolisa",
        "desc_tr": "Kızılırmak kıyısındaki Paphlagonia'nın müstahkem bir kasabası olan Pimolisa, Strabon zamanında yıkılmıştı. Ancak bölge, adının hatırasını korudu."
      },
      "geometry": {
        "type": "Point",
        "coordinates": [
          34.8062245,
          40.9780582
        ]
      }
    },
    {
      "type": "Feature",
      "properties": {
        "name": "Pompeiopolis/Sebaste",
        "desc": "Pompeiopolis/Sebaste, in Paphlagonia, was founded under Pompeius in 64 B.C. in the valley of the Amnias river. The ancient site, known today as Zımbıllı Tepesi Höyüğü, is located across the river (modern Gökırmak) from modern Taşköprü in Turkey.",
        "name_tr": "Pompeiopolis/Sebaste",
        "desc_tr": "Paphlagonia'daki Pompeiopolis/Sebaste, MÖ 64 yılında Pompeius tarafından Amnias Nehri vadisinde kurulmuştur. Günümüzde Zımbıllı Tepesi Höyüğü olarak bilinen antik yerleşim, Türkiye'deki Taşköprü'nün karşısında, nehrin (günümüzde Gökırmak) kıyısında yer almaktadır."
      },
      "geometry": {
        "type": "Point",
        "coordinates": [
          34.2140725414,
          41.5184191111
        ]
      }
    },
    {
      "type": "Feature",
      "properties": {
        "name": "Prusias ad Hypium/Kieros",
        "desc": "An ancient place, cited: BAtlas 86 B3 Prusias ad Hypium/Kieros",
        "name_tr": "Prusias ad Hypium/Kieros",
        "desc_tr": "Alıntı yapılan eski bir yer: BAtlas 86 B3 Prusias ad Hypium/Kieros"
      },
      "geometry": {
        "type": "Point",
        "coordinates": [
          31.1204086667,
          40.9141913333
        ]
      }
    },
    {
      "type": "Feature",
      "properties": {
        "name": "Psylla",
        "desc": "An ancient place, cited: BAtlas 86 B2 Psylla",
        "name_tr": "Psylla",
        "desc_tr": "Antik Kenti, Ref.: BAtlas 86 B2 Psylla"
      },
      "geometry": {
        "type": "Point",
        "coordinates": [
          31.910681,
          41.5145325
        ]
      }
    },
    {
      "type": "Feature",
      "properties": {
        "name": "Sandarake",
        "desc": "An ancient place, cited: BAtlas 86 B2 Sandarake",
        "name_tr": "Sandarake",
        "desc_tr": "Antik Kenti, Ref.: BAtlas 86 B2 Sandarake"
      },
      "geometry": {
        "type": "Point",
        "coordinates": [
          31.786683,
          41.4566075
        ]
      }
    },
    {
      "type": "Feature",
      "properties": {
        "name": "Sora",
        "desc": "An ancient place, cited: BAtlas 86 C2 Sora",
        "name_tr": "Sora",
        "desc_tr": "Antik Kenti, Ref.: BAtlas 86 C2 Sora"
      },
      "geometry": {
        "type": "Point",
        "coordinates": [
          32.6224,
          41.139609
        ]
      }
    },
    {
      "type": "Feature",
      "properties": {
        "name": "Stephane",
        "desc": "An ancient place, cited: BAtlas 86 E2 Stephane",
        "name_tr": "Stephane",
        "desc_tr": "Antik Kenti, Ref.: BAtlas 86 E2 Stephane"
      },
      "geometry": {
        "type": "Point",
        "coordinates": [
          34.539625,
          41.9522875
        ]
      }
    },
    {
      "type": "Feature",
      "properties": {
        "name": "Thymena/Teuthrania?",
        "desc": "An ancient place, cited: BAtlas 86 D2 Thymena/Teuthrania?",
        "name_tr": "Thymena/Teuthrania?",
        "desc_tr": "Antik Kenti, Ref.: BAtlas 86 D2 Thymena/Teuthrania?"
      },
      "geometry": {
        "type": "Point",
        "coordinates": [
          33.189074,
          41.958253
        ]
      }
    },
    {
      "type": "Feature",
      "properties": {
        "name": "Timolaion",
        "desc": "An ancient place, cited: BAtlas 86 D1 Timolaion",
        "name_tr": "Timolaion",
        "desc_tr": "Antik Kenti, Ref.: BAtlas 86 D1 Timolaion"
      },
      "geometry": {
        "type": "Point",
        "coordinates": [
          33.31682,
          41.997734
        ]
      }
    },
    {
      "type": "Feature",
      "properties": {
        "name": "Tios/Tieion",
        "desc": "An ancient place, cited: BAtlas 86 C2 Tios/Tieion",
        "name_tr": "Tios/Tieion",
        "desc_tr": "Antik Kenti, Ref.: BAtlas 86 C2 Tios/Tieion"
      },
      "geometry": {
        "type": "Point",
        "coordinates": [
          32.03150954,
          41.5711743668
        ]
      }
    },
    {
      "type": "Feature",
      "properties": {
        "name": "Yagbaşlar",
        "desc": "An ancient place, cited: BAtlas 86 B3 Yagbaşlar",
        "name_tr": "Yagbaşlar",
        "desc_tr": "Antik Kenti, Ref.: BAtlas 86 B3 Yagbaşlar"
      },
      "geometry": {
        "type": "Point",
        "coordinates": [
          31.931324,
          40.714941
        ]
      }
    },
    {
      "type": "Feature",
      "properties": {
        "name": "Yılanlı",
        "desc": "An ancient place, cited: BAtlas 86 C3 Yılanlı",
        "name_tr": "Yılanlı",
        "desc_tr": "An ancient place, cited: BAtlas 86 C3 Yılanlı"
      },
      "geometry": {
        "type": "Point",
        "coordinates": [
          32.154288,
          40.433652
        ]
      }
    },
    {
      "type": "Feature",
      "properties": {
        "name": "Yukarıkaraören",
        "desc": "An ancient place, cited: BAtlas 86 C3 Yukarıkaraören",
        "name_tr": "Yukarıkaraören",
        "desc_tr": "An ancient place, cited: BAtlas 86 C3 Yukarıkaraören"
      },
      "geometry": {
        "type": "Point",
        "coordinates": [
          32.706514,
          40.428045
        ]
      }
    },
    {
      "type": "Feature",
      "properties": {
        "name": "*Zeita",
        "desc": "An ancient place, cited: BAtlas 86 C3 *Zeita",
        "name_tr": "*Zeita",
        "desc_tr": "Alıntı yapılan eski bir yer: BAtlas 86 C3 *Zeita"
      },
      "geometry": {
        "type": "Point",
        "coordinates": [
          32.785639,
          40.933121
        ]
      }
    },
    {
      "type": "Feature",
      "properties": {
        "name": "Ziporea",
        "desc": "An ancient place, cited: BAtlas 86 D2 Ziporea",
        "name_tr": "Ziporea",
        "desc_tr": "Antik Kenti, Ref.: BAtlas 86 D2 Ziporea"
      },
      "geometry": {
        "type": "Point",
        "coordinates": [
          33.1191805,
          41.5715265
        ]
      }
    },
    {
      "type": "Feature",
      "properties": {
        "name": "Trikomia 3",
        "desc": "One of several \"Trikomiai\" attested in the ancient Greek and Roman world. This presumed settlement cannot be located today, but probably lay in what is today the country of Turkey, somewhere between Dorylaion (Eskişehir) and Pessinous (Ballıhisar).",
        "name_tr": "Trikomia 3",
        "desc_tr": "Antik Yunan ve Roma dünyasında belgelenmiş birçok &quot;Trikomiai&quot;den biri. Bu varsayılan yerleşim yeri bugün bulunamasa da, muhtemelen bugün Türkiye sınırları içinde, Dorylaion (Eskişehir) ve Pessinous (Ballıhisar) arasında bir yerde bulunuyordu."
      },
      "geometry": {
        "type": "Point",
        "coordinates": [
          30.84518185,
          39.80007435
        ]
      }
    },
    {
      "type": "Feature",
      "properties": {
        "name": "Ancyra",
        "desc": "An ancient settlement and later fortified settlement that served as the seat of the koinon of Galatia and capital of the subsequent Roman province. Modern Ankara in Turkey.",
        "name_tr": "Ancyra",
        "desc_tr": "Galatya koinonunun merkezi ve daha sonraki Roma eyaletinin başkenti olarak hizmet veren eski bir yerleşim yeri ve daha sonra müstahkem bir yerleşim yeri. Günümüzde Türkiye'de Ankara."
      },
      "geometry": {
        "type": "Point",
        "coordinates": [
          32.859333,
          39.9437925
        ]
      }
    },
    {
      "type": "Feature",
      "properties": {
        "name": "Andabalis",
        "desc": "Andabalis was a settlement of southern Cappadocia located northeast of Tyana.",
        "name_tr": "Andabalis",
        "desc_tr": "Andabalis, Tyana'nın kuzeydoğusunda bulunan Güney Kapadokya'nın bir yerleşim yeriydi."
      },
      "geometry": {
        "type": "Point",
        "coordinates": [
          34.67349,
          38.0394955
        ]
      }
    },
    {
      "type": "Feature",
      "properties": {
        "name": "*Andeira",
        "desc": "An ancient place, cited: BAtlas 63 A3 *Andeira",
        "name_tr": "*Andeira",
        "desc_tr": "Antik Kenti, Ref.: BAtlas 63 A3 *Andeira"
      },
      "geometry": {
        "type": "Point",
        "coordinates": [
          32.259416,
          38.80391
        ]
      }
    },
    {
      "type": "Feature",
      "properties": {
        "name": "*Androna",
        "desc": "An ancient place, cited: BAtlas 63 B1 *Androna",
        "name_tr": "*Androna",
        "desc_tr": "Antik Kenti, Ref.: BAtlas 63 B1 *Androna"
      },
      "geometry": {
        "type": "Point",
        "coordinates": [
          32.658027,
          39.630029
        ]
      }
    },
    {
      "type": "Feature",
      "properties": {
        "name": "*Anzoulada",
        "desc": "An ancient place, cited: BAtlas 63 C4 *Anzoulada",
        "name_tr": "*Anzoulada",
        "desc_tr": "Antik Kenti, Ref.: BAtlas 63 C4 *Anzoulada"
      },
      "geometry": {
        "type": "Point",
        "coordinates": [
          33.075334,
          38.339036
        ]
      }
    },
    {
      "type": "Feature",
      "properties": {
        "name": "*Area",
        "desc": "An ancient place, cited: BAtlas 63 B2 *Area",
        "name_tr": "*Area",
        "desc_tr": "Antik Kenti, Ref.: BAtlas 63 B2 *Alan"
      },
      "geometry": {
        "type": "Point",
        "coordinates": [
          32.855993,
          39.235808
        ]
      }
    },
    {
      "type": "Feature",
      "properties": {
        "name": "Aquae Saravenae",
        "desc": "An ancient place, cited: BAtlas 63 E2 Aquae Saravenae",
        "name_tr": "Aquae Saravenae",
        "desc_tr": "Alıntı yapılan eski bir yer: BAtlas 63 E2 Aquae Saravenae"
      },
      "geometry": {
        "type": "Point",
        "coordinates": [
          34.160473,
          39.146182
        ]
      }
    },
    {
      "type": "Feature",
      "properties": {
        "name": "*Aralla",
        "desc": "An ancient place, cited: BAtlas 63 A4 *Aralla",
        "name_tr": "*Aralla",
        "desc_tr": "Antik Kenti, Ref.: BAtlas 63 A4 *Aralla"
      },
      "geometry": {
        "type": "Point",
        "coordinates": [
          32.151896,
          38.434969
        ]
      }
    },
    {
      "type": "Feature",
      "properties": {
        "name": "Arianzos",
        "desc": "An ancient place, cited: BAtlas 63 E4 Arianzos",
        "name_tr": "Arianzos",
        "desc_tr": "Antik Kenti, Ref.: BAtlas 63 E4 Arianzos"
      },
      "geometry": {
        "type": "Point",
        "coordinates": [
          34.387768,
          38.2607085
        ]
      }
    },
    {
      "type": "Feature",
      "properties": {
        "name": "Aspona",
        "desc": "An ancient place, cited: BAtlas 63 C2 Aspona",
        "name_tr": "Aspona",
        "desc_tr": "Antik Kenti, Ref.: BAtlas 63 C2 Aspona"
      },
      "geometry": {
        "type": "Point",
        "coordinates": [
          33.307757,
          39.302241
        ]
      }
    },
    {
      "type": "Feature",
      "properties": {
        "name": "[*Balbissa]",
        "desc": "An ancient place, cited: BAtlas 63 F4 [*Balbissa]",
        "name_tr": "[*Balbissa]",
        "desc_tr": "Antik Kenti, Ref.: BAtlas 63 F4 [*Balbissa]"
      },
      "geometry": {
        "type": "Point",
        "coordinates": [
          34.6035745,
          38.1015395
        ]
      }
    },
    {
      "type": "Feature",
      "properties": {
        "name": "[Bardaetta]",
        "desc": "An ancient place, cited: BAtlas 63 A4 [Bardaetta]",
        "name_tr": "[Bardaetta]",
        "desc_tr": "Antik Kenti, Ref.: BAtlas 63 A4 [Bardaetta]"
      },
      "geometry": {
        "type": "Point",
        "coordinates": [
          32.4133715,
          38.2532735
        ]
      }
    },
    {
      "type": "Feature",
      "properties": {
        "name": "Basilika Therma",
        "desc": "An ancient place, cited: BAtlas 63 G2 Basilika Therma",
        "name_tr": "Basilika Therma",
        "desc_tr": "Antik Kenti, Ref.: BAtlas 63 G2 Basilika Therma"
      },
      "geometry": {
        "type": "Point",
        "coordinates": [
          35.2411795,
          39.499305
        ]
      }
    },
    {
      "type": "Feature",
      "properties": {
        "name": "Borissos",
        "desc": "An ancient place, cited: BAtlas 63 E4 Borissos",
        "name_tr": "Borissos",
        "desc_tr": "Antik Kenti, Ref.: BAtlas 63 E4 Borissos"
      },
      "geometry": {
        "type": "Point",
        "coordinates": [
          34.442649,
          38.348831
        ]
      }
    },
    {
      "type": "Feature",
      "properties": {
        "name": "Bulduk",
        "desc": "An ancient place, cited: BAtlas 63 B3 Bulduk",
        "name_tr": "Bulduk",
        "desc_tr": "Antik kenti, Ref.: BAtlas 63 B3 Bulduk"
      },
      "geometry": {
        "type": "Point",
        "coordinates": [
          32.755936,
          38.953918
        ]
      }
    },
    {
      "type": "Feature",
      "properties": {
        "name": "Çanakçı",
        "desc": "An ancient place, cited: BAtlas 63 A2 Çanakçı",
        "name_tr": "Çanakçı",
        "desc_tr": "An ancient place, cited: BAtlas 63 A2 Çanakçı"
      },
      "geometry": {
        "type": "Point",
        "coordinates": [
          32.089446,
          39.446895
        ]
      }
    },
    {
      "type": "Feature",
      "properties": {
        "name": "Cıhanbeylı",
        "desc": "An ancient place, cited: BAtlas 63 B3 Cıhanbeylı",
        "name_tr": "Cıhanbeylı",
        "desc_tr": "Antik Kenti, Ref.: BAtlas 63 B3 Cıhanbeyli"
      },
      "geometry": {
        "type": "Point",
        "coordinates": [
          32.93148,
          38.649087
        ]
      }
    },
    {
      "type": "Feature",
      "properties": {
        "name": "Comitanassus",
        "desc": "An ancient place, cited: BAtlas 63 C4 Comitanassus",
        "name_tr": "Comitanassus",
        "desc_tr": "Antik Kenti, Ref.: BAtlas 63 C4 Comitanassus"
      },
      "geometry": {
        "type": "Point",
        "coordinates": [
          33.3633795,
          38.1404025
        ]
      }
    },
    {
      "type": "Feature",
      "properties": {
        "name": "Corniaspa",
        "desc": "An ancient place, cited: BAtlas 63 F1 Corniaspa",
        "name_tr": "Corniaspa",
        "desc_tr": "Antik Kenti, Ref.: BAtlas 63 F1 Corniaspa"
      },
      "geometry": {
        "type": "Point",
        "coordinates": [
          34.7608603333,
          39.8598676667
        ]
      }
    },
    {
      "type": "Feature",
      "properties": {
        "name": "Dasmenda/[Dasmendron]",
        "desc": "An ancient place, cited: BAtlas 63 F4 Dasmenda/[Dasmendron]",
        "name_tr": "Dasmenda/[Dasmendron]",
        "desc_tr": "Alıntı yapılan eski bir yer: BAtlas 63 F4 Dasmenda/[Dasmendron]"
      },
      "geometry": {
        "type": "Point",
        "coordinates": [
          34.7258565,
          38.1026805
        ]
      }
    },
    {
      "type": "Feature",
      "properties": {
        "name": "Diokaisareia",
        "desc": "An ancient place, cited: BAtlas 63 F4 Diokaisareia",
        "name_tr": "Diokaisareia",
        "desc_tr": "Antik Kenti, Ref.: BAtlas 63 F4 Diokaisareia"
      },
      "geometry": {
        "type": "Point",
        "coordinates": [
          34.7396455,
          38.4302975
        ]
      }
    },
    {
      "type": "Feature",
      "properties": {
        "name": "Doara",
        "desc": "An ancient place, cited: BAtlas 63 E4 Doara",
        "name_tr": "Doara",
        "desc_tr": "Antik Kenti, Ref.: BAtlas 63 E4 Doara"
      },
      "geometry": {
        "type": "Point",
        "coordinates": [
          34.424339,
          38.2088935
        ]
      }
    },
    {
      "type": "Feature",
      "properties": {
        "name": "Ecobrogis/Eccobriga",
        "desc": "A Galatian settlement founded on the road from Ancyra to Tavium; a statio on the Tabula Peutingeriana.",
        "name_tr": "Ecobrogis/Eccobriga",
        "desc_tr": "Ankara'dan Tavium'a giden yol üzerinde kurulmuş bir Galat yerleşimi; Tabula Peutingeriana üzerinde bir istasyon."
      },
      "geometry": {
        "type": "Point",
        "coordinates": [
          33.7521518644,
          40.0383648796
        ]
      }
    },
    {
      "type": "Feature",
      "properties": {
        "name": "Ekdaumaua/Egdava",
        "desc": "An ancient place, cited: BAtlas 63 B3 Ekdaumaua/Egdava",
        "name_tr": "Ekdaumaua/Egdava",
        "desc_tr": "Antik Kenti, Ref.: BAtlas 63 B3 Ekdaumaua/Egdava"
      },
      "geometry": {
        "type": "Point",
        "coordinates": [
          32.5613805,
          38.614766
        ]
      }
    },
    {
      "type": "Feature",
      "properties": {
        "name": "Enehil",
        "desc": "An ancient place, cited: BAtlas 63 G4 Enehil",
        "name_tr": "Enehil",
        "desc_tr": "Antik Kenti, Ref.: BAtlas 63 G4 Enehil"
      },
      "geometry": {
        "type": "Point",
        "coordinates": [
          34.837902,
          38.138357
        ]
      }
    },
    {
      "type": "Feature",
      "properties": {
        "name": "Euaissa",
        "desc": "An ancient place, cited: BAtlas 63 G2 Euaissa",
        "name_tr": "Euaissa",
        "desc_tr": "Antik Kenti, Ref.: BAtlas 63 G2 Euaissa"
      },
      "geometry": {
        "type": "Point",
        "coordinates": [
          35.1098455,
          39.3120115
        ]
      }
    },
    {
      "type": "Feature",
      "properties": {
        "name": "Garsaura/Col. Claudia Archelais/Koloneia",
        "desc": "Originally known as Garsaura, this place was a key settlement of the strategia of Garsaouritis. King Archelaus refounded it and named it after himself. Under the Roman emperor Claudius the site received colonial status. The settlement is located at an oasis to the southeast of Tuz Gölü and some 225 km south of Ancyra.",
        "name_tr": "Garsaura/Col. Claudia Archelais/Koloneia",
        "desc_tr": "Aslen Garsaura olarak bilinen bu yer, Garsaouritis strategiasının önemli bir yerleşim yeriydi. Kral Arkhelaos burayı yeniden kurmuş ve kendi adını vermiştir. Roma İmparatoru Claudius döneminde bölge sömürge statüsü kazanmıştır. Yerleşim, Tuz Gölü'nün güneydoğusunda ve Ankara'nın yaklaşık 225 km güneyinde bir vahada yer almaktadır."
      },
      "geometry": {
        "type": "Point",
        "coordinates": [
          34.026907,
          38.3705416
        ]
      }
    },
    {
      "type": "Feature",
      "properties": {
        "name": "Girmeç",
        "desc": "An ancient place, cited: BAtlas 63 A1 Girmeç",
        "name_tr": "Girmeç",
        "desc_tr": "Antik Kenti, Ref.: BAtlas 63 A1 Girmeç"
      },
      "geometry": {
        "type": "Point",
        "coordinates": [
          32.2280845,
          39.856288
        ]
      }
    },
    {
      "type": "Feature",
      "properties": {
        "name": "Gorbeous",
        "desc": "A settlement south of Ankara that served as the seat of Castor the Elder, the tetrarch of the Tectosages.",
        "name_tr": "Gorbeous",
        "desc_tr": "Tectosages'in tetrarkı olan Yaşlı Castor'un merkezi olarak hizmet veren Ankara'nın güneyindeki yerleşim yeri."
      },
      "geometry": {
        "type": "Point",
        "coordinates": [
          32.87447,
          39.69484
        ]
      }
    },
    {
      "type": "Feature",
      "properties": {
        "name": "Güzelce Kale",
        "desc": "An ancient place, cited: BAtlas 63 B2 Güzelce Kale",
        "name_tr": "Güzelce Kale",
        "desc_tr": "An ancient place, cited: BAtlas 63 B2 Güzelce Kale"
      },
      "geometry": {
        "type": "Point",
        "coordinates": [
          32.726928,
          39.321242
        ]
      }
    },
    {
      "type": "Feature",
      "properties": {
        "name": "Hisarlıkaya",
        "desc": "An ancient place, cited: BAtlas 63 B1 Hisarlıkaya",
        "name_tr": "Hisarlıkaya",
        "desc_tr": "Antik Kenti, Ref.: BAtlas 63 B1 Hisarlıkaya"
      },
      "geometry": {
        "type": "Point",
        "coordinates": [
          32.553087,
          39.735353
        ]
      }
    },
    {
      "type": "Feature",
      "properties": {
        "name": "Iustinianoupolis/Mokissos",
        "desc": "An ancient place, cited: BAtlas 63 E4 Iustinianoupolis/Mokissos",
        "name_tr": "Iustinianoupolis/Mokissos",
        "desc_tr": "Antik Kenti, Ref.: BAtlas 63 E4 Iustinianoupolis/Mokissos"
      },
      "geometry": {
        "type": "Point",
        "coordinates": [
          34.180678,
          38.181323
        ]
      }
    },
    {
      "type": "Feature",
      "properties": {
        "name": "Kamoulianai/Iustinianoupolis Nova",
        "desc": "An ancient place, cited: BAtlas 63 G3 Kamoulianai/Iustinianoupolis Nova",
        "name_tr": "Kamoulianai/Iustinianoupolis Nova",
        "desc_tr": "Alıntı yapılan eski bir yer: BAtlas 63 G3 Kamoulianai/Iustinianoupolis Nova"
      },
      "geometry": {
        "type": "Point",
        "coordinates": [
          35.244039,
          38.904207
        ]
      }
    },
    {
      "type": "Feature",
      "properties": {
        "name": "Kampai?",
        "desc": "An ancient place, cited: BAtlas 63 G3 Kampai?",
        "name_tr": "Kampai?",
        "desc_tr": "Antik Kenti, Ref.: BAtlas 63 G3 Kampai?"
      },
      "geometry": {
        "type": "Point",
        "coordinates": [
          35.024275,
          38.800756
        ]
      }
    },
    {
      "type": "Feature",
      "properties": {
        "name": "Kanotala",
        "desc": "An ancient place, cited: BAtlas 63 E4 Kanotala",
        "name_tr": "Kanotala",
        "desc_tr": "Antik Kenti, Ref.: BAtlas 63 E4 Kanotala"
      },
      "geometry": {
        "type": "Point",
        "coordinates": [
          34.346773,
          38.301338
        ]
      }
    },
    {
      "type": "Feature",
      "properties": {
        "name": "Karakurthamamı",
        "desc": "An ancient place, cited: BAtlas 63 E2 Karakurthamamı",
        "name_tr": "Karakurthamamı",
        "desc_tr": "Antik Kenti, Ref.: BAtlas 63 E2 Karakurthamamı"
      },
      "geometry": {
        "type": "Point",
        "coordinates": [
          34.039843,
          39.10862
        ]
      }
    },
    {
      "type": "Feature",
      "properties": {
        "name": "Karbala",
        "desc": "An ancient place, cited: BAtlas 63 E4 Karbala",
        "name_tr": "Karbala",
        "desc_tr": "Antik Kenti, Ref.: BAtlas 63 E4 Kerbela"
      },
      "geometry": {
        "type": "Point",
        "coordinates": [
          34.3324285,
          38.280002
        ]
      }
    },
    {
      "type": "Feature",
      "properties": {
        "name": "Keçikalesi",
        "desc": "An ancient place, cited: BAtlas 63 E4 Keçikalesi",
        "name_tr": "Keçikalesi",
        "desc_tr": "Alıntı yapılan antik bir yer: BAtlas 63 E4 Keçikalesi"
      },
      "geometry": {
        "type": "Point",
        "coordinates": [
          34.097176,
          38.076446
        ]
      }
    },
    {
      "type": "Feature",
      "properties": {
        "name": "*Keissia",
        "desc": "An ancient place, cited: BAtlas 63 A3 *Keissia",
        "name_tr": "*Keissia",
        "desc_tr": "Antik Kenti, Ref.: BAtlas 63 A3 *Keissia"
      },
      "geometry": {
        "type": "Point",
        "coordinates": [
          32.245066,
          38.516817
        ]
      }
    },
    {
      "type": "Feature",
      "properties": {
        "name": "Kerpiç",
        "desc": "An ancient place, cited: BAtlas 63 B2 Kerpiç",
        "name_tr": "Kerpiç",
        "desc_tr": "Antik Kenti, Ref.: BAtlas 63 B2 Tuğla"
      },
      "geometry": {
        "type": "Point",
        "coordinates": [
          32.582071,
          39.072867
        ]
      }
    },
    {
      "type": "Feature",
      "properties": {
        "name": "*Kindyria",
        "desc": "An ancient place, cited: BAtlas 63 A4 *Kindyria",
        "name_tr": "*Kindyria",
        "desc_tr": "Antik Kenti, Ref.: BAtlas 63 A4 *Kindyria"
      },
      "geometry": {
        "type": "Point",
        "coordinates": [
          32.2139865,
          38.148568
        ]
      }
    },
    {
      "type": "Feature",
      "properties": {
        "name": "Kinna",
        "desc": "An ancient place, cited: BAtlas 63 C2 Kinna",
        "name_tr": "Kinna",
        "desc_tr": "Antik Kenti, Ref.: BAtlas 63 C2 Kinna"
      },
      "geometry": {
        "type": "Point",
        "coordinates": [
          33.033014,
          39.226876
        ]
      }
    },
    {
      "type": "Feature",
      "properties": {
        "name": "Kongoustos/Congussus",
        "desc": "An ancient place, cited: BAtlas 63 B4 Kongoustos/Congussus",
        "name_tr": "Kongoustos/Congussus",
        "desc_tr": "Alıntı yapılan eski bir yer: BAtlas 63 B4 Kongoustos/Congusus"
      },
      "geometry": {
        "type": "Point",
        "coordinates": [
          32.876326,
          38.301504
        ]
      }
    },
    {
      "type": "Feature",
      "properties": {
        "name": "Korama",
        "desc": "A settlement in Cappadocia located among \"fairy chimney\" rock formations.",
        "name_tr": "Korama",
        "desc_tr": "Kapadokya'da &quot;peri bacası&quot; kaya oluşumları arasında yer alan bir yerleşim yeri."
      },
      "geometry": {
        "type": "Point",
        "coordinates": [
          34.753616,
          38.6552105
        ]
      }
    },
    {
      "type": "Feature",
      "properties": {
        "name": "[Korama]",
        "desc": "An ancient place, cited: BAtlas 63 G4 [Korama]",
        "name_tr": "[Korama]",
        "desc_tr": "Antik Kenti, Ref.: BAtlas 63 G4 [Korama]"
      },
      "geometry": {
        "type": "Point",
        "coordinates": [
          35.2661605,
          38.463376
        ]
      }
    },
    {
      "type": "Feature",
      "properties": {
        "name": "[Koron]",
        "desc": "An ancient place, cited: BAtlas 63 E4 [Koron]",
        "name_tr": "[Koron]",
        "desc_tr": "Antik Kenti, Ref.: BAtlas 63 E4 [Koron]"
      },
      "geometry": {
        "type": "Point",
        "coordinates": [
          34.3172155,
          38.067791
        ]
      }
    },
    {
      "type": "Feature",
      "properties": {
        "name": "Koropassos",
        "desc": "An ancient place, cited: BAtlas 63 D4 Koropassos",
        "name_tr": "Koropassos",
        "desc_tr": "Antik Kenti, Ref.: BAtlas 63 D4 Koropassos"
      },
      "geometry": {
        "type": "Point",
        "coordinates": [
          33.7920235,
          38.3077
        ]
      }
    },
    {
      "type": "Feature",
      "properties": {
        "name": "Kyzistra",
        "desc": "An ancient place, cited: BAtlas 63 G4 Kyzistra",
        "name_tr": "Kyzistra",
        "desc_tr": "Antik Kenti, Ref.: BAtlas 63 G4 Kyzistra"
      },
      "geometry": {
        "type": "Point",
        "coordinates": [
          34.9572705,
          38.3508285
        ]
      }
    },
    {
      "type": "Feature",
      "properties": {
        "name": "Laodikeia (Katakekaumene)/Claudiolaodicea",
        "desc": "Laodikeia (Katakekaumene)/Claudiolaodicea was a Hellenistic city of central Anatolia established by built by Seleucus I Nicator.",
        "name_tr": "Laodikeia (Katakekaumene)/Claudiolaodicea",
        "desc_tr": "Laodikeia (Katakekaumene)/Klaudiolaodikeia, Seleukos I Nikator tarafından kurulan ve Orta Anadolu'da yer alan Helenistik bir kenttir."
      },
      "geometry": {
        "type": "Point",
        "coordinates": [
          32.374024,
          38.192186
        ]
      }
    },
    {
      "type": "Feature",
      "properties": {
        "name": "Limnai",
        "desc": "An ancient place, cited: BAtlas 63 F4 Limnai",
        "name_tr": "Limnai",
        "desc_tr": "Antik Kenti, Ref.: BAtlas 63 F4 Limnai"
      },
      "geometry": {
        "type": "Point",
        "coordinates": [
          34.694102,
          38.2394405
        ]
      }
    },
    {
      "type": "Feature",
      "properties": {
        "name": "Malakopea",
        "desc": "An ancient place, cited: BAtlas 63 F4 Malakopea",
        "name_tr": "Malakopea",
        "desc_tr": "Antik Kenti, Ref.: BAtlas 63 F4 Malakopea"
      },
      "geometry": {
        "type": "Point",
        "coordinates": [
          34.657247,
          38.381222
        ]
      }
    },
    {
      "type": "Feature",
      "properties": {
        "name": "[Malandasa]",
        "desc": "An ancient place, cited: BAtlas 63 E4 [Malandasa]",
        "name_tr": "[Malandasa]",
        "desc_tr": "Antik Kenti, Ref.: BAtlas 63 E4 [Malandasa]"
      },
      "geometry": {
        "type": "Point",
        "coordinates": [
          34.39368,
          38.2111435
        ]
      }
    },
    {
      "type": "Feature",
      "properties": {
        "name": "Mataza",
        "desc": "An ancient place, cited: BAtlas 63 F4 Mataza",
        "name_tr": "Mataza",
        "desc_tr": "Antik Kenti, Ref.: BAtlas 63 F4 Mataza"
      },
      "geometry": {
        "type": "Point",
        "coordinates": [
          34.754597,
          38.4787355
        ]
      }
    },
    {
      "type": "Feature",
      "properties": {
        "name": "[Matiane]",
        "desc": "An ancient place, cited: BAtlas 63 F3 [Matiane]",
        "name_tr": "[Matiane]",
        "desc_tr": "Antik Kenti, Ref.: BAtlas 63 F3 [Matiane]"
      },
      "geometry": {
        "type": "Point",
        "coordinates": [
          34.751328,
          38.653992
        ]
      }
    },
    {
      "type": "Feature",
      "properties": {
        "name": "Myrikion/Therma",
        "desc": "An ancient place, cited: BAtlas 63 A2 Myrikion/Therma",
        "name_tr": "Myrikion/Therma",
        "desc_tr": "Antik Kenti, Ref.: BAtlas 63 A2 Myrikion/Therma"
      },
      "geometry": {
        "type": "Point",
        "coordinates": [
          32.5083145,
          39.475327
        ]
      }
    },
    {
      "type": "Feature",
      "properties": {
        "name": "Nandianulus/Nazianzos",
        "desc": "An ancient place, cited: BAtlas 63 E4 Nandianulus/Nazianzos",
        "name_tr": "Nandianulus/Nazianzos",
        "desc_tr": "Alıntı yapılan eski bir yer: BAtlas 63 E4 Nandianulus/Nazianzos"
      },
      "geometry": {
        "type": "Point",
        "coordinates": [
          34.3497935,
          38.398047
        ]
      }
    },
    {
      "type": "Feature",
      "properties": {
        "name": "Nora/Neroassos",
        "desc": "An ancient place, cited: BAtlas 63 E4 Nora/Neroassos",
        "name_tr": "Nora/Neroassos",
        "desc_tr": "Antik Kenti, Ref.: BAtlas 63 E4 Nora/Neroassos"
      },
      "geometry": {
        "type": "Point",
        "coordinates": [
          34.3745905,
          38.2719285
        ]
      }
    },
    {
      "type": "Feature",
      "properties": {
        "name": "Nys(s)a",
        "desc": "An ancient place, cited: BAtlas 63 D3 Nys(s)a",
        "name_tr": "Nys(s)a",
        "desc_tr": "Antik Kenti, Ref.: BAtlas 63 D3 Nys(s)a"
      },
      "geometry": {
        "type": "Point",
        "coordinates": [
          33.95189,
          38.932743
        ]
      }
    },
    {
      "type": "Feature",
      "properties": {
        "name": "*Orbana",
        "desc": "An ancient place, cited: BAtlas 63 B2 *Orbana",
        "name_tr": "*Orbana",
        "desc_tr": "Antik Kenti, Ref.: BAtlas 63 B2 *Orbana"
      },
      "geometry": {
        "type": "Point",
        "coordinates": [
          32.791029,
          39.367122
        ]
      }
    },
    {
      "type": "Feature",
      "properties": {
        "name": "Ouenasa",
        "desc": "An ancient place, cited: BAtlas 63 F3 Ouenasa",
        "name_tr": "Ouenasa",
        "desc_tr": "Antik Kenti, Ref.: BAtlas 63 F3 Ouenasa"
      },
      "geometry": {
        "type": "Point",
        "coordinates": [
          34.7659895,
          38.723059
        ]
      }
    },
    {
      "type": "Feature",
      "properties": {
        "name": "Ouetissos/Ouetiston/Vetissus",
        "desc": "An ancient place, cited: BAtlas 63 A3 Ouetissos/Ouetiston/Vetissus",
        "name_tr": "Ouetissos/Ouetiston/Vetissus",
        "desc_tr": "Antik Kenti, Ref.: BAtlas 63 A3 Ouetissos/Ouetiston/Vetissus"
      },
      "geometry": {
        "type": "Point",
        "coordinates": [
          32.2772625,
          38.8919325
        ]
      }
    },
    {
      "type": "Feature",
      "properties": {
        "name": "Parnassos",
        "desc": "An ancient place, cited: BAtlas 63 D2 Parnassos",
        "name_tr": "Parnassos",
        "desc_tr": "Alıntı yapılan antik bir yer: BAtlas 63 D2 Parnassos"
      },
      "geometry": {
        "type": "Point",
        "coordinates": [
          33.570111,
          38.9918185
        ]
      }
    },
    {
      "type": "Feature",
      "properties": {
        "name": "Pegella",
        "desc": "An ancient place, cited: BAtlas 63 B3 Pegella",
        "name_tr": "Pegella",
        "desc_tr": "Antik Kenti, Ref.: BAtlas 63 B3 Pegella"
      },
      "geometry": {
        "type": "Point",
        "coordinates": [
          32.665526,
          38.535371
        ]
      }
    },
    {
      "type": "Feature",
      "properties": {
        "name": "Perta",
        "desc": "An ancient place, cited: BAtlas 63 C4 Perta",
        "name_tr": "Perta",
        "desc_tr": "Antik Kenti, Ref.: BAtlas 63 C4 Perta"
      },
      "geometry": {
        "type": "Point",
        "coordinates": [
          33.076657,
          38.167719
        ]
      }
    },
    {
      "type": "Feature",
      "properties": {
        "name": "*Pillitokome",
        "desc": "An ancient place, cited: BAtlas 63 B3 *Pillitokome",
        "name_tr": "*Pillitokome",
        "desc_tr": "Antik Kenti, Ref.: BAtlas 63 B3 *Pillitokome"
      },
      "geometry": {
        "type": "Point",
        "coordinates": [
          32.7179,
          38.688014
        ]
      }
    },
    {
      "type": "Feature",
      "properties": {
        "name": "*Pithoi",
        "desc": "An ancient place, cited: BAtlas 63 A4 *Pithoi",
        "name_tr": "*Pithoi",
        "desc_tr": "Antik Kenti, Ref.: BAtlas 63 A4 *Pithoi"
      },
      "geometry": {
        "type": "Point",
        "coordinates": [
          32.213204,
          38.240292
        ]
      }
    },
    {
      "type": "Feature",
      "properties": {
        "name": "*Plomma",
        "desc": "An ancient place, cited: BAtlas 63 B2 *Plomma",
        "name_tr": "*Plomma",
        "desc_tr": "Antik Kenti, Ref.: BAtlas 63 B2 *Plomma"
      },
      "geometry": {
        "type": "Point",
        "coordinates": [
          32.745704,
          39.068613
        ]
      }
    },
    {
      "type": "Feature",
      "properties": {
        "name": "Pteria",
        "desc": "A large, fortified settlement of Anatolia mentioned by Herodotus.",
        "name_tr": "Pteria",
        "desc_tr": "Herodot'un bahsettiği Anadolu'daki büyük, müstahkem yerleşim yeri."
      },
      "geometry": {
        "type": "Point",
        "coordinates": [
          35.0683124992,
          39.748976978
        ]
      }
    },
    {
      "type": "Feature",
      "properties": {
        "name": "Saccasena",
        "desc": "An ancient place, cited: BAtlas 63 G3 Saccasena",
        "name_tr": "Saccasena",
        "desc_tr": "Antik Kenti, Ref.: BAtlas 63 G3 Saccasena"
      },
      "geometry": {
        "type": "Point",
        "coordinates": [
          35.109191,
          38.7759735
        ]
      }
    },
    {
      "type": "Feature",
      "properties": {
        "name": "Sadagolthina",
        "desc": "An ancient place, cited: BAtlas 63 D3 Sadagolthina",
        "name_tr": "Sadagolthina",
        "desc_tr": "Alıntı yapılan eski bir yer: BAtlas 63 D3 Sadagolthina"
      },
      "geometry": {
        "type": "Point",
        "coordinates": [
          33.542191,
          38.8279505
        ]
      }
    },
    {
      "type": "Feature",
      "properties": {
        "name": "Salambriai/Salaberina",
        "desc": "An ancient place, cited: BAtlas 63 E4 Salambriai/Salaberina",
        "name_tr": "Salambriai/Salaberina",
        "desc_tr": "Antik Kenti, Ref.: BAtlas 63 E4 Salambriai/Salaberina"
      },
      "geometry": {
        "type": "Point",
        "coordinates": [
          34.0340025,
          38.120083
        ]
      }
    },
    {
      "type": "Feature",
      "properties": {
        "name": "Salanda",
        "desc": "An ancient place, cited: BAtlas 63 F3 Salanda",
        "name_tr": "Salanda",
        "desc_tr": "Antik Kenti, Ref.: BAtlas 63 F3 Salanda"
      },
      "geometry": {
        "type": "Point",
        "coordinates": [
          34.4861,
          38.8291355
        ]
      }
    },
    {
      "type": "Feature",
      "properties": {
        "name": "Sasima",
        "desc": "An ancient place, cited: BAtlas 63 F4 Sasima",
        "name_tr": "Sasima",
        "desc_tr": "Antik Kenti, Ref.: BAtlas 63 F4 Sasima"
      },
      "geometry": {
        "type": "Point",
        "coordinates": [
          34.6292035,
          38.2298035
        ]
      }
    },
    {
      "type": "Feature",
      "properties": {
        "name": "*Senzousa",
        "desc": "An ancient place, cited: BAtlas 63 B4 *Senzousa",
        "name_tr": "*Senzousa",
        "desc_tr": "Antik Kenti, Ref.: BAtlas 63 B4 *Senzousa"
      },
      "geometry": {
        "type": "Point",
        "coordinates": [
          32.969866,
          38.4442405
        ]
      }
    },
    {
      "type": "Feature",
      "properties": {
        "name": "Soandos",
        "desc": "An ancient place, cited: BAtlas 63 F4 Soandos",
        "name_tr": "Soandos",
        "desc_tr": "Antik Kenti, Ref.: BAtlas 63 F4 Soandos"
      },
      "geometry": {
        "type": "Point",
        "coordinates": [
          34.878905,
          38.344286
        ]
      }
    },
    {
      "type": "Feature",
      "properties": {
        "name": "[Sobesos]",
        "desc": "An ancient place, cited: BAtlas 63 F4 [Sobesos]",
        "name_tr": "[Sobesos]",
        "desc_tr": "Antik Kenti, Ref.: BAtlas 63 F4 [Sobesos]"
      },
      "geometry": {
        "type": "Point",
        "coordinates": [
          34.8714135,
          38.48
        ]
      }
    },
    {
      "type": "Feature",
      "properties": {
        "name": "[Tamisos]",
        "desc": "An ancient place, cited: BAtlas 63 F3 [Tamisos]",
        "name_tr": "[Tamisos]",
        "desc_tr": "Antik Kenti, Ref.: BAtlas 63 F3 [Tamisos]"
      },
      "geometry": {
        "type": "Point",
        "coordinates": [
          34.737796,
          38.541716
        ]
      }
    },
    {
      "type": "Feature",
      "properties": {
        "name": "Taouion/Tabia",
        "desc": "A key junction between roads north (towards Hattusa and the Lykos River valley), south (towards Mazaka), east (towards the upper Halys River), and west (towards Ankyra), it was inhabited from the fourth millennium BCE. Greek and Roman writers mention it as the main settlement of the Galatian tribe of the Trocmi.",
        "name_tr": "Taouion/Tabia",
        "desc_tr": "Kuzeye (Hattuşaş ve Lykos Nehri vadisine), güneye (Mazaka'ya), doğuya (Halys Nehri'nin yukarı kesimlerine) ve batıya (Ankyra'ya) giden yolların önemli bir kavşağı olan bu yer, MÖ 4. binyıldan itibaren yerleşim yeri olmuştur. Yunan ve Romalı yazarlar, burayı Galat kabilesi Trocmi'nin ana yerleşim yeri olarak belirtmektedir."
      },
      "geometry": {
        "type": "Point",
        "coordinates": [
          34.51833,
          39.85833
        ]
      }
    },
    {
      "type": "Feature",
      "properties": {
        "name": "Topaklı",
        "desc": "An ancient place, cited: BAtlas 63 F2 Topaklı",
        "name_tr": "Topaklı",
        "desc_tr": "Antik Kenti, Ref.: BAtlas 63 F2 Topaklı"
      },
      "geometry": {
        "type": "Point",
        "coordinates": [
          34.670968,
          39.026516
        ]
      }
    },
    {
      "type": "Feature",
      "properties": {
        "name": "Yaraşlı",
        "desc": "An ancient place, cited: BAtlas 63 B2 Yaraşlı",
        "name_tr": "Yaraşlı",
        "desc_tr": "Alıntı yapılan antik bir yer: BAtlas 63 B2 Yaraşlı"
      },
      "geometry": {
        "type": "Point",
        "coordinates": [
          32.926706,
          39.165654
        ]
      }
    },
    {
      "type": "Feature",
      "properties": {
        "name": "Yarhisar",
        "desc": "An ancient place, cited: BAtlas 63 F4 Yarhisar",
        "name_tr": "Yarhisar",
        "desc_tr": "Antik Kenti, Ref.: BAtlas 63 F4 Yarhisar"
      },
      "geometry": {
        "type": "Point",
        "coordinates": [
          34.71353,
          38.089168
        ]
      }
    },
    {
      "type": "Feature",
      "properties": {
        "name": "Zeila",
        "desc": "An ancient place, cited: BAtlas 63 F4 Zeila",
        "name_tr": "Zeila",
        "desc_tr": "Antik Kenti, Ref.: BAtlas 63 F4 Zeila"
      },
      "geometry": {
        "type": "Point",
        "coordinates": [
          34.617916,
          38.4594495
        ]
      }
    },
    {
      "type": "Feature",
      "properties": {
        "name": "*Zemruta",
        "desc": "An ancient place, cited: BAtlas 63 B4 *Zemruta",
        "name_tr": "*Zemruta",
        "desc_tr": "Antik kenti, Ref.: BAtlas 63 B4 *Zemruta"
      },
      "geometry": {
        "type": "Point",
        "coordinates": [
          32.961372,
          38.211221
        ]
      }
    },
    {
      "type": "Feature",
      "properties": {
        "name": "*Zizima",
        "desc": "An ancient place, cited: BAtlas 63 A4 *Zizima",
        "name_tr": "*Zizima",
        "desc_tr": "Antik Kenti, Ref.: BAtlas 63 A4 *Zizima"
      },
      "geometry": {
        "type": "Point",
        "coordinates": [
          32.401806,
          38.089908
        ]
      }
    },
    {
      "type": "Feature",
      "properties": {
        "name": "Zoropassos",
        "desc": "An ancient place, cited: BAtlas 63 F3 Zoropassos",
        "name_tr": "Zoropassos",
        "desc_tr": "Antik Kenti, Ref.: BAtlas 63 F3 Zoropassos"
      },
      "geometry": {
        "type": "Point",
        "coordinates": [
          34.5676535,
          38.74692
        ]
      }
    },
    {
      "type": "Feature",
      "properties": {
        "name": "Ablastha",
        "desc": "An ancient place, cited: BAtlas 64 E4 Ablastha",
        "name_tr": "Ablastha",
        "desc_tr": "Antik Kenti, Ref.: BAtlas 64 E4 Ablastha"
      },
      "geometry": {
        "type": "Point",
        "coordinates": [
          37.190334,
          38.201601
        ]
      }
    },
    {
      "type": "Feature",
      "properties": {
        "name": "Agranai",
        "desc": "An ancient place, cited: BAtlas 64 B1 Agranai",
        "name_tr": "Agranai",
        "desc_tr": "Alıntı yapılan eski bir yer: BAtlas 64 B1 Agranai"
      },
      "geometry": {
        "type": "Point",
        "coordinates": [
          35.838751,
          39.739003
        ]
      }
    },
    {
      "type": "Feature",
      "properties": {
        "name": "Anisa",
        "desc": "Anisa was an ancient settlement of Cappadocia that was inhabited in Hellenistic, Roman, and Byzantine times.",
        "name_tr": "Anisa",
        "desc_tr": "Anisa, Helenistik, Roma ve Bizans dönemlerinde yerleşim gören Kapadokya'nın antik bir yerleşim yeriydi."
      },
      "geometry": {
        "type": "Point",
        "coordinates": [
          35.6353283545,
          38.8510830725
        ]
      }
    },
    {
      "type": "Feature",
      "properties": {
        "name": "Arabissos/Tripotamos",
        "desc": "An ancient place, cited: BAtlas 64 D4 Arabissos/Tripotamos",
        "name_tr": "Arabissos/Tripotamos",
        "desc_tr": "Antik kenti, Ref.: BAtlas 64 D4 Arabissos/Tripotamos"
      },
      "geometry": {
        "type": "Point",
        "coordinates": [
          36.911673,
          38.246013
        ]
      }
    },
    {
      "type": "Feature",
      "properties": {
        "name": "Arapözü",
        "desc": "An ancient place, cited: BAtlas 64 B2 Arapözü",
        "name_tr": "Arapözü",
        "desc_tr": "Antik Kenti, Ref.: BAtlas 64 B2 Arapözü"
      },
      "geometry": {
        "type": "Point",
        "coordinates": [
          35.890552,
          39.284923
        ]
      }
    },
    {
      "type": "Feature",
      "properties": {
        "name": "Arasaxa",
        "desc": "An ancient place, cited: BAtlas 64 B3 Arasaxa",
        "name_tr": "Arasaxa",
        "desc_tr": "Antik Kenti, Ref.: BAtlas 64 B3 Arasaxa"
      },
      "geometry": {
        "type": "Point",
        "coordinates": [
          35.87671,
          38.6239795
        ]
      }
    },
    {
      "type": "Feature",
      "properties": {
        "name": "Arca",
        "desc": "An ancient place, cited: BAtlas 64 F4 Arca",
        "name_tr": "Arca",
        "desc_tr": "Antik Kenti, Ref.: BAtlas 64 F4 Arca"
      },
      "geometry": {
        "type": "Point",
        "coordinates": [
          37.9711315,
          38.33454
        ]
      }
    },
    {
      "type": "Feature",
      "properties": {
        "name": "Archalla",
        "desc": "An ancient place, cited: BAtlas 64 A3 Archalla",
        "name_tr": "Archalla",
        "desc_tr": "Antik Kenti, Ref.: BAtlas 64 A3 Archalla"
      },
      "geometry": {
        "type": "Point",
        "coordinates": [
          35.3424826667,
          38.8308266667
        ]
      }
    },
    {
      "type": "Feature",
      "properties": {
        "name": "[Argaous]",
        "desc": "An ancient place, cited: BAtlas 64 G3 [Argaous]",
        "name_tr": "[Argaous]",
        "desc_tr": "Antik bir yer, alıntılanmıştır: BAtlas 64 G3 [Argaous]"
      },
      "geometry": {
        "type": "Point",
        "coordinates": [
          38.268775,
          38.77556
        ]
      }
    },
    {
      "type": "Feature",
      "properties": {
        "name": "Ariaratheia",
        "desc": "An ancient settlement in Asia Minor, located at modern Pınarbaşı (former Aziziye/Azizie) in Turkey.",
        "name_tr": "Ariaratheia",
        "desc_tr": "An ancient settlement in Asia Minor, located at modern Pınarbaşı (former Aziziye/Azizie) in Turkey."
      },
      "geometry": {
        "type": "Point",
        "coordinates": [
          36.392334,
          38.723507
        ]
      }
    },
    {
      "type": "Feature",
      "properties": {
        "name": "Armaxa",
        "desc": "An ancient place, cited: BAtlas 64 C2 Armaxa",
        "name_tr": "Armaxa",
        "desc_tr": "Antik Kenti, Ref.: BAtlas 64 C2 Armaxa"
      },
      "geometry": {
        "type": "Point",
        "coordinates": [
          36.0663835,
          39.18618
        ]
      }
    },
    {
      "type": "Feature",
      "properties": {
        "name": "Azapbaşlı",
        "desc": "An ancient place, cited: BAtlas 64 B1 Azapbaşlı",
        "name_tr": "Azapbaşlı",
        "desc_tr": "Antik Kenti, Ref.: BAtlas 64 B1 Azapbaşlı"
      },
      "geometry": {
        "type": "Point",
        "coordinates": [
          35.416674,
          39.542231
        ]
      }
    },
    {
      "type": "Feature",
      "properties": {
        "name": "Bahçebaşı",
        "desc": "An ancient place, cited: BAtlas 64 G4 Bahçebaşı",
        "name_tr": "Bahçebaşı",
        "desc_tr": "Antik Kenti, Ref.: BAtlas 64 G4 Bahçebaşı"
      },
      "geometry": {
        "type": "Point",
        "coordinates": [
          38.381218,
          38.378277
        ]
      }
    },
    {
      "type": "Feature",
      "properties": {
        "name": "[Bathys Rhyax]/[Krya Pege]?",
        "desc": "An ancient place, cited: BAtlas 64 D1 [Bathys Rhyax]/[Krya Pege]?",
        "name_tr": "[Bathys Rhyax]/[Krya Pege]?",
        "desc_tr": "Antik Kenti, Ref.: BAtlas 64 D1 [Bathys Rhyax]/[Krya Pege]?"
      },
      "geometry": {
        "type": "Point",
        "coordinates": [
          36.7011285,
          39.836743
        ]
      }
    },
    {
      "type": "Feature",
      "properties": {
        "name": "Charax?",
        "desc": "An ancient place, cited: BAtlas 64 H1 Charax?",
        "name_tr": "Charax?",
        "desc_tr": "Antik Kenti, Ref.: BAtlas 64 H1 Charax?"
      },
      "geometry": {
        "type": "Point",
        "coordinates": [
          38.801937,
          39.622921
        ]
      }
    },
    {
      "type": "Feature",
      "properties": {
        "name": "Coduzalaba/Sabalassos?",
        "desc": "An ancient place, cited: BAtlas 64 D4 Coduzalaba/Sabalassos?",
        "name_tr": "Coduzalaba/Sabalassos?",
        "desc_tr": "Antik Kenti, Ref.: BAtlas 64 D4 Coduzalaba/Sabalassos?"
      },
      "geometry": {
        "type": "Point",
        "coordinates": [
          36.504406,
          38.484719
        ]
      }
    },
    {
      "type": "Feature",
      "properties": {
        "name": "Comana/Hierapolis/Chryse",
        "desc": "Comana/Hierapolis/Chryse was an ancient city in Cappadocia.",
        "name_tr": "Comana/Hierapolis/Chryse",
        "desc_tr": "Komana/Hierapolis/Chryse Kapadokya'da bulunan antik bir kenttir."
      },
      "geometry": {
        "type": "Point",
        "coordinates": [
          36.3239848355,
          38.3313252358
        ]
      }
    },
    {
      "type": "Feature",
      "properties": {
        "name": "Dalanda",
        "desc": "An ancient place, cited: BAtlas 64 F3 Dalanda",
        "name_tr": "Dalanda",
        "desc_tr": "Alıntı yapılan antik bir yer: BAtlas 64 F3 Dalanda"
      },
      "geometry": {
        "type": "Point",
        "coordinates": [
          37.50948,
          38.538074
        ]
      }
    },
    {
      "type": "Feature",
      "properties": {
        "name": "Ekrek",
        "desc": "An ancient place, cited: BAtlas 64 C3 Ekrek",
        "name_tr": "Ekrek",
        "desc_tr": "Antik Kenti, Ref.: BAtlas 64 C3 Ekrek"
      },
      "geometry": {
        "type": "Point",
        "coordinates": [
          36.022494,
          38.670701
        ]
      }
    },
    {
      "type": "Feature",
      "properties": {
        "name": "Elegeia",
        "desc": "An ancient place, cited: BAtlas 64 H4 Elegeia",
        "name_tr": "Elegeia",
        "desc_tr": "Antik Kenti, Ref.: BAtlas 64 H4 Elegeia"
      },
      "geometry": {
        "type": "Point",
        "coordinates": [
          38.827157,
          38.449691
        ]
      }
    },
    {
      "type": "Feature",
      "properties": {
        "name": "Eski Arabkir",
        "desc": "An ancient place, cited: BAtlas 64 G2 Eski Arabkir",
        "name_tr": "Eski Arabkir",
        "desc_tr": "Antik Kenti, Ref.: BAtlas 64 G2 Eski Arabkir"
      },
      "geometry": {
        "type": "Point",
        "coordinates": [
          38.489809,
          39.058893
        ]
      }
    },
    {
      "type": "Feature",
      "properties": {
        "name": "Euagina/Sebagena?",
        "desc": "An ancient place, cited: BAtlas 64 C3 Euagina/Sebagena?",
        "name_tr": "Euagina/Sebagena?",
        "desc_tr": "Antik Kenti, Ref.: BAtlas 64 C3 Euagina/Sebagena?"
      },
      "geometry": {
        "type": "Point",
        "coordinates": [
          36.011965,
          38.521909
        ]
      }
    },
    {
      "type": "Feature",
      "properties": {
        "name": "Eudoixata",
        "desc": "An ancient place, cited: BAtlas 64 E1 Eudoixata",
        "name_tr": "Eudoixata",
        "desc_tr": "Antik Kenti, Ref.: BAtlas 64 E1 Eudoixata"
      },
      "geometry": {
        "type": "Point",
        "coordinates": [
          37.217065,
          39.518077
        ]
      }
    },
    {
      "type": "Feature",
      "properties": {
        "name": "Eulepa",
        "desc": "An ancient place, cited: BAtlas 64 B2 Eulepa",
        "name_tr": "Eulepa",
        "desc_tr": "Antik Kenti, Ref.: BAtlas 64 B2 Eulepa"
      },
      "geometry": {
        "type": "Point",
        "coordinates": [
          35.870839,
          39.02792
        ]
      }
    },
    {
      "type": "Feature",
      "properties": {
        "name": "Euspena",
        "desc": "An ancient place, cited: BAtlas 64 E2 Euspena",
        "name_tr": "Euspena",
        "desc_tr": "Antik Kenti, Ref.: BAtlas 64 E2 Euspena"
      },
      "geometry": {
        "type": "Point",
        "coordinates": [
          37.385969,
          39.235631
        ]
      }
    },
    {
      "type": "Feature",
      "properties": {
        "name": "Fırakdın",
        "desc": "An ancient place, cited: BAtlas 64 B4 Fırakdın",
        "name_tr": "Fırakdın",
        "desc_tr": "Antik Kenti, Ref.: BAtlas 64 B4 Fırakdın"
      },
      "geometry": {
        "type": "Point",
        "coordinates": [
          35.623396,
          38.253654
        ]
      }
    },
    {
      "type": "Feature",
      "properties": {
        "name": "Gauraina",
        "desc": "An ancient place, cited: BAtlas 64 E3 Gauraina",
        "name_tr": "Gauraina",
        "desc_tr": "Antik Kenti, Ref.: BAtlas 64 E3 Gauraina"
      },
      "geometry": {
        "type": "Point",
        "coordinates": [
          37.25749,
          38.722928
        ]
      }
    },
    {
      "type": "Feature",
      "properties": {
        "name": "Gundusa",
        "desc": "An ancient place, cited: BAtlas 64 E1 Gundusa",
        "name_tr": "Gundusa",
        "desc_tr": "Antik Kenti, Ref.: BAtlas 64 E1 Gundusa"
      },
      "geometry": {
        "type": "Point",
        "coordinates": [
          37.308303,
          39.571371
        ]
      }
    },
    {
      "type": "Feature",
      "properties": {
        "name": "(H)Erp(h)a",
        "desc": "An ancient place, cited: BAtlas 64 C3 (H)Erp(h)a",
        "name_tr": "(H)Erp(h)a",
        "desc_tr": "Eski bir yer, alıntılanmıştır: BAtlas 64 C3 (H)Erp(h)a"
      },
      "geometry": {
        "type": "Point",
        "coordinates": [
          36.220454,
          38.668869
        ]
      }
    },
    {
      "type": "Feature",
      "properties": {
        "name": "Kabassos",
        "desc": "An ancient place, cited: BAtlas 64 C4 Kabassos",
        "name_tr": "Kabassos",
        "desc_tr": "Alıntı yapılan antik bir yer: BAtlas 64 C4 Kabassos"
      },
      "geometry": {
        "type": "Point",
        "coordinates": [
          36.127534,
          38.134602
        ]
      }
    },
    {
      "type": "Feature",
      "properties": {
        "name": "Kamisa/Comassa",
        "desc": "An ancient place, cited: BAtlas 64 E1 Kamisa/Comassa",
        "name_tr": "Kamisa/Comassa",
        "desc_tr": "Antik Kenti, Ref.: BAtlas 64 E1 Kamisa/Comassa"
      },
      "geometry": {
        "type": "Point",
        "coordinates": [
          37.401155,
          39.845769
        ]
      }
    },
    {
      "type": "Feature",
      "properties": {
        "name": "Kara Kavak",
        "desc": "An ancient place, cited: BAtlas 64 F3 Kara Kavak",
        "name_tr": "Kara Kavak",
        "desc_tr": "Antik Kenti, Ref.: BAtlas 64 F3 Kara Kavak"
      },
      "geometry": {
        "type": "Point",
        "coordinates": [
          37.917048,
          38.968961
        ]
      }
    },
    {
      "type": "Feature",
      "properties": {
        "name": "Karakuyu",
        "desc": "An ancient place, cited: BAtlas 64 D3 Karakuyu",
        "name_tr": "Karakuyu",
        "desc_tr": "Antik Kenti, Ref.: BAtlas 64 D3 Karakuyu"
      },
      "geometry": {
        "type": "Point",
        "coordinates": [
          36.728796,
          38.924869
        ]
      }
    },
    {
      "type": "Feature",
      "properties": {
        "name": "Karnalis",
        "desc": "An ancient place, cited: BAtlas 64 D2 Karnalis",
        "name_tr": "Karnalis",
        "desc_tr": "Antik Kenti, Ref.: BAtlas 64 D2 Karnalis"
      },
      "geometry": {
        "type": "Point",
        "coordinates": [
          36.655133,
          39.001928
        ]
      }
    },
    {
      "type": "Feature",
      "properties": {
        "name": "[Kiskisos]",
        "desc": "An ancient place, cited: BAtlas 64 B4 [Kiskisos]",
        "name_tr": "[Kiskisos]",
        "desc_tr": "Antik Kenti, Ref.: BAtlas 64 B4 [Kiskisos]"
      },
      "geometry": {
        "type": "Point",
        "coordinates": [
          35.786827,
          38.15395
        ]
      }
    },
    {
      "type": "Feature",
      "properties": {
        "name": "Kızıl Şehir",
        "desc": "An ancient place, cited: BAtlas 64 C2 Kızıl Şehir",
        "name_tr": "Kızıl Şehir",
        "desc_tr": "An ancient place, cited: BAtlas 64 C2 Kızıl Şehir"
      },
      "geometry": {
        "type": "Point",
        "coordinates": [
          36.319601,
          39.29295
        ]
      }
    },
    {
      "type": "Feature",
      "properties": {
        "name": "Kokousos",
        "desc": "An ancient place, cited: BAtlas 64 C4 Kokousos",
        "name_tr": "Kokousos",
        "desc_tr": "Antik Kenti, Ref.: BAtlas 64 C4 Kokousos"
      },
      "geometry": {
        "type": "Point",
        "coordinates": [
          36.4983445,
          38.031581
        ]
      }
    },
    {
      "type": "Feature",
      "properties": {
        "name": "Cengerli",
        "desc": "A likely Roman fort and possible Urartian fire temple at the modern village of Cengerli in the Refahiye district of Erzincan province, Turkey.",
        "name_tr": "Cengerli",
        "desc_tr": "Türkiye'nin Erzincan ilinin Refahiye ilçesine bağlı Çengerli köyünde bulunan muhtemel bir Roma kalesi ve muhtemel bir Urartu ateş tapınağı."
      },
      "geometry": {
        "type": "Point",
        "coordinates": [
          38.8738535,
          39.810691
        ]
      }
    },
    {
      "type": "Feature",
      "properties": {
        "name": "Leugaisa/‘Lagalasso’",
        "desc": "An ancient place, cited: BAtlas 64 G4 Leugaisa/‘Lagalasso’",
        "name_tr": "Leugaisa/‘Lagalasso’",
        "desc_tr": "Alıntı yapılan eski bir yer: BAtlas 64 G4 Leugaisa/'Lagalasso'"
      },
      "geometry": {
        "type": "Point",
        "coordinates": [
          38.051885,
          38.183297
        ]
      }
    },
    {
      "type": "Feature",
      "properties": {
        "name": "[Lykandos]/[Lapara]",
        "desc": "An ancient place, cited: BAtlas 64 E4 [Lykandos]/[Lapara]",
        "name_tr": "[Lykandos]/[Lapara]",
        "desc_tr": "Antik kenti, Ref.: BAtlas 64 E4 [Lykandos]/[Lapara]"
      },
      "geometry": {
        "type": "Point",
        "coordinates": [
          37.086546,
          38.1898205
        ]
      }
    },
    {
      "type": "Feature",
      "properties": {
        "name": "Maroga/Sarromaena",
        "desc": "An ancient place, cited: BAtlas 64 D4 Maroga/Sarromaena",
        "name_tr": "Maroga/Sarromaena",
        "desc_tr": "Alıntı yapılan eski bir yer: BAtlas 64 D4 Maroga/Sarromaena"
      },
      "geometry": {
        "type": "Point",
        "coordinates": [
          36.793849,
          38.494122
        ]
      }
    },
    {
      "type": "Feature",
      "properties": {
        "name": "Mazaka",
        "desc": "An ancient place, cited: BAtlas 64 A3 Mazaka",
        "name_tr": "Mazaka",
        "desc_tr": "Alıntı yapılan eski bir yer: BAtlas 64 A3 Mazaka"
      },
      "geometry": {
        "type": "Point",
        "coordinates": [
          35.328463,
          38.72146575
        ]
      }
    },
    {
      "type": "Feature",
      "properties": {
        "name": "Mazaka/Eusebeia/Caesarea",
        "desc": "Mazaka/Eusebeia/Caesarea was the chief town of Cappadocia, modern Kayseri.",
        "name_tr": "Mazaka/Eusebeia/Caesarea",
        "desc_tr": "Mazaka/Eusebeia/Caesarea, Kapadokya'nın (bugünkü Kayseri) başkentiydi."
      },
      "geometry": {
        "type": "Point",
        "coordinates": [
          35.4743607,
          38.72640055
        ]
      }
    },
    {
      "type": "Feature",
      "properties": {
        "name": "Melitene",
        "desc": "Melitene was an ancient city on the Tohma River. It was the station of Legio XII Fulminata from AD 70 onwards.",
        "name_tr": "Melitene",
        "desc_tr": "Melitene, Tohma Nehri kıyısındaki antik bir şehirdi. MS 70'ten itibaren Lejyon XII Fulminata'nın karargahıydı."
      },
      "geometry": {
        "type": "Point",
        "coordinates": [
          38.361152,
          38.382217
        ]
      }
    },
    {
      "type": "Feature",
      "properties": {
        "name": "Miasena",
        "desc": "An ancient place, cited: BAtlas 64 H4 Miasena",
        "name_tr": "Miasena",
        "desc_tr": "Antik Kenti, Ref.: BAtlas 64 H4 Miasena"
      },
      "geometry": {
        "type": "Point",
        "coordinates": [
          38.687646,
          38.146215
        ]
      }
    },
    {
      "type": "Feature",
      "properties": {
        "name": "Moutalaske",
        "desc": "An ancient place, cited: BAtlas 64 B3 Moutalaske",
        "name_tr": "Moutalaske",
        "desc_tr": "Antik Kenti, Ref.: BAtlas 64 B3 Moutalaske"
      },
      "geometry": {
        "type": "Point",
        "coordinates": [
          35.48224375,
          38.70951925
        ]
      }
    },
    {
      "type": "Feature",
      "properties": {
        "name": "Osdara",
        "desc": "An ancient place, cited: BAtlas 64 E4 Osdara",
        "name_tr": "Osdara",
        "desc_tr": "Antik Kenti, Ref.: BAtlas 64 E4 Osdara"
      },
      "geometry": {
        "type": "Point",
        "coordinates": [
          37.328382,
          38.240638
        ]
      }
    },
    {
      "type": "Feature",
      "properties": {
        "name": "Ouarsapa",
        "desc": "An ancient place, cited: BAtlas 64 E4 Ouarsapa",
        "name_tr": "Ouarsapa",
        "desc_tr": "Antik Kenti, Ref.: BAtlas 64 E4 Ouarsapa"
      },
      "geometry": {
        "type": "Point",
        "coordinates": [
          37.215215,
          38.349553
        ]
      }
    },
    {
      "type": "Feature",
      "properties": {
        "name": "Phiara",
        "desc": "An ancient place, cited: BAtlas 64 D1 Phiara",
        "name_tr": "Phiara",
        "desc_tr": "Antik Kenti, Ref.: BAtlas 64 D1 Phiara"
      },
      "geometry": {
        "type": "Point",
        "coordinates": [
          36.594603,
          39.864116
        ]
      }
    },
    {
      "type": "Feature",
      "properties": {
        "name": "Pusatlı",
        "desc": "An ancient place, cited: BAtlas 64 B4 Pusatlı",
        "name_tr": "Pusatlı",
        "desc_tr": "Antik Kenti, Ref.: BAtlas 64 B4 Pusatlı"
      },
      "geometry": {
        "type": "Point",
        "coordinates": [
          35.723728,
          38.405244
        ]
      }
    },
    {
      "type": "Feature",
      "properties": {
        "name": "Rümdiğin",
        "desc": "An ancient place, cited: BAtlas 64 B2 Rümdiğin",
        "name_tr": "Rümdiğin",
        "desc_tr": "Antik Kenti, Ref.: BAtlas 64 B2 Rümdiğin"
      },
      "geometry": {
        "type": "Point",
        "coordinates": [
          35.4023645,
          39.1127375
        ]
      }
    },
    {
      "type": "Feature",
      "properties": {
        "name": "Sartona",
        "desc": "An ancient place, cited: BAtlas 64 G3 Sartona",
        "name_tr": "Sartona",
        "desc_tr": "Antik Kenti, Ref.: BAtlas 64 G3 Sartona"
      },
      "geometry": {
        "type": "Point",
        "coordinates": [
          38.45064,
          38.697036
        ]
      }
    },
    {
      "type": "Feature",
      "properties": {
        "name": "Sebasteia/Megalopolis?/Talaura?",
        "desc": "An ancient place, cited: BAtlas 64 E1 Sebasteia/Megalopolis?/Talaura?",
        "name_tr": "Sebasteia/Megalopolis?/Talaura?",
        "desc_tr": "Antik kenti, Ref.: BAtlas 64 E1 Sebasteia/Megalopolis?/Talaura?"
      },
      "geometry": {
        "type": "Point",
        "coordinates": [
          37.016607,
          39.7490195
        ]
      }
    },
    {
      "type": "Feature",
      "properties": {
        "name": "Sebastopolis/Herakleopolis/Karana?",
        "desc": "An ancient place, cited: BAtlas 64 C1 Sebastopolis/Herakleopolis/Karana?",
        "name_tr": "Sebastopolis/Herakleopolis/Karana?",
        "desc_tr": "Antik Kenti, Ref.: BAtlas 64 C1 Sebastopolis/Herakleopolis/Karana?"
      },
      "geometry": {
        "type": "Point",
        "coordinates": [
          36.083369477,
          39.9973910489
        ]
      }
    },
    {
      "type": "Feature",
      "properties": {
        "name": "Semissos/Sam(m)a Castorum",
        "desc": "An ancient place, cited: BAtlas 64 G4 Semissos/Sam(m)a Castorum",
        "name_tr": "Semissos/Sam(m)a Castorum",
        "desc_tr": "Antik bölge, Ref.: BAtlas 64 G4 Semissos/Sam(m)a Castorum"
      },
      "geometry": {
        "type": "Point",
        "coordinates": [
          38.254621,
          38.384671
        ]
      }
    },
    {
      "type": "Feature",
      "properties": {
        "name": "Serm(o)usa",
        "desc": "An ancient place, cited: BAtlas 64 B1 Serm(o)usa",
        "name_tr": "Serm(o)usa",
        "desc_tr": "Antik Kenti, Ref.: BAtlas 64 B1 Serm(o)usa"
      },
      "geometry": {
        "type": "Point",
        "coordinates": [
          35.784297,
          39.992919
        ]
      }
    },
    {
      "type": "Feature",
      "properties": {
        "name": "Sibora/Foroba?",
        "desc": "An ancient place, cited: BAtlas 64 A1 Sibora/Foroba?",
        "name_tr": "Sibora/Foroba?",
        "desc_tr": "Antik Kenti, Ref.: BAtlas 64 A1 Ziborah/Forum?"
      },
      "geometry": {
        "type": "Point",
        "coordinates": [
          35.2864275,
          39.6976455
        ]
      }
    },
    {
      "type": "Feature",
      "properties": {
        "name": "Siniskolon",
        "desc": "An ancient place, cited: BAtlas 64 G3 Siniskolon",
        "name_tr": "Siniskolon",
        "desc_tr": "Antik Kenti, Ref.: BAtlas 64 G3 Siniskolon"
      },
      "geometry": {
        "type": "Point",
        "coordinates": [
          38.132024,
          38.625474
        ]
      }
    },
    {
      "type": "Feature",
      "properties": {
        "name": "Siricis",
        "desc": "An ancient place, cited: BAtlas 64 C4 Siricis",
        "name_tr": "Siricis",
        "desc_tr": "Antik Kenti, Ref.: BAtlas 64 C4 Siricis"
      },
      "geometry": {
        "type": "Point",
        "coordinates": [
          36.458778,
          38.204189
        ]
      }
    },
    {
      "type": "Feature",
      "properties": {
        "name": "Skandos",
        "desc": "An ancient place, cited: BAtlas 64 B3 Skandos",
        "name_tr": "Skandos",
        "desc_tr": "Antik Kenti, Ref.: BAtlas 64 B3 Skandos"
      },
      "geometry": {
        "type": "Point",
        "coordinates": [
          35.400559,
          38.730968
        ]
      }
    },
    {
      "type": "Feature",
      "properties": {
        "name": "Sobagena",
        "desc": "An ancient place, cited: BAtlas 64 D4 Sobagena",
        "name_tr": "Sobagena",
        "desc_tr": "Antik Kenti, Ref.: BAtlas 64 D4 Sobagena"
      },
      "geometry": {
        "type": "Point",
        "coordinates": [
          36.832506,
          38.481109
        ]
      }
    },
    {
      "type": "Feature",
      "properties": {
        "name": "Söğütlü",
        "desc": "An ancient place, cited: BAtlas 64 B4 Söğütlü",
        "name_tr": "Söğütlü",
        "desc_tr": "An ancient place, cited: BAtlas 64 B4 Söğütlü"
      },
      "geometry": {
        "type": "Point",
        "coordinates": [
          35.782775,
          38.308347
        ]
      }
    },
    {
      "type": "Feature",
      "properties": {
        "name": "Symposion/In Medio?",
        "desc": "An ancient place, cited: BAtlas 64 D3 Symposion/In Medio?",
        "name_tr": "Symposion/In Medio?",
        "desc_tr": "Antik Kenti, Ref.: BAtlas 64 D3 Symposion/In Medio?"
      },
      "geometry": {
        "type": "Point",
        "coordinates": [
          36.674519,
          38.9383575
        ]
      }
    },
    {
      "type": "Feature",
      "properties": {
        "name": "Tanadaris",
        "desc": "An ancient place, cited: BAtlas 64 D4 Tanadaris",
        "name_tr": "Tanadaris",
        "desc_tr": "Antik Kenti, Ref.: BAtlas 64 D4 Tanadaris"
      },
      "geometry": {
        "type": "Point",
        "coordinates": [
          36.913591,
          38.422166
        ]
      }
    },
    {
      "type": "Feature",
      "properties": {
        "name": "Taranta",
        "desc": "An ancient place, cited: BAtlas 64 E3 Taranta",
        "name_tr": "Taranta",
        "desc_tr": "Antik Kenti, Ref.: BAtlas 64 E3 Taranta"
      },
      "geometry": {
        "type": "Point",
        "coordinates": [
          37.495094,
          38.551738
        ]
      }
    },
    {
      "type": "Feature",
      "properties": {
        "name": "Tomarza",
        "desc": "An ancient place, cited: BAtlas 64 B4 Tomarza",
        "name_tr": "Tomarza",
        "desc_tr": "Antik Kenti, Ref.: BAtlas 64 B4 Tomarza"
      },
      "geometry": {
        "type": "Point",
        "coordinates": [
          35.793767,
          38.445475
        ]
      }
    },
    {
      "type": "Feature",
      "properties": {
        "name": "Tonosa",
        "desc": "An ancient place, cited: BAtlas 64 D2 Tonosa",
        "name_tr": "Tonosa",
        "desc_tr": "Alıntı yapılan eski bir yer: BAtlas 64 D2 Tonosa"
      },
      "geometry": {
        "type": "Point",
        "coordinates": [
          36.75576,
          39.283695
        ]
      }
    },
    {
      "type": "Feature",
      "properties": {
        "name": "Zara",
        "desc": "An ancient place, cited: BAtlas 64 F1 Zara",
        "name_tr": "Zara",
        "desc_tr": "Antik Kenti, Ref.: BAtlas 64 F1 Zara"
      },
      "geometry": {
        "type": "Point",
        "coordinates": [
          37.755439,
          39.89671
        ]
      }
    },
    {
      "type": "Feature",
      "properties": {
        "name": "Zizoatra",
        "desc": "An ancient place, cited: BAtlas 64 F4 Zizoatra",
        "name_tr": "Zizoatra",
        "desc_tr": "Antik Kenti, Ref.: BAtlas 64 F4 Zizoatra"
      },
      "geometry": {
        "type": "Point",
        "coordinates": [
          37.885929,
          38.094834
        ]
      }
    },
    {
      "type": "Feature",
      "properties": {
        "name": "Zoana",
        "desc": "An ancient place, cited: BAtlas 64 E2 Zoana",
        "name_tr": "Zoana",
        "desc_tr": "Antik Kenti, Ref.: BAtlas 64 E2 Zoana"
      },
      "geometry": {
        "type": "Point",
        "coordinates": [
          37.091813,
          39.408267
        ]
      }
    },
    {
      "type": "Feature",
      "properties": {
        "name": "Larissa",
        "desc": "An ancient place in Cappadocia, lying on a Peutinger map route between \"Arasaxa\" and \"Incilissa\" (the latter possibly a false toponym resulting from scribal error). Modern attempts to identify a precise location are inconclusive.",
        "name_tr": "Larissa",
        "desc_tr": "Kapadokya'da, Peutinger haritasında &quot;Arasaxa&quot; ile &quot;İncilissa&quot; (ikincisi muhtemelen bir yazım hatasından kaynaklanan yanlış bir yer adı) arasında uzanan antik bir yer. Kesin bir konum belirlemeye yönelik modern girişimler sonuçsuz kalmıştır."
      },
      "geometry": {
        "type": "Point",
        "coordinates": [
          35.87671,
          38.6239795
        ]
      }
    },
    {
      "type": "Feature",
      "properties": {
        "name": "Ağva",
        "desc": "An ancient place, cited: BAtlas 65 E4 Ağva",
        "name_tr": "Ağva",
        "desc_tr": "Antik Kenti, Ref.: BAtlas 65 E4 Ağva"
      },
      "geometry": {
        "type": "Point",
        "coordinates": [
          30.553527,
          36.561021
        ]
      }
    },
    {
      "type": "Feature",
      "properties": {
        "name": "Adada",
        "desc": "An ancient place, cited: BAtlas 65 E2 Adada",
        "name_tr": "Adada",
        "desc_tr": "Antik Kenti, Ref.: BAtlas 65 E2 Adada"
      },
      "geometry": {
        "type": "Point",
        "coordinates": [
          30.983431,
          37.5785016667
        ]
      }
    },
    {
      "type": "Feature",
      "properties": {
        "name": "[Agrai]",
        "desc": "An ancient place, cited: BAtlas 65 E2 [Agrai]",
        "name_tr": "[Agrai]",
        "desc_tr": "Alıntılanan eski bir yer: BAtlas 65 E2 [Agrai]"
      },
      "geometry": {
        "type": "Point",
        "coordinates": [
          30.642907,
          37.951412
        ]
      }
    },
    {
      "type": "Feature",
      "properties": {
        "name": "Akalissos",
        "desc": "An ancient place, cited: BAtlas 65 D4 Akalissos",
        "name_tr": "Akalissos",
        "desc_tr": "Antik Kenti, Ref.: BAtlas 65 D4 Akalissos"
      },
      "geometry": {
        "type": "Point",
        "coordinates": [
          30.0723055,
          36.637178
        ]
      }
    },
    {
      "type": "Feature",
      "properties": {
        "name": "Alassos",
        "desc": "An ancient place, cited: BAtlas 65 D3 Alassos",
        "name_tr": "Alassos",
        "desc_tr": "Antik kenti, Ref.: BAtlas 65 D3 Alassos"
      },
      "geometry": {
        "type": "Point",
        "coordinates": [
          30.108423,
          37.427777
        ]
      }
    },
    {
      "type": "Feature",
      "properties": {
        "name": "Aloanda?",
        "desc": "An ancient place, cited: BAtlas 65 B4 Aloanda?",
        "name_tr": "Aloanda?",
        "desc_tr": "Antik Kenti, Ref.: BAtlas 65 B4 Aloanda?"
      },
      "geometry": {
        "type": "Point",
        "coordinates": [
          29.27309,
          36.566059
        ]
      }
    },
    {
      "type": "Feature",
      "properties": {
        "name": "Amblada",
        "desc": "An ancient place, cited: BAtlas 65 G2 Amblada",
        "name_tr": "Amblada",
        "desc_tr": "Antik Kenti, Ref.: BAtlas 65 G2 Amblada"
      },
      "geometry": {
        "type": "Point",
        "coordinates": [
          31.7386345,
          37.518578
        ]
      }
    },
    {
      "type": "Feature",
      "properties": {
        "name": "Anaboura",
        "desc": "An ancient place, cited: BAtlas 65 F1 Anaboura",
        "name_tr": "Anaboura",
        "desc_tr": "Antik Kenti, Ref.: BAtlas 65 F1 Anaboura"
      },
      "geometry": {
        "type": "Point",
        "coordinates": [
          31.285104,
          37.990797
        ]
      }
    },
    {
      "type": "Feature",
      "properties": {
        "name": "Anaua/Sanaos",
        "desc": "An ancient place, cited: BAtlas 65 C2 Anaua/Sanaos",
        "name_tr": "Anaua/Sanaos",
        "desc_tr": "Antik Kenti, Ref.: BAtlas 65 C2 Anaua/Sanaos"
      },
      "geometry": {
        "type": "Point",
        "coordinates": [
          29.8094275,
          37.8891725
        ]
      }
    },
    {
      "type": "Feature",
      "properties": {
        "name": "Andeda",
        "desc": "An ancient place, cited: BAtlas 65 D3 Andeda",
        "name_tr": "Andeda",
        "desc_tr": "Antik Kenti, Ref.: BAtlas 65 D3 Andeda"
      },
      "geometry": {
        "type": "Point",
        "coordinates": [
          30.259927,
          37.27201
        ]
      }
    },
    {
      "type": "Feature",
      "properties": {
        "name": "Andriake",
        "desc": "An ancient settlement in modern Demre on the southern part of the Teke Peninsula, west of the Gulf of Antalya in Turkey. Located about 5 kilometers southwest of the ancient city of Myra, Andriake served as its port.",
        "name_tr": "Andriake",
        "desc_tr": "Türkiye'de, Antalya Körfezi'nin batısında, Teke Yarımadası'nın güney kesiminde, modern Demre'de bulunan antik bir yerleşim yeri. Myra antik kentinin yaklaşık 5 kilometre güneybatısında yer alan Andriake, kentin limanı olarak hizmet veriyordu."
      },
      "geometry": {
        "type": "Point",
        "coordinates": [
          29.9555115734,
          36.2259158296
        ]
      }
    },
    {
      "type": "Feature",
      "properties": {
        "name": "Antiochia ad Maeandrum",
        "desc": "Antiochia ad Maeandrum was an ancient city in Caria located near Basaran, Aydin, Turkey.",
        "name_tr": "Antiochia ad Maeandrum",
        "desc_tr": "Antiochia ad Maeandrum, Türkiye'nin Aydın ilinin Başaran ilçesi yakınlarında bulunan Karya bölgesinde bulunan antik bir kenttir."
      },
      "geometry": {
        "type": "Point",
        "coordinates": [
          28.548284,
          37.873542
        ]
      }
    },
    {
      "type": "Feature",
      "properties": {
        "name": "Antiphellos/Habesos",
        "desc": "Antiphellos/Habesos was an ancient settlement in Lycia.",
        "name_tr": "Antiphellos/Habesos",
        "desc_tr": "Antiphellos/Habesos, Likya'nın antik bir yerleşim yeriydi."
      },
      "geometry": {
        "type": "Point",
        "coordinates": [
          29.634935,
          36.199973
        ]
      }
    },
    {
      "type": "Feature",
      "properties": {
        "name": "Apamea/Kelainai/Kibotos",
        "desc": "Apamea/Kelainai/Kibotos (modern Dinar) was an ancient settlement of Phrygia located at a road junction linking Ionia to the east. In 333 BC Alexander the Great installed his general Antigonos as satrap of Phrygia.",
        "name_tr": "Apamea/Kelainai/Kibotos",
        "desc_tr": "Apamea/Kelainai/Kibotos (günümüzde Dinar), İyonya'yı doğuya bağlayan bir yol kavşağında bulunan eski bir Frigya yerleşim yeriydi. MÖ 333'te Büyük İskender, generali Antigonos'u Frigya satrapı olarak atadı."
      },
      "geometry": {
        "type": "Point",
        "coordinates": [
          30.169066275,
          38.068301025
        ]
      }
    },
    {
      "type": "Feature",
      "properties": {
        "name": "Aperlae",
        "desc": "Aperlae was a coastal settlement of Lycia. Its ancient economy is linked to the production of Tyrian purple.",
        "name_tr": "Aperlae",
        "desc_tr": "Aperlae, Likya'nın kıyı yerleşimlerinden biriydi. Antik çağdaki ekonomisi, Tirus moru üretimine dayanıyordu."
      },
      "geometry": {
        "type": "Point",
        "coordinates": [
          29.7821787,
          36.159605
        ]
      }
    },
    {
      "type": "Feature",
      "properties": {
        "name": "Aphrodisias",
        "desc": "Aphrodisias was a Greek city located in Caria. It is notable especially for the state of its archaeological preservation. The site was inscribed on UNESCO's World Heritage List in July 2017.",
        "name_tr": "Aphrodisias",
        "desc_tr": "Afrodisias, Karya'da bulunan bir Yunan kentiydi. Özellikle arkeolojik koruma durumuyla dikkat çekiyor. Alan, Temmuz 2017'de UNESCO Dünya Mirası Listesi'ne dahil edildi."
      },
      "geometry": {
        "type": "Point",
        "coordinates": [
          28.7238151978,
          37.7085024666
        ]
      }
    },
    {
      "type": "Feature",
      "properties": {
        "name": "Apollonia",
        "desc": "An ancient settlement of Lycia, located just south of modern Sahilkılınçlı, in Turkey's Antalya province.",
        "name_tr": "Apollonia",
        "desc_tr": "Türkiye'nin Antalya ilinde, bugünkü Sahilkılınçlı ilçesinin hemen güneyinde yer alan antik bir Likya yerleşim yeri."
      },
      "geometry": {
        "type": "Point",
        "coordinates": [
          29.7643675538,
          36.1866100551
        ]
      }
    },
    {
      "type": "Feature",
      "properties": {
        "name": "Apollonia Salbakes",
        "desc": "An ancient place, cited: BAtlas 65 B2 Apollonia Salbakes",
        "name_tr": "Apollonia Salbakes",
        "desc_tr": "Alıntı yapılan eski bir yer: BAtlas 65 B2 Apollonia Salbakes"
      },
      "geometry": {
        "type": "Point",
        "coordinates": [
          29.039064,
          37.51511
        ]
      }
    },
    {
      "type": "Feature",
      "properties": {
        "name": "Apollonia/Mordiaion/Sozopolis",
        "desc": "An ancient place, cited: BAtlas 65 D1 Apollonia/Mordiaion/Sozopolis",
        "name_tr": "Apollonia/Mordiaion/Sozopolis",
        "desc_tr": "Antik Kenti, Ref.: BAtlas 65 D1 Apollonia/Mordiaion/Sozopolis"
      },
      "geometry": {
        "type": "Point",
        "coordinates": [
          30.46384,
          38.0757215
        ]
      }
    },
    {
      "type": "Feature",
      "properties": {
        "name": "Aporidos Come",
        "desc": "An ancient place, cited: BAtlas 65 D1 Aporidos Come",
        "name_tr": "Aporidos Come",
        "desc_tr": "Antik Kenti, Ref.: BAtlas 65 D1 Aporidos Come"
      },
      "geometry": {
        "type": "Point",
        "coordinates": [
          30.2769782,
          38.0751225
        ]
      }
    },
    {
      "type": "Feature",
      "properties": {
        "name": "Araxa",
        "desc": "An ancient place, cited: BAtlas 65 B4 Araxa",
        "name_tr": "Araxa",
        "desc_tr": "Antik Kenti, Ref.: BAtlas 65 B4 Araxa"
      },
      "geometry": {
        "type": "Point",
        "coordinates": [
          29.3837026667,
          36.7513153333
        ]
      }
    },
    {
      "type": "Feature",
      "properties": {
        "name": "Ariassos",
        "desc": "Ariassos is located in Pisidia and is mentioned by several ancient sources, including Ptolemy.",
        "name_tr": "Ariassos",
        "desc_tr": "Ariassos, Pisidya'da yer alır ve Ptolemaios da dahil olmak üzere birçok antik kaynakta adı geçer."
      },
      "geometry": {
        "type": "Point",
        "coordinates": [
          30.4711135,
          37.1808705
        ]
      }
    },
    {
      "type": "Feature",
      "properties": {
        "name": "Arnabanda",
        "desc": "An ancient place, cited: BAtlas 65 C5 Arnabanda",
        "name_tr": "Arnabanda",
        "desc_tr": "Alıntı yapılan eski bir yer: BAtlas 65 C5 Arnabanda"
      },
      "geometry": {
        "type": "Point",
        "coordinates": [
          29.91431,
          36.32843
        ]
      }
    },
    {
      "type": "Feature",
      "properties": {
        "name": "Arneai",
        "desc": "An ancient place, cited: BAtlas 65 C5 Arneai",
        "name_tr": "Arneai",
        "desc_tr": "Antik Kenti, Ref.: BAtlas 65 C5 Arneai"
      },
      "geometry": {
        "type": "Point",
        "coordinates": [
          29.8643273333,
          36.434125
        ]
      }
    },
    {
      "type": "Feature",
      "properties": {
        "name": "Arsada",
        "desc": "An ancient place, cited: BAtlas 65 B5 Arsada",
        "name_tr": "Arsada",
        "desc_tr": "Antik kenti, Ref.: BAtlas 65 B5 Arsada"
      },
      "geometry": {
        "type": "Point",
        "coordinates": [
          29.410971,
          36.5020725
        ]
      }
    },
    {
      "type": "Feature",
      "properties": {
        "name": "Artymnissos/Perdikiai",
        "desc": "An ancient place, cited: BAtlas 65 B5 Artymnissos/Perdikiai",
        "name_tr": "Artymnissos/Perdikiai",
        "desc_tr": "Antik kenti, Ref.: BAtlas 65 B5 Artymnissos/Perdikiai"
      },
      "geometry": {
        "type": "Point",
        "coordinates": [
          29.129566,
          36.502931
        ]
      }
    },
    {
      "type": "Feature",
      "properties": {
        "name": "Arykanda",
        "desc": "An ancient place, cited: BAtlas 65 D4 Arykanda",
        "name_tr": "Arykanda",
        "desc_tr": "Antik Kenti, Ref.: BAtlas 65 D4 Arykanda"
      },
      "geometry": {
        "type": "Point",
        "coordinates": [
          30.0586829519,
          36.5135862018
        ]
      }
    },
    {
      "type": "Feature",
      "properties": {
        "name": "Arykanda",
        "desc": "An ancient place, cited: BAtlas 65 D4 Arykanda (1)",
        "name_tr": "Arykanda",
        "desc_tr": "Antik Kenti, Ref.: BAtlas 65 D4 Arykanda (1)"
      },
      "geometry": {
        "type": "Point",
        "coordinates": [
          30.0588594,
          36.5146036
        ]
      }
    },
    {
      "type": "Feature",
      "properties": {
        "name": "Arymaxa",
        "desc": "An ancient place, cited: BAtlas 65 A4 Arymaxa",
        "name_tr": "Arymaxa",
        "desc_tr": "Antik Kenti, Ref.: BAtlas 65 A4 Arymaxa"
      },
      "geometry": {
        "type": "Point",
        "coordinates": [
          28.855993,
          36.639928
        ]
      }
    },
    {
      "type": "Feature",
      "properties": {
        "name": "Asar",
        "desc": "An ancient place, cited: BAtlas 65 E3 Asar",
        "name_tr": "Asar",
        "desc_tr": "Antik Kenti, Ref.: BAtlas 65 E3 Asar"
      },
      "geometry": {
        "type": "Point",
        "coordinates": [
          30.7477765,
          37.302077
        ]
      }
    },
    {
      "type": "Feature",
      "properties": {
        "name": "Asarbaşı",
        "desc": "An ancient place, cited: BAtlas 65 F3 Asarbaşı",
        "name_tr": "Asarbaşı",
        "desc_tr": "Alıntı yapılan antik bir yer: BAtlas 65 F3 Asarbaşı"
      },
      "geometry": {
        "type": "Point",
        "coordinates": [
          31.218292,
          37.357667
        ]
      }
    },
    {
      "type": "Feature",
      "properties": {
        "name": "Aspendos/Primoupolis",
        "desc": "An ancient place, cited: BAtlas 65 F4 Aspendos/Primoupolis",
        "name_tr": "Aspendos/Primoupolis",
        "desc_tr": "Antik Kenti, Ref.: BAtlas 65 F4 Aspendos/Primoupolis"
      },
      "geometry": {
        "type": "Point",
        "coordinates": [
          31.172222,
          36.938889
        ]
      }
    },
    {
      "type": "Feature",
      "properties": {
        "name": "Attalea",
        "desc": "Now the modern Antalya, Attalea was established in 150 B.C. on the coast of Pamphylia by Attalus II.",
        "name_tr": "Attalea",
        "desc_tr": "Günümüzde Antalya olarak bilinen Attalea, MÖ 150 yılında Attalos II tarafından Pamfilya kıyılarında kurulmuştur."
      },
      "geometry": {
        "type": "Point",
        "coordinates": [
          30.699968,
          36.8903095
        ]
      }
    },
    {
      "type": "Feature",
      "properties": {
        "name": "Attouda",
        "desc": "An ancient settlement, located at modern Hisar köyü in Turkey.",
        "name_tr": "Attouda",
        "desc_tr": "Türkiye'nin Hisar köyünde bulunan antik bir yerleşim yeri."
      },
      "geometry": {
        "type": "Point",
        "coordinates": [
          28.8068786667,
          37.8390473333
        ]
      }
    },
    {
      "type": "Feature",
      "properties": {
        "name": "Aulutrena",
        "desc": "A Roman castellum, located adjacent to the ancient settlement of Aporidos Come and the Aulutrene lake (modern Çapalı/Karakuyu in Turkey's Afyonkarahisar province). An initial (temporary?) camp on/near the location may have been established as early as the second century BC; however, archaeological and epigraphic evidence point to a small, stone-built installation with associated garrison, possibly during the Severan period that was later expanded in Byzantine times. The stone structure, at the modern town of Eldere, was heavily quarried and built over by the 1980s.",
        "name_tr": "Aulutrena",
        "desc_tr": "Antik Aporidos Come yerleşiminin ve Aulutrene Gölü'nün (günümüzde Türkiye'nin Afyonkarahisar ilindeki Çapalı/Karakuyu) bitişiğinde bulunan bir Roma kalesi. MÖ 2. yüzyıl gibi erken bir tarihte, bu yerleşim yerinde/yakınında (geçici?) bir ilk kamp kurulmuş olabilir; ancak arkeolojik ve epigrafik kanıtlar, muhtemelen Severuslar döneminde inşa edilmiş ve daha sonra Bizans döneminde genişletilmiş, küçük, taştan yapılmış bir garnizona işaret ediyor. Günümüzdeki Eldere kasabasında bulunan taş yapı, 1980'lerde yoğun bir şekilde taş ocağı işletilmiş ve üzerine yeni yapılar inşa edilmiştir."
      },
      "geometry": {
        "type": "Point",
        "coordinates": [
          30.2769782,
          38.0751225
        ]
      }
    },
    {
      "type": "Feature",
      "properties": {
        "name": "Aunesis",
        "desc": "An ancient place, cited: BAtlas 65 G4 Aunesis",
        "name_tr": "Aunesis",
        "desc_tr": "Antik Kenti, Ref.: BAtlas 65 G4 Aunesis"
      },
      "geometry": {
        "type": "Point",
        "coordinates": [
          31.952227,
          36.562539
        ]
      }
    },
    {
      "type": "Feature",
      "properties": {
        "name": "Aydolin Kale",
        "desc": "An ancient place, cited: BAtlas 65 G4 Aydolin Kale",
        "name_tr": "Aydolin Kale",
        "desc_tr": "Antik Kenti, Ref.: BAtlas 65 G4 Aydolin Kale"
      },
      "geometry": {
        "type": "Point",
        "coordinates": [
          31.819965,
          36.737352
        ]
      }
    },
    {
      "type": "Feature",
      "properties": {
        "name": "Balboura",
        "desc": "An ancient place, cited: BAtlas 65 C4 Balboura",
        "name_tr": "Balboura",
        "desc_tr": "Antik Kenti, Ref.: BAtlas 65 C4 Balboura"
      },
      "geometry": {
        "type": "Point",
        "coordinates": [
          29.581139,
          36.95522
        ]
      }
    },
    {
      "type": "Feature",
      "properties": {
        "name": "Baris",
        "desc": "An ancient place, cited: BAtlas 65 D2 Baris",
        "name_tr": "Baris",
        "desc_tr": "Antik Kenti, Ref.: BAtlas 65 D2 Baris"
      },
      "geometry": {
        "type": "Point",
        "coordinates": [
          30.524116,
          37.761005
        ]
      }
    },
    {
      "type": "Feature",
      "properties": {
        "name": "Bindaios",
        "desc": "An ancient place, cited: BAtlas 65 E2 Bindaios",
        "name_tr": "Bindaios",
        "desc_tr": "Antik Kenti, Ref.: BAtlas 65 E2 Bindaios"
      },
      "geometry": {
        "type": "Point",
        "coordinates": [
          30.721302,
          37.8658935
        ]
      }
    },
    {
      "type": "Feature",
      "properties": {
        "name": "Boubon",
        "desc": "An ancient place, cited: BAtlas 65 B4 Boubon",
        "name_tr": "Boubon",
        "desc_tr": "Antik Kenti, Ref.: BAtlas 65 B4 Boubon"
      },
      "geometry": {
        "type": "Point",
        "coordinates": [
          29.407828,
          36.968283
        ]
      }
    },
    {
      "type": "Feature",
      "properties": {
        "name": "Brioula",
        "desc": "An ancient place, cited: BAtlas 65 A2 Brioula",
        "name_tr": "Brioula",
        "desc_tr": "Antik Kenti, Ref.: BAtlas 65 A2 Brioula"
      },
      "geometry": {
        "type": "Point",
        "coordinates": [
          28.649583,
          37.961027
        ]
      }
    },
    {
      "type": "Feature",
      "properties": {
        "name": "Caunus",
        "desc": "An ancient city of Caria in southwest Asia Minor.",
        "name_tr": "Caunus",
        "desc_tr": "Küçük Asya'nın güneybatısındaki Karya'nın antik kenti."
      },
      "geometry": {
        "type": "Point",
        "coordinates": [
          28.6220848204,
          36.8252878635
        ]
      }
    },
    {
      "type": "Feature",
      "properties": {
        "name": "Çaykenarı",
        "desc": "An ancient place, cited: BAtlas 65 D3 Çaykenarı",
        "name_tr": "Çaykenarı",
        "desc_tr": "Antik Kenti, Ref.: BAtlas 65 D3 Çaykenarı"
      },
      "geometry": {
        "type": "Point",
        "coordinates": [
          30.334433,
          37.202938
        ]
      }
    },
    {
      "type": "Feature",
      "properties": {
        "name": "Hacımusalar Höyük",
        "desc": "A large settlement mound in modern Turkey's Elmalı basin where habitation from the Early Bronze Age through the Byzantine period has been documented. The city was known to Greek and Roman authors as Choma.",
        "name_tr": "Hacımusalar Höyük",
        "desc_tr": "Günümüzde Türkiye'nin Elmalı Havzası'nda bulunan ve Erken Tunç Çağı'ndan Bizans dönemine kadar yerleşimin belgelendiği büyük bir yerleşim höyüğü. Kent, Yunan ve Roma yazarları tarafından Choma olarak biliniyordu."
      },
      "geometry": {
        "type": "Point",
        "coordinates": [
          29.8360091859,
          36.6423821546
        ]
      }
    },
    {
      "type": "Feature",
      "properties": {
        "name": "Cibyra",
        "desc": "An ancient Greek city, largely rebuilt in the early Roman empire after a major earthquake. Kibyra is located near the modern town of Göhlisar (formerly Horzum) in Turkey's Burdur province.",
        "name_tr": "Cibyra",
        "desc_tr": "Erken Roma İmparatorluğu döneminde büyük bir depremden sonra büyük ölçüde yeniden inşa edilen antik bir Yunan kenti olan Kibyra, Türkiye'nin Burdur ilinde, modern Göhlisar (eski adıyla Horzum) kasabasının yakınında yer almaktadır."
      },
      "geometry": {
        "type": "Point",
        "coordinates": [
          29.49215475,
          37.15943905
        ]
      }
    },
    {
      "type": "Feature",
      "properties": {
        "name": "Colossae",
        "desc": "An ancient place, cited: BAtlas 65 B2 Colossae",
        "name_tr": "Colossae",
        "desc_tr": "Antik Kenti, Ref.: BAtlas 65 B2 Colossae"
      },
      "geometry": {
        "type": "Point",
        "coordinates": [
          29.2599208967,
          37.7867946862
        ]
      }
    },
    {
      "type": "Feature",
      "properties": {
        "name": "Comama/Col. Iulia Augusta Prima Fida",
        "desc": "An ancient place, cited: BAtlas 65 D3 Comama/Col. Iulia Augusta Prima Fida",
        "name_tr": "Comama/Col. Iulia Augusta Prima Fida",
        "desc_tr": "Antik Kenti, Ref.: BAtlas 65 D3 Comama/Col. Iulia Augusta Prima Fida"
      },
      "geometry": {
        "type": "Point",
        "coordinates": [
          30.3143186667,
          37.3220943333
        ]
      }
    },
    {
      "type": "Feature",
      "properties": {
        "name": "Conana/Iustinianopolis?",
        "desc": "An ancient place, cited: BAtlas 65 E2 Conana/Iustinianopolis?",
        "name_tr": "Conana/Iustinianopolis?",
        "desc_tr": "Antik Kenti, Ref.: BAtlas 65 E2 Conana/Iustinapolis?"
      },
      "geometry": {
        "type": "Point",
        "coordinates": [
          30.5129015,
          37.955905
        ]
      }
    },
    {
      "type": "Feature",
      "properties": {
        "name": "Cremna/Col. Iulia Augusta Felix",
        "desc": "A significant Hellenistic settlement of Pisidia that received an Augustan colony, taking the name Colonia Iulia Augusta Felix Cremnensium.",
        "name_tr": "Cremna/Col. Iulia Augusta Felix",
        "desc_tr": "Pisidya'nın önemli bir Helenistik yerleşim yeri olup, Augustan kolonisi tarafından Colonia Iulia Augusta Felix Cremnensium ismiyle anılmıştır."
      },
      "geometry": {
        "type": "Point",
        "coordinates": [
          30.689022848,
          37.4987716792
        ]
      }
    },
    {
      "type": "Feature",
      "properties": {
        "name": "Daidala",
        "desc": "An ancient place, cited: BAtlas 65 A4 Daidala",
        "name_tr": "Daidala",
        "desc_tr": "Alıntı yapılan eski bir yer: BAtlas 65 A4 Daidala"
      },
      "geometry": {
        "type": "Point",
        "coordinates": [
          28.97686,
          36.751747
        ]
      }
    },
    {
      "type": "Feature",
      "properties": {
        "name": "Damasei?",
        "desc": "An ancient place, cited: BAtlas 65 C5 Damasei?",
        "name_tr": "Damasei?",
        "desc_tr": "Antik Kenti, Ref.: BAtlas 65 C5 Damasei?"
      },
      "geometry": {
        "type": "Point",
        "coordinates": [
          29.983386,
          36.29873
        ]
      }
    },
    {
      "type": "Feature",
      "properties": {
        "name": "Dereağzı",
        "desc": "An ancient place, cited: BAtlas 65 C5 Dereağzı",
        "name_tr": "Dereağzı",
        "desc_tr": "Antik Kenti, Ref.: BAtlas 65 C5 Dereağzı"
      },
      "geometry": {
        "type": "Point",
        "coordinates": [
          29.8151070527,
          36.334788043
        ]
      }
    },
    {
      "type": "Feature",
      "properties": {
        "name": "Elbessos",
        "desc": "An ancient place, cited: BAtlas 65 C4 Elbessos",
        "name_tr": "Elbessos",
        "desc_tr": "Antik Kenti, Ref.: BAtlas 65 C4 Elbessos"
      },
      "geometry": {
        "type": "Point",
        "coordinates": [
          29.641536,
          36.689489
        ]
      }
    },
    {
      "type": "Feature",
      "properties": {
        "name": "*Eleinokapria",
        "desc": "An ancient place, cited: BAtlas 65 B2 *Eleinokapria",
        "name_tr": "*Eleinokapria",
        "desc_tr": "Antik Kenti, Ref.: BAtlas 65 B2 *Eleinokapria"
      },
      "geometry": {
        "type": "Point",
        "coordinates": [
          29.229825,
          37.81905
        ]
      }
    },
    {
      "type": "Feature",
      "properties": {
        "name": "Erymna",
        "desc": "An ancient place, cited: BAtlas 65 G3 Erymna",
        "name_tr": "Erymna",
        "desc_tr": "Antik Kenti, Ref.: BAtlas 65 G3 Erymna"
      },
      "geometry": {
        "type": "Point",
        "coordinates": [
          31.584094,
          37.0733965
        ]
      }
    },
    {
      "type": "Feature",
      "properties": {
        "name": "Etenna",
        "desc": "An ancient place, cited: BAtlas 65 F3 Etenna",
        "name_tr": "Etenna",
        "desc_tr": "Antik Kenti, Ref.: BAtlas 65 F3 Etenna"
      },
      "geometry": {
        "type": "Point",
        "coordinates": [
          31.44275,
          36.9973045
        ]
      }
    },
    {
      "type": "Feature",
      "properties": {
        "name": "Eudokias?",
        "desc": "An ancient place, cited: BAtlas 65 E4 Eudokias?",
        "name_tr": "Eudokias?",
        "desc_tr": "Antik Kenti, Ref.: BAtlas 65 E4 Eudokias?"
      },
      "geometry": {
        "type": "Point",
        "coordinates": [
          30.595919,
          36.955167
        ]
      }
    },
    {
      "type": "Feature",
      "properties": {
        "name": "Eukereia",
        "desc": "An ancient place, cited: BAtlas 65 C3 Eukereia",
        "name_tr": "Eukereia",
        "desc_tr": "Antik kenti, Ref.: BAtlas 65 C3 Eukereia"
      },
      "geometry": {
        "type": "Point",
        "coordinates": [
          29.925364,
          37.0831125
        ]
      }
    },
    {
      "type": "Feature",
      "properties": {
        "name": "Euxine",
        "desc": "An ancient place, cited: BAtlas 65 A4 Euxine",
        "name_tr": "Euxine",
        "desc_tr": "Antik Kenti, Ref.: BAtlas 65 A4 Euxine"
      },
      "geometry": {
        "type": "Point",
        "coordinates": [
          28.715749,
          36.837326
        ]
      }
    },
    {
      "type": "Feature",
      "properties": {
        "name": "Gagai/Palaion Teichos",
        "desc": "An ancient place, cited: BAtlas 65 D5 Gagai/Palaion Teichos",
        "name_tr": "Gagai/Palaion Teichos",
        "desc_tr": "Alıntı yapılan eski bir yer: BAtlas 65 D5 Gagai/Palaion Teichos"
      },
      "geometry": {
        "type": "Point",
        "coordinates": [
          30.345197,
          36.2911173333
        ]
      }
    },
    {
      "type": "Feature",
      "properties": {
        "name": "Görle",
        "desc": "An ancient place, cited: BAtlas 65 A2 Görle",
        "name_tr": "Görle",
        "desc_tr": "Antik Kenti, Ref.: BAtlas 65 A2 Görle"
      },
      "geometry": {
        "type": "Point",
        "coordinates": [
          28.63242,
          37.54995
        ]
      }
    },
    {
      "type": "Feature",
      "properties": {
        "name": "Hadrianopolis/Hadriani",
        "desc": "An ancient place, cited: BAtlas 65 D3 Hadrianopolis/Hadriani",
        "name_tr": "Hadrianopolis/Hadriani",
        "desc_tr": "Antik Kenti, Ref.: BAtlas 65 D3 Hadrianopolis/Hadriani"
      },
      "geometry": {
        "type": "Point",
        "coordinates": [
          30.04333,
          37.506828
        ]
      }
    },
    {
      "type": "Feature",
      "properties": {
        "name": "Hamaxia?",
        "desc": "An ancient place, cited: BAtlas 65 G4 Hamaxia?",
        "name_tr": "Hamaxia?",
        "desc_tr": "Antik Kenti, Ref.: BAtlas 65 G4 Hamaxia?"
      },
      "geometry": {
        "type": "Point",
        "coordinates": [
          31.9395582303,
          36.5784088996
        ]
      }
    },
    {
      "type": "Feature",
      "properties": {
        "name": "Hemalissoi",
        "desc": "An ancient place, cited: BAtlas 65 C5 Hemalissoi",
        "name_tr": "Hemalissoi",
        "desc_tr": "Antik Kenti, Ref.: BAtlas 65 C5 Hemalissoi"
      },
      "geometry": {
        "type": "Point",
        "coordinates": [
          29.981339,
          36.336555
        ]
      }
    },
    {
      "type": "Feature",
      "properties": {
        "name": "Herakleia Salbakes",
        "desc": "An ancient place, cited: BAtlas 65 A2 Herakleia Salbakes",
        "name_tr": "Herakleia Salbakes",
        "desc_tr": "Antik Kenti, Ref.: BAtlas 65 A2 Herakleia Salbakes"
      },
      "geometry": {
        "type": "Point",
        "coordinates": [
          29.003497,
          37.632878
        ]
      }
    },
    {
      "type": "Feature",
      "properties": {
        "name": "Hierapolis/Pamukkale",
        "desc": "Hierapolis (modern Pamukkale in Turkey's Denizli province) was a major ancient city in Phrygia located at the site of hot springs in southwestern Anatolia. The site was designated as a UNESCO World Heritage Site in 1988.",
        "name_tr": "Hierapolis/Pamukkale",
        "desc_tr": "Hierapolis (günümüzde Türkiye'nin Denizli ilindeki Pamukkale), güneybatı Anadolu'da kaplıcaların bulunduğu bölgede yer alan Frigya'nın önemli bir antik kentiydi. 1988 yılında UNESCO Dünya Mirası Listesi'ne alınmıştır."
      },
      "geometry": {
        "type": "Point",
        "coordinates": [
          29.127859,
          37.926925
        ]
      }
    },
    {
      "type": "Feature",
      "properties": {
        "name": "Hippoukome",
        "desc": "An ancient place, cited: BAtlas 65 B4 Hippoukome",
        "name_tr": "Hippoukome",
        "desc_tr": "Antik Kenti, Ref.: BAtlas 65 B4 Hippoukome"
      },
      "geometry": {
        "type": "Point",
        "coordinates": [
          29.0269935,
          36.8335245
        ]
      }
    },
    {
      "type": "Feature",
      "properties": {
        "name": "*Hyia",
        "desc": "An ancient place, cited: BAtlas 65 E3 *Hyia",
        "name_tr": "*Hyia",
        "desc_tr": "Antik Kenti, Ref.: BAtlas 65 E3 *Hyia"
      },
      "geometry": {
        "type": "Point",
        "coordinates": [
          30.561826,
          37.415414
        ]
      }
    },
    {
      "type": "Feature",
      "properties": {
        "name": "Idebessos",
        "desc": "Idebessos was an ancient city of Lycia.",
        "name_tr": "Idebessos",
        "desc_tr": "İdebessos, Likya'nın antik bir kentiydi."
      },
      "geometry": {
        "type": "Point",
        "coordinates": [
          30.202995,
          36.554976
        ]
      }
    },
    {
      "type": "Feature",
      "properties": {
        "name": "Idyros?",
        "desc": "An ancient place, cited: BAtlas 65 E4 Idyros?",
        "name_tr": "Idyros?",
        "desc_tr": "Antik Kenti, Ref.: BAtlas 65 E4 İdyros?"
      },
      "geometry": {
        "type": "Point",
        "coordinates": [
          30.559807,
          36.60261
        ]
      }
    },
    {
      "type": "Feature",
      "properties": {
        "name": "Ilyas",
        "desc": "An ancient place, cited: BAtlas 65 D2 Ilyas",
        "name_tr": "Ilyas",
        "desc_tr": "Antik Kenti, Ref.: BAtlas 65 D2 İlyas"
      },
      "geometry": {
        "type": "Point",
        "coordinates": [
          30.198157,
          37.803384
        ]
      }
    },
    {
      "type": "Feature",
      "properties": {
        "name": "Isinda (Lycian)",
        "desc": "Ruins of the walled acropolis of ancient Isinda in Lycia are variously said by modern scholars to be located either \"above\" or 2-3km south of the modern Turkish village of Belenli, which is in Antalya province. BAtlas and OpenStreetMap generally agree (within their accuracy and precision limits) with the location further south.",
        "name_tr": "Isinda (Lycian)",
        "desc_tr": "Likya'daki antik İsinda'nın surlarla çevrili akropolünün kalıntılarının, modern bilim insanları tarafından Antalya ilindeki Belenli köyünün &quot;yukarısında&quot; veya 2-3 km güneyinde yer aldığı çeşitli kaynaklarca belirtilmektedir. BAtlas ve OpenStreetMap, genel olarak (doğruluk ve kesinlik sınırları dahilinde) daha güneydeki konum konusunda hemfikirdir."
      },
      "geometry": {
        "type": "Point",
        "coordinates": [
          29.7050042412,
          36.1789696976
        ]
      }
    },
    {
      "type": "Feature",
      "properties": {
        "name": "Isinda (Pisidian)",
        "desc": "An ancient settlement of Pisidia, located at modern Korkuteli in Turkey's Antalya province. The acropolis hill was heavily damaged by the construction of the modern dam in the 20th century. The majority of the ancient settlement probably lay to the east of the acropolis and is now covered by the neighborhood of Alaaddin (Alaeddin Mahalessi).",
        "name_tr": "Isinda (Pisidian)",
        "desc_tr": "Türkiye'nin Antalya ili, Korkuteli ilçesinde bulunan antik bir Pisidya yerleşim yeri. Akropol tepesi, 20. yüzyılda inşa edilen modern baraj nedeniyle ağır hasar görmüştür. Antik yerleşimin büyük kısmı muhtemelen akropolün doğusunda yer almakta olup, günümüzde Alaaddin Mahallesi tarafından kaplanmaktadır."
      },
      "geometry": {
        "type": "Point",
        "coordinates": [
          30.167205,
          37.080851
        ]
      }
    },
    {
      "type": "Feature",
      "properties": {
        "name": "*Istlada",
        "desc": "Ruins of an ancient town located in a now-uninhabited forest area near the modern Turkish town of Kapaklı in the Demre district of Antalya province. Its ancient name is known only from fragmentary epigraphic sources of the Hellenistic period, but archaeological investigation has demonstrated occupation and development from the 3rd century BCE through late antiquity, with some modest habitation continuing in the medieval period.",
        "name_tr": "*Istlada",
        "desc_tr": "Antalya ilinin Demre ilçesine bağlı, günümüzde ıssız bir ormanlık alanda bulunan antik bir yerleşimin kalıntıları. Kentin antik adı yalnızca Helenistik döneme ait parçalı epigrafik kaynaklardan bilinmektedir; ancak arkeolojik araştırmalar, MÖ 3. yüzyıldan geç antik çağa kadar yerleşim ve gelişme olduğunu, Orta Çağ'da da mütevazı bir yerleşimin devam ettiğini göstermektedir."
      },
      "geometry": {
        "type": "Point",
        "coordinates": [
          29.8877553,
          36.2184043
        ]
      }
    },
    {
      "type": "Feature",
      "properties": {
        "name": "Kadyanda",
        "desc": "An ancient place, cited: BAtlas 65 B4 Kadyanda",
        "name_tr": "Kadyanda",
        "desc_tr": "Alıntı yapılan eski bir yer: BAtlas 65 B4 Kadyanda"
      },
      "geometry": {
        "type": "Point",
        "coordinates": [
          29.2354824,
          36.71673635
        ]
      }
    },
    {
      "type": "Feature",
      "properties": {
        "name": "Kagrai",
        "desc": "An ancient place, cited: BAtlas 65 G3 Kagrai",
        "name_tr": "Kagrai",
        "desc_tr": "Antik Kenti, Ref.: BAtlas 65 G3 Kagrai"
      },
      "geometry": {
        "type": "Point",
        "coordinates": [
          31.7622005,
          37.192804
        ]
      }
    },
    {
      "type": "Feature",
      "properties": {
        "name": "*Kaklouma",
        "desc": "An ancient place, cited: BAtlas 65 G3 *Kaklouma",
        "name_tr": "*Kaklouma",
        "desc_tr": "Antik Kenti, Ref.: BAtlas 65 G3 *Kaklouma"
      },
      "geometry": {
        "type": "Point",
        "coordinates": [
          31.625353,
          37.346968
        ]
      }
    },
    {
      "type": "Feature",
      "properties": {
        "name": "Kallimache",
        "desc": "An ancient place, cited: BAtlas 65 A4 Kallimache",
        "name_tr": "Kallimache",
        "desc_tr": "Antik Kenti, Ref.: BAtlas 65 A4 Kallimache"
      },
      "geometry": {
        "type": "Point",
        "coordinates": [
          28.946779,
          36.756324
        ]
      }
    },
    {
      "type": "Feature",
      "properties": {
        "name": "Kalynda",
        "desc": "A settlement attested in ancient literature. Despite some suggestions to the contrary, scholarly consensus continues to identify Kalynda with an archaeological site at the modern village of Şerefler (formerly Kozpınar) in Turkey's Muğla province.",
        "name_tr": "Kalynda",
        "desc_tr": "Antik literatürde yer alan bir yerleşim yeri. Bazı iddiaların aksine, akademik çevreler Kalynda'nın Türkiye'nin Muğla ilindeki Şerefler (eski adıyla Kozpınar) köyündeki bir arkeolojik alanla özdeşleştirildiği konusunda hemfikir."
      },
      "geometry": {
        "type": "Point",
        "coordinates": [
          28.835859,
          36.750652
        ]
      }
    },
    {
      "type": "Feature",
      "properties": {
        "name": "Kandyba",
        "desc": "An ancient place, cited: BAtlas 65 C5 Kandyba",
        "name_tr": "Kandyba",
        "desc_tr": "Antik Kenti, Ref.: BAtlas 65 C5 Kandyba"
      },
      "geometry": {
        "type": "Point",
        "coordinates": [
          29.66173925,
          36.30942825
        ]
      }
    },
    {
      "type": "Feature",
      "properties": {
        "name": "Kapıkaya",
        "desc": "An ancient place, cited: BAtlas 65 E2 Kapıkaya",
        "name_tr": "Kapıkaya",
        "desc_tr": "Antik Kenti, Ref.: BAtlas 65 E2 Kapıkaya"
      },
      "geometry": {
        "type": "Point",
        "coordinates": [
          30.761065,
          37.658089
        ]
      }
    },
    {
      "type": "Feature",
      "properties": {
        "name": "Karallia",
        "desc": "An ancient place, cited: BAtlas 65 G4 Karallia",
        "name_tr": "Karallia",
        "desc_tr": "Antik Kenti, Ref.: BAtlas 65 G4 Karallia"
      },
      "geometry": {
        "type": "Point",
        "coordinates": [
          31.8979665,
          36.6684745
        ]
      }
    },
    {
      "type": "Feature",
      "properties": {
        "name": "Karkabo",
        "desc": "An ancient place, cited: BAtlas 65 D5 Karkabo",
        "name_tr": "Karkabo",
        "desc_tr": "Alıntı yapılan eski bir yer: BAtlas 65 D5 Karkabo"
      },
      "geometry": {
        "type": "Point",
        "coordinates": [
          30.018321,
          36.338342
        ]
      }
    },
    {
      "type": "Feature",
      "properties": {
        "name": "Karmylessos?",
        "desc": "An ancient place, cited: BAtlas 65 B4 Karmylessos?",
        "name_tr": "Karmylessos?",
        "desc_tr": "Antik kenti, Ref.: BAtlas 65 B4 Karmylessos?"
      },
      "geometry": {
        "type": "Point",
        "coordinates": [
          29.0902432003,
          36.5743717643
        ]
      }
    },
    {
      "type": "Feature",
      "properties": {
        "name": "Karoura",
        "desc": "An ancient place, cited: BAtlas 65 A2 Karoura",
        "name_tr": "Karoura",
        "desc_tr": "Antik Kenti, Ref.: BAtlas 65 A2 Karoura"
      },
      "geometry": {
        "type": "Point",
        "coordinates": [
          28.822929,
          37.940338
        ]
      }
    },
    {
      "type": "Feature",
      "properties": {
        "name": "Kasai",
        "desc": "An ancient place, cited: BAtlas 65 G4 Kasai",
        "name_tr": "Kasai",
        "desc_tr": "Antik Kenti, Ref.: BAtlas 65 G4 Kasai"
      },
      "geometry": {
        "type": "Point",
        "coordinates": [
          31.959845,
          36.8495915
        ]
      }
    },
    {
      "type": "Feature",
      "properties": {
        "name": "Kastellon?",
        "desc": "An ancient place, cited: BAtlas 65 C5 Kastellon?",
        "name_tr": "Kastellon?",
        "desc_tr": "Antik kenti, Ref.: BAtlas 65 C5 Kastellon?"
      },
      "geometry": {
        "type": "Point",
        "coordinates": [
          29.974313,
          36.291555
        ]
      }
    },
    {
      "type": "Feature",
      "properties": {
        "name": "Kendema?",
        "desc": "An ancient place, cited: BAtlas 65 C5 Kendema?",
        "name_tr": "Kendema?",
        "desc_tr": "Antik Kenti, Ref.: BAtlas 65 C5 Kendema?"
      },
      "geometry": {
        "type": "Point",
        "coordinates": [
          29.982829,
          36.28323
        ]
      }
    },
    {
      "type": "Feature",
      "properties": {
        "name": "Kepez Kalesi",
        "desc": "An ancient place, cited: BAtlas 65 D2 Kepez Kalesi",
        "name_tr": "Kepez Kalesi",
        "desc_tr": "An ancient place, cited: BAtlas 65 D2 Kepez Kalesi"
      },
      "geometry": {
        "type": "Point",
        "coordinates": [
          30.437151,
          37.581964
        ]
      }
    },
    {
      "type": "Feature",
      "properties": {
        "name": "*Keraia",
        "desc": "An ancient place, cited: BAtlas 65 E2 *Keraia",
        "name_tr": "*Keraia",
        "desc_tr": "Antik Kenti, Ref.: BAtlas 65 E2 *Keraia"
      },
      "geometry": {
        "type": "Point",
        "coordinates": [
          30.6016183731,
          37.5123684899
        ]
      }
    },
    {
      "type": "Feature",
      "properties": {
        "name": "Keretapa?/Diokaisareia?",
        "desc": "An ancient place, cited: BAtlas 65 C2 Keretapa?/Diokaisareia?",
        "name_tr": "Keretapa?/Diokaisareia?",
        "desc_tr": "Antik Kenti, Ref.: BAtlas 65 C2 Keretapa?/Diokaisareia?"
      },
      "geometry": {
        "type": "Point",
        "coordinates": [
          29.926031,
          37.493664
        ]
      }
    },
    {
      "type": "Feature",
      "properties": {
        "name": "Kibyra Mikra",
        "desc": "An ancient place, cited: BAtlas 65 G4 Kibyra Mikra",
        "name_tr": "Kibyra Mikra",
        "desc_tr": "Antik Kenti, Ref.: BAtlas 65 G4 Kibyra Mikra"
      },
      "geometry": {
        "type": "Point",
        "coordinates": [
          31.659825,
          36.659851
        ]
      }
    },
    {
      "type": "Feature",
      "properties": {
        "name": "*Kidrama",
        "desc": "An ancient place, cited: BAtlas 65 B3 *Kidrama",
        "name_tr": "*Kidrama",
        "desc_tr": "Antik Kenti, Ref.: BAtlas 65 B3 *Kidrama"
      },
      "geometry": {
        "type": "Point",
        "coordinates": [
          29.129469,
          37.354017
        ]
      }
    },
    {
      "type": "Feature",
      "properties": {
        "name": "*Kilaraza",
        "desc": "An ancient place, cited: BAtlas 65 B2 *Kilaraza",
        "name_tr": "*Kilaraza",
        "desc_tr": "Antik Kenti, Ref.: BAtlas 65 B2 *Kilaraza"
      },
      "geometry": {
        "type": "Point",
        "coordinates": [
          29.03415,
          37.839314
        ]
      }
    },
    {
      "type": "Feature",
      "properties": {
        "name": "Kitanaura",
        "desc": "An ancient place, cited: BAtlas 65 D4 Kitanaura",
        "name_tr": "Kitanaura",
        "desc_tr": "Antik Kenti, Ref.: BAtlas 65 D4 Kitanaura"
      },
      "geometry": {
        "type": "Point",
        "coordinates": [
          30.36531645,
          36.646858
        ]
      }
    },
    {
      "type": "Feature",
      "properties": {
        "name": "Kodroula",
        "desc": "An ancient place, cited: BAtlas 65 D3 Kodroula",
        "name_tr": "Kodroula",
        "desc_tr": "Antik Kenti, Ref.: BAtlas 65 D3 Kodroula"
      },
      "geometry": {
        "type": "Point",
        "coordinates": [
          30.351609,
          37.436975
        ]
      }
    },
    {
      "type": "Feature",
      "properties": {
        "name": "Kolbasa",
        "desc": "An ancient place, cited: BAtlas 65 D3 Kolbasa",
        "name_tr": "Kolbasa",
        "desc_tr": "Antik Kenti, Ref.: BAtlas 65 D3 Kolbasa"
      },
      "geometry": {
        "type": "Point",
        "coordinates": [
          30.408802,
          37.4599246667
        ]
      }
    },
    {
      "type": "Feature",
      "properties": {
        "name": "Kolybrassos",
        "desc": "An ancient city of Cilicia Trachea.",
        "name_tr": "Kolybrassos",
        "desc_tr": "Kilikya'nın antik kenti Trakya."
      },
      "geometry": {
        "type": "Point",
        "coordinates": [
          31.9580733333,
          36.732398
        ]
      }
    },
    {
      "type": "Feature",
      "properties": {
        "name": "*Komba",
        "desc": "An ancient place, cited: BAtlas 65 C4 *Komba",
        "name_tr": "*Komba",
        "desc_tr": "Antik Kenti, Ref.: BAtlas 65 C4 *Komba"
      },
      "geometry": {
        "type": "Point",
        "coordinates": [
          29.669357,
          36.551265
        ]
      }
    },
    {
      "type": "Feature",
      "properties": {
        "name": "*Korba",
        "desc": "An ancient place, cited: BAtlas 65 C5 *Korba",
        "name_tr": "*Korba",
        "desc_tr": "Antik Kenti, Ref.: BAtlas 65 C5 *Korba"
      },
      "geometry": {
        "type": "Point",
        "coordinates": [
          29.8068675,
          36.2918525
        ]
      }
    },
    {
      "type": "Feature",
      "properties": {
        "name": "*Korma",
        "desc": "An ancient place, cited: BAtlas 65 D4 *Korma",
        "name_tr": "*Korma",
        "desc_tr": "Antik kenti, Ref.: BAtlas 65 D4 *Korma"
      },
      "geometry": {
        "type": "Point",
        "coordinates": [
          30.3003095,
          36.553099
        ]
      }
    },
    {
      "type": "Feature",
      "properties": {
        "name": "Kormasa?",
        "desc": "An ancient place, cited: BAtlas 65 D3 Kormasa?",
        "name_tr": "Kormasa?",
        "desc_tr": "Antik Kenti, Ref.: BAtlas 65 D3 Kormasa?"
      },
      "geometry": {
        "type": "Point",
        "coordinates": [
          30.1194035,
          37.5053445
        ]
      }
    },
    {
      "type": "Feature",
      "properties": {
        "name": "Korydalla",
        "desc": "An ancient place, cited: BAtlas 65 D5 Korydalla",
        "name_tr": "Korydalla",
        "desc_tr": "Antik Kenti, Ref.: BAtlas 65 D5 Korydalla"
      },
      "geometry": {
        "type": "Point",
        "coordinates": [
          30.273281,
          36.376674
        ]
      }
    },
    {
      "type": "Feature",
      "properties": {
        "name": "Korykos",
        "desc": "An ancient place, cited: BAtlas 65 D5 Korykos",
        "name_tr": "Korykos",
        "desc_tr": "Antik kenti, Ref.: BAtlas 65 D5 Korykos"
      },
      "geometry": {
        "type": "Point",
        "coordinates": [
          30.465671,
          36.435722
        ]
      }
    },
    {
      "type": "Feature",
      "properties": {
        "name": "Kotenna",
        "desc": "An ancient place, cited: BAtlas 65 G3 Kotenna",
        "name_tr": "Kotenna",
        "desc_tr": "Antik Kenti, Ref.: BAtlas 65 G3 Kotenna"
      },
      "geometry": {
        "type": "Point",
        "coordinates": [
          31.647894,
          37.024169
        ]
      }
    },
    {
      "type": "Feature",
      "properties": {
        "name": "Kretopolis",
        "desc": "Kretopolis, an ancient settlement of Pisidia discussed by both Diodorus Siculus and Ptolemy.",
        "name_tr": "Kretopolis",
        "desc_tr": "Pisidya'nın antik yerleşim yeri olan Kretopolis, Diodorus Siculus ve Ptolemaios tarafından da ele alınmıştır."
      },
      "geometry": {
        "type": "Point",
        "coordinates": [
          30.321707,
          37.374984
        ]
      }
    },
    {
      "type": "Feature",
      "properties": {
        "name": "Krya",
        "desc": "An ancient place, cited: BAtlas 65 A4 Krya",
        "name_tr": "Krya",
        "desc_tr": "Antik Kenti, Ref.: BAtlas 65 A4 Krya"
      },
      "geometry": {
        "type": "Point",
        "coordinates": [
          28.8686085,
          36.6975105
        ]
      }
    },
    {
      "type": "Feature",
      "properties": {
        "name": "Kyaneai",
        "desc": "An ancient city of Lycia and the chief settlement in the region between Antiphellos and Myra.",
        "name_tr": "Kyaneai",
        "desc_tr": "Likya'nın antik kenti ve Antiphellos ile Myra arasındaki bölgenin başlıca yerleşim yeri."
      },
      "geometry": {
        "type": "Point",
        "coordinates": [
          29.8166485,
          36.24643035
        ]
      }
    },
    {
      "type": "Feature",
      "properties": {
        "name": "Kydna/Pydnai",
        "desc": "An ancient place, cited: BAtlas 65 B5 Kydna/Pydnai",
        "name_tr": "Kydna/Pydnai",
        "desc_tr": "Antik Kenti, Ref.: BAtlas 65 B5 Kydna/Pydnai"
      },
      "geometry": {
        "type": "Point",
        "coordinates": [
          29.2317361315,
          36.3332525804
        ]
      }
    },
    {
      "type": "Feature",
      "properties": {
        "name": "Kymaria?",
        "desc": "An ancient place, cited: BAtlas 65 A4 Kymaria?",
        "name_tr": "Kymaria?",
        "desc_tr": "Antik Kenti, Ref.: BAtlas 65 A4 Kymaria?"
      },
      "geometry": {
        "type": "Point",
        "coordinates": [
          28.633505,
          36.752436
        ]
      }
    },
    {
      "type": "Feature",
      "properties": {
        "name": "Kynosarion",
        "desc": "An ancient place, cited: BAtlas 65 F4 Kynosarion",
        "name_tr": "Kynosarion",
        "desc_tr": "Antik Kenti, Ref.: BAtlas 65 F4 Kynosarion"
      },
      "geometry": {
        "type": "Point",
        "coordinates": [
          31.102713,
          36.862538
        ]
      }
    },
    {
      "type": "Feature",
      "properties": {
        "name": "Lagbe",
        "desc": "An ancient place, cited: BAtlas 65 C3 Lagbe",
        "name_tr": "Lagbe",
        "desc_tr": "Antik Kenti, Ref.: BAtlas 65 C3 Lagbe"
      },
      "geometry": {
        "type": "Point",
        "coordinates": [
          29.924947,
          37.142961
        ]
      }
    },
    {
      "type": "Feature",
      "properties": {
        "name": "Laodicea ad Lycum/Diospolis/Roas",
        "desc": "\"Laodicea on the Lycus\": an ancient settlement located near the modern village of Eskihisar (Eski Hissar) in Denizli Province, Turkey.",
        "name_tr": "Laodicea ad Lycum/Diospolis/Roas",
        "desc_tr": "&quot;Lykos'taki Laodikya&quot;: Denizli ilinin Eskihisar (Eski Hissar) köyü yakınlarında bulunan antik bir yerleşim yeri."
      },
      "geometry": {
        "type": "Point",
        "coordinates": [
          29.1073887789,
          37.8359393239
        ]
      }
    },
    {
      "type": "Feature",
      "properties": {
        "name": "*Legeita",
        "desc": "An ancient place, cited: BAtlas 65 D2 *Legeita",
        "name_tr": "*Legeita",
        "desc_tr": "Antik Kenti, Ref.: BAtlas 65 D2 *Legeita"
      },
      "geometry": {
        "type": "Point",
        "coordinates": [
          30.356445,
          37.682053
        ]
      }
    },
    {
      "type": "Feature",
      "properties": {
        "name": "Letoon",
        "desc": "Sanctuary of Leto and center of the Lycian federation.",
        "name_tr": "Letoon",
        "desc_tr": "Leto Kutsal Alanı ve Likya Federasyonu'nun merkezi."
      },
      "geometry": {
        "type": "Point",
        "coordinates": [
          29.2895647912,
          36.3317104674
        ]
      }
    },
    {
      "type": "Feature",
      "properties": {
        "name": "Limnai",
        "desc": "An ancient place, cited: BAtlas 65 E4 Limnai",
        "name_tr": "Limnai",
        "desc_tr": "Antik Kenti, Ref.: BAtlas 65 E4 Limnai"
      },
      "geometry": {
        "type": "Point",
        "coordinates": [
          30.790941,
          36.8824225
        ]
      }
    },
    {
      "type": "Feature",
      "properties": {
        "name": "Limyra",
        "desc": "An ancient settlement located at modern Yuvalılar in the district of Finike, Antalya province, Turkey.",
        "name_tr": "Limyra",
        "desc_tr": "Antalya ilinin Finike ilçesinde, bugünkü Yuvalılar yerleşim yerinde bulunan antik bir yerleşim yeri."
      },
      "geometry": {
        "type": "Point",
        "coordinates": [
          30.170061662,
          36.3418273694
        ]
      }
    },
    {
      "type": "Feature",
      "properties": {
        "name": "Lissa",
        "desc": "An ancient place, cited: BAtlas 65 A4 Lissa",
        "name_tr": "Lissa",
        "desc_tr": "Antik Kenti, Ref.: BAtlas 65 A4 Lissa"
      },
      "geometry": {
        "type": "Point",
        "coordinates": [
          28.839144,
          36.664252
        ]
      }
    },
    {
      "type": "Feature",
      "properties": {
        "name": "Lounda",
        "desc": "An ancient place, cited: BAtlas 65 B1 Lounda",
        "name_tr": "Lounda",
        "desc_tr": "Antik Kenti, Ref.: BAtlas 65 B1 Lounda"
      },
      "geometry": {
        "type": "Point",
        "coordinates": [
          29.455009,
          38.0296065
        ]
      }
    },
    {
      "type": "Feature",
      "properties": {
        "name": "Lydai",
        "desc": "An ancient place, cited: BAtlas 65 A4 Lydai",
        "name_tr": "Lydai",
        "desc_tr": "Antik Kenti, Ref.: BAtlas 65 A4 Lydai"
      },
      "geometry": {
        "type": "Point",
        "coordinates": [
          28.857562,
          36.614695
        ]
      }
    },
    {
      "type": "Feature",
      "properties": {
        "name": "*Lyrba",
        "desc": "An ancient place, cited: BAtlas 65 E4 *Lyrba",
        "name_tr": "*Lyrba",
        "desc_tr": "Antik Kenti, Ref.: BAtlas 65 E4 *Lyrba"
      },
      "geometry": {
        "type": "Point",
        "coordinates": [
          30.7189705,
          36.9935095
        ]
      }
    },
    {
      "type": "Feature",
      "properties": {
        "name": "Lyrbe?",
        "desc": "An ancient place, cited: BAtlas 65 F4 Lyrbe?",
        "name_tr": "Lyrbe?",
        "desc_tr": "Antik Kenti, Ref.: BAtlas 65 F4 Lyrbe?"
      },
      "geometry": {
        "type": "Point",
        "coordinates": [
          31.475921,
          36.873988
        ]
      }
    },
    {
      "type": "Feature",
      "properties": {
        "name": "*Lyrna?",
        "desc": "An ancient place, cited: BAtlas 65 B4 *Lyrna?",
        "name_tr": "*Lyrna?",
        "desc_tr": "Antik kenti, Ref.: BAtlas 65 B4 *Lyrna?"
      },
      "geometry": {
        "type": "Point",
        "coordinates": [
          29.020363,
          36.959598
        ]
      }
    },
    {
      "type": "Feature",
      "properties": {
        "name": "Lysinoe",
        "desc": "An ancient place, cited: BAtlas 65 D2 Lysinoe",
        "name_tr": "Lysinoe",
        "desc_tr": "Antik Kenti, Ref.: BAtlas 65 D2 Lysinoe"
      },
      "geometry": {
        "type": "Point",
        "coordinates": [
          30.090785,
          37.7156875
        ]
      }
    },
    {
      "type": "Feature",
      "properties": {
        "name": "‘Madamprus’",
        "desc": "An ancient place, cited: BAtlas 65 C3 ‘Madamprus’",
        "name_tr": "‘Madamprus’",
        "desc_tr": "Antik kenti, Ref.: BAtlas 65 C3 'Madamprus'"
      },
      "geometry": {
        "type": "Point",
        "coordinates": [
          29.853632,
          37.121577
        ]
      }
    },
    {
      "type": "Feature",
      "properties": {
        "name": "*Magastara",
        "desc": "An ancient place, cited: BAtlas 65 D2 *Magastara",
        "name_tr": "*Magastara",
        "desc_tr": "Antik kenti, Ref.: BAtlas 65 D2 *Magastara"
      },
      "geometry": {
        "type": "Point",
        "coordinates": [
          30.388773,
          37.716197
        ]
      }
    },
    {
      "type": "Feature",
      "properties": {
        "name": "*Malgasa",
        "desc": "An ancient place, cited: BAtlas 65 D2 *Malgasa",
        "name_tr": "*Malgasa",
        "desc_tr": "Antik kenti, Ref.: BAtlas 65 D2 *Malgasa"
      },
      "geometry": {
        "type": "Point",
        "coordinates": [
          30.051409,
          37.722765
        ]
      }
    },
    {
      "type": "Feature",
      "properties": {
        "name": "Malos",
        "desc": "An ancient place, cited: BAtlas 65 F2 Malos",
        "name_tr": "Malos",
        "desc_tr": "Antik Kenti, Ref.: BAtlas 65 F2 Malos"
      },
      "geometry": {
        "type": "Point",
        "coordinates": [
          30.964867,
          37.7778086667
        ]
      }
    },
    {
      "type": "Feature",
      "properties": {
        "name": "Manava",
        "desc": "An ancient place, cited: BAtlas 65 F4 Manava",
        "name_tr": "Manava",
        "desc_tr": "Antik Kenti, Ref.: BAtlas 65 F4 Manava"
      },
      "geometry": {
        "type": "Point",
        "coordinates": [
          31.4469115,
          36.787064
        ]
      }
    },
    {
      "type": "Feature",
      "properties": {
        "name": "*Marmara?",
        "desc": "An ancient place, cited: BAtlas 65 D4 *Marmara?",
        "name_tr": "*Marmara?",
        "desc_tr": "Antik kenti, Ref.: BAtlas 65 D4 *Marmara?"
      },
      "geometry": {
        "type": "Point",
        "coordinates": [
          30.47823,
          36.661236
        ]
      }
    },
    {
      "type": "Feature",
      "properties": {
        "name": "Melanippion",
        "desc": "An ancient place, cited: BAtlas 65 D5 Melanippion",
        "name_tr": "Melanippion",
        "desc_tr": "Antik Kenti, Ref.: BAtlas 65 D5 Melanippion"
      },
      "geometry": {
        "type": "Point",
        "coordinates": [
          30.4047845,
          36.251878
        ]
      }
    },
    {
      "type": "Feature",
      "properties": {
        "name": "*Mistea/*Klaudiokaisareia",
        "desc": "An ancient place, cited: BAtlas 65 G2 *Mistea/*Klaudiokaisareia",
        "name_tr": "*Mistea/*Klaudiokaisareia",
        "desc_tr": "Antik Kenti, Ref.: BAtlas 65 G2 *Mistea/*Klaudiokaisareia"
      },
      "geometry": {
        "type": "Point",
        "coordinates": [
          31.7280785,
          37.6791055
        ]
      }
    },
    {
      "type": "Feature",
      "properties": {
        "name": "Moatra",
        "desc": "An ancient place, cited: BAtlas 65 D2 Moatra",
        "name_tr": "Moatra",
        "desc_tr": "Antik Kenti, Ref.: BAtlas 65 D2 Moatra"
      },
      "geometry": {
        "type": "Point",
        "coordinates": [
          30.285973,
          37.548665
        ]
      }
    },
    {
      "type": "Feature",
      "properties": {
        "name": "*Mokolda?",
        "desc": "An ancient place, cited: BAtlas 65 B3 *Mokolda?",
        "name_tr": "*Mokolda?",
        "desc_tr": "Antik kenti, Ref.: BAtlas 65 B3 *Mokolda?"
      },
      "geometry": {
        "type": "Point",
        "coordinates": [
          29.059625,
          37.392782
        ]
      }
    },
    {
      "type": "Feature",
      "properties": {
        "name": "Morka",
        "desc": "An ancient place, cited: BAtlas 65 E3 Morka",
        "name_tr": "Morka",
        "desc_tr": "Antik Kenti, Ref.: BAtlas 65 E3 Morka"
      },
      "geometry": {
        "type": "Point",
        "coordinates": [
          30.79518,
          37.11455
        ]
      }
    },
    {
      "type": "Feature",
      "properties": {
        "name": "Moron Hydor",
        "desc": "An ancient place, cited: BAtlas 65 D5 Moron Hydor",
        "name_tr": "Moron Hydor",
        "desc_tr": "Antik Kenti, Ref.: BAtlas 65 D5 Moron Hydor"
      },
      "geometry": {
        "type": "Point",
        "coordinates": [
          30.464609,
          36.299759
        ]
      }
    },
    {
      "type": "Feature",
      "properties": {
        "name": "Myangla?",
        "desc": "An ancient place, cited: BAtlas 65 C4 Myangla?",
        "name_tr": "Myangla?",
        "desc_tr": "Antik Kenti, Ref.: BAtlas 65 C4 Myangla?"
      },
      "geometry": {
        "type": "Point",
        "coordinates": [
          29.654187,
          36.799542
        ]
      }
    },
    {
      "type": "Feature",
      "properties": {
        "name": "Myra",
        "desc": "An ancient Lycian town",
        "name_tr": "Myra",
        "desc_tr": "Antik bir Likya kasabası"
      },
      "geometry": {
        "type": "Point",
        "coordinates": [
          29.9854502009,
          36.2585589217
        ]
      }
    },
    {
      "type": "Feature",
      "properties": {
        "name": "Neapolis",
        "desc": "An ancient place, cited: BAtlas 65 F2 Neapolis",
        "name_tr": "Neapolis",
        "desc_tr": "Antik Kenti, Ref.: BAtlas 65 F2 Neapolis"
      },
      "geometry": {
        "type": "Point",
        "coordinates": [
          31.4109468582,
          37.9975918828
        ]
      }
    },
    {
      "type": "Feature",
      "properties": {
        "name": "Nisa",
        "desc": "An ancient place, cited: BAtlas 65 C5 Nisa",
        "name_tr": "Nisa",
        "desc_tr": "Antik Kenti, Ref.: BAtlas 65 C5 Nisa"
      },
      "geometry": {
        "type": "Point",
        "coordinates": [
          29.6296235,
          36.4418965
        ]
      }
    },
    {
      "type": "Feature",
      "properties": {
        "name": "[Nymphaion]",
        "desc": "An ancient place, cited: BAtlas 65 B4 [Nymphaion]",
        "name_tr": "[Nymphaion]",
        "desc_tr": "Antik kenti, Ref.: BAtlas 65 B4 [Nymphaion]"
      },
      "geometry": {
        "type": "Point",
        "coordinates": [
          29.18713,
          36.860416
        ]
      }
    },
    {
      "type": "Feature",
      "properties": {
        "name": "Oenoanda/Termessos Mikra",
        "desc": "Oenoanda/Termessos Mikra was an ancient Greek city located in Lycia.",
        "name_tr": "Oenoanda/Termessos Mikra",
        "desc_tr": "Oenoanda/Termessos Mikra, Likya'da bulunan antik bir Yunan kentiydi."
      },
      "geometry": {
        "type": "Point",
        "coordinates": [
          29.5551845,
          36.8112455
        ]
      }
    },
    {
      "type": "Feature",
      "properties": {
        "name": "Oktapolis",
        "desc": "An ancient place, cited: BAtlas 65 A4 Oktapolis",
        "name_tr": "Oktapolis",
        "desc_tr": "Antik Kenti, Ref.: BAtlas 65 A4 Oktapolis"
      },
      "geometry": {
        "type": "Point",
        "coordinates": [
          28.930005,
          36.815349
        ]
      }
    },
    {
      "type": "Feature",
      "properties": {
        "name": "Olbasa/Col. Iulia Augusta",
        "desc": "An ancient place, cited: BAtlas 65 C3 Olbasa/Col. Iulia Augusta",
        "name_tr": "Olbasa/Col. Iulia Augusta",
        "desc_tr": "Antik Kenti, Ref.: BAtlas 65 C3 Olbasa/Col. Iulia Augusta"
      },
      "geometry": {
        "type": "Point",
        "coordinates": [
          30.009279,
          37.3075125
        ]
      }
    },
    {
      "type": "Feature",
      "properties": {
        "name": "Olbia",
        "desc": "An ancient place, cited: BAtlas 65 E4 Olbia",
        "name_tr": "Olbia",
        "desc_tr": "Antik Kenti, Ref.: BAtlas 65 E4 Olbia"
      },
      "geometry": {
        "type": "Point",
        "coordinates": [
          30.6085903333,
          36.8728833333
        ]
      }
    },
    {
      "type": "Feature",
      "properties": {
        "name": "Olympus/Hadrianopolis",
        "desc": "An ancient place, cited: BAtlas 65 D5 Olympus/Hadrianopolis",
        "name_tr": "Olympus/Hadrianopolis",
        "desc_tr": "Antik Kenti, Ref.: BAtlas 65 D5 Olympos/Hadrianopolis"
      },
      "geometry": {
        "type": "Point",
        "coordinates": [
          30.4733584101,
          36.3952647111
        ]
      }
    },
    {
      "type": "Feature",
      "properties": {
        "name": "*Onobara",
        "desc": "An ancient place, cited: BAtlas 65 E4 *Onobara",
        "name_tr": "*Onobara",
        "desc_tr": "Antik Kenti, Ref.: BAtlas 65 E4 *Onobara"
      },
      "geometry": {
        "type": "Point",
        "coordinates": [
          30.523573,
          36.813821
        ]
      }
    },
    {
      "type": "Feature",
      "properties": {
        "name": "Orloanda?",
        "desc": "An ancient place, cited: BAtlas 65 C4 Orloanda?",
        "name_tr": "Orloanda?",
        "desc_tr": "Antik Kenti, Ref.: BAtlas 65 C4 Orloanda?"
      },
      "geometry": {
        "type": "Point",
        "coordinates": [
          29.5225745,
          36.7392705
        ]
      }
    },
    {
      "type": "Feature",
      "properties": {
        "name": "*Orokenda",
        "desc": "An ancient place, cited: BAtlas 65 G4 *Orokenda",
        "name_tr": "*Orokenda",
        "desc_tr": "Antik kenti, Ref.: BAtlas 65 G4 *Orokenda"
      },
      "geometry": {
        "type": "Point",
        "coordinates": [
          31.5884075,
          36.864812
        ]
      }
    },
    {
      "type": "Feature",
      "properties": {
        "name": "*Orpeena",
        "desc": "An ancient place, cited: BAtlas 65 C4 *Orpeena",
        "name_tr": "*Orpeena",
        "desc_tr": "Antik kenti, Ref.: BAtlas 65 C4 *Orpeena"
      },
      "geometry": {
        "type": "Point",
        "coordinates": [
          29.807892,
          36.8316725
        ]
      }
    },
    {
      "type": "Feature",
      "properties": {
        "name": "Ouasada",
        "desc": "An ancient place, cited: BAtlas 65 G2 Ouasada",
        "name_tr": "Ouasada",
        "desc_tr": "Antik Kenti, Ref.: BAtlas 65 G2 Ouasada"
      },
      "geometry": {
        "type": "Point",
        "coordinates": [
          31.9244045,
          37.4952375
        ]
      }
    },
    {
      "type": "Feature",
      "properties": {
        "name": "*Ouerbe",
        "desc": "An ancient place, cited: BAtlas 65 D3 *Ouerbe",
        "name_tr": "*Ouerbe",
        "desc_tr": "Antik Kenti, Ref.: BAtlas 65 D3 *Ouerbe"
      },
      "geometry": {
        "type": "Point",
        "coordinates": [
          30.266414,
          37.239357
        ]
      }
    },
    {
      "type": "Feature",
      "properties": {
        "name": "Ovacık",
        "desc": "An ancient place, cited: BAtlas 65 D4 Ovacık",
        "name_tr": "Ovacık",
        "desc_tr": "Antik Kenti, Ref.: BAtlas 65 D4 Ovacık"
      },
      "geometry": {
        "type": "Point",
        "coordinates": [
          30.12998,
          36.738576
        ]
      }
    },
    {
      "type": "Feature",
      "properties": {
        "name": "Panemoteichos",
        "desc": "An ancient place, cited: BAtlas 65 E3 Panemoteichos",
        "name_tr": "Panemoteichos",
        "desc_tr": "Antik Kenti, Ref.: BAtlas 65 E3 Panemoteichos"
      },
      "geometry": {
        "type": "Point",
        "coordinates": [
          30.500706,
          37.264347
        ]
      }
    },
    {
      "type": "Feature",
      "properties": {
        "name": "Pappa/Tiberiopolis",
        "desc": "An ancient place, cited: BAtlas 65 G2 Pappa/Tiberiopolis",
        "name_tr": "Pappa/Tiberiopolis",
        "desc_tr": "Antik Kenti, Ref.: BAtlas 65 G2 Pappa/Tiberiopolis"
      },
      "geometry": {
        "type": "Point",
        "coordinates": [
          31.923399,
          37.904232
        ]
      }
    },
    {
      "type": "Feature",
      "properties": {
        "name": "Parlais/Col. Iulia Augusta Hadriana",
        "desc": "An ancient place, cited: BAtlas 65 E1 Parlais/Col. Iulia Augusta Hadriana",
        "name_tr": "Parlais/Col. Iulia Augusta Hadriana",
        "desc_tr": "Antik Kenti, Ref.: BAtlas 65 E1 Parlais/Col. Julia Augusta Hadriana"
      },
      "geometry": {
        "type": "Point",
        "coordinates": [
          30.7878535,
          38.0148725
        ]
      }
    },
    {
      "type": "Feature",
      "properties": {
        "name": "Pasanda",
        "desc": "An ancient place, cited: BAtlas 65 A4 Pasanda",
        "name_tr": "Pasanda",
        "desc_tr": "Alıntı yapılan antik bir yer: BAtlas 65 A4 Pasanda"
      },
      "geometry": {
        "type": "Point",
        "coordinates": [
          28.6928795,
          36.7810675
        ]
      }
    },
    {
      "type": "Feature",
      "properties": {
        "name": "Patara/Arsinoe",
        "desc": "Patara/Arsinoe was an ancient maritime center of southwest Lycia.",
        "name_tr": "Patara/Arsinoe",
        "desc_tr": "Patara/Arsinoe, güneybatı Likya'nın antik bir denizcilik merkeziydi."
      },
      "geometry": {
        "type": "Point",
        "coordinates": [
          29.314501,
          36.2617946667
        ]
      }
    },
    {
      "type": "Feature",
      "properties": {
        "name": "*Pedaia",
        "desc": "An ancient place, cited: BAtlas 65 G2 *Pedaia",
        "name_tr": "*Pedaia",
        "desc_tr": "Antik Kenti, Ref.: BAtlas 65 G2 *Pedaia"
      },
      "geometry": {
        "type": "Point",
        "coordinates": [
          31.873662,
          37.634612
        ]
      }
    },
    {
      "type": "Feature",
      "properties": {
        "name": "Pednelissos",
        "desc": "Pednelissos was an ancient settlement in Pisidia near to the Eurymedon river.",
        "name_tr": "Pednelissos",
        "desc_tr": "Pednelissos, Pisidya'da Eurymedon Nehri'nin yakınında bulunan antik bir yerleşim yeriydi."
      },
      "geometry": {
        "type": "Point",
        "coordinates": [
          30.9350826667,
          37.213573
        ]
      }
    },
    {
      "type": "Feature",
      "properties": {
        "name": "Perge",
        "desc": "An ancient Greek city of Asia Minor and capital of Pamphylia.",
        "name_tr": "Perge",
        "desc_tr": "Küçük Asya'nın eski bir Yunan şehri ve Pamfilya'nın başkenti."
      },
      "geometry": {
        "type": "Point",
        "coordinates": [
          30.8532586013,
          36.9644656053
        ]
      }
    },
    {
      "type": "Feature",
      "properties": {
        "name": "*Perminounda",
        "desc": "An ancient place, cited: BAtlas 65 D3 *Perminounda",
        "name_tr": "*Perminounda",
        "desc_tr": "Antik Kenti, Ref.: BAtlas 65 D3 *Perminounda"
      },
      "geometry": {
        "type": "Point",
        "coordinates": [
          30.446562,
          37.327588
        ]
      }
    },
    {
      "type": "Feature",
      "properties": {
        "name": "Phaselis",
        "desc": "An ancient place, cited: BAtlas 65 E4 Phaselis",
        "name_tr": "Phaselis",
        "desc_tr": "Antik Kenti, Ref.: BAtlas 65 E4 Phaselis"
      },
      "geometry": {
        "type": "Point",
        "coordinates": [
          30.5521665258,
          36.5234921886
        ]
      }
    },
    {
      "type": "Feature",
      "properties": {
        "name": "Phellos",
        "desc": "A Lycian settlement located near modern Çukurbağ.",
        "name_tr": "Phellos",
        "desc_tr": "Günümüzdeki Çukurbağ yakınlarında bulunan bir Likya yerleşimi."
      },
      "geometry": {
        "type": "Point",
        "coordinates": [
          29.662237,
          36.242821
        ]
      }
    },
    {
      "type": "Feature",
      "properties": {
        "name": "Phoinike",
        "desc": "An ancient place, cited: BAtlas 65 B5 Phoinike",
        "name_tr": "Phoinike",
        "desc_tr": "Antik Kenti, Ref.: BAtlas 65 B5 Phoinike"
      },
      "geometry": {
        "type": "Point",
        "coordinates": [
          29.421226,
          36.264588
        ]
      }
    },
    {
      "type": "Feature",
      "properties": {
        "name": "Phoinix",
        "desc": "An ancient place, cited: BAtlas 65 D5 Phoinix",
        "name_tr": "Phoinix",
        "desc_tr": "Antik Kenti, Ref.: BAtlas 65 D5 Phoinix"
      },
      "geometry": {
        "type": "Point",
        "coordinates": [
          30.139016,
          36.292959
        ]
      }
    },
    {
      "type": "Feature",
      "properties": {
        "name": "Pinara",
        "desc": "Pinara was a city of Lycia located at the foot of Mount Cragus (now Mount Babadağ).",
        "name_tr": "Pinara",
        "desc_tr": "Pınara, Cragus Dağı'nın (şimdiki Babadağ) eteklerinde kurulmuş bir Likya kentiydi."
      },
      "geometry": {
        "type": "Point",
        "coordinates": [
          29.2520353333,
          36.4938063333
        ]
      }
    },
    {
      "type": "Feature",
      "properties": {
        "name": "*Pisarissos",
        "desc": "An ancient place, cited: BAtlas 65 G4 *Pisarissos",
        "name_tr": "*Pisarissos",
        "desc_tr": "Antik Kenti, Ref.: BAtlas 65 G4 *Pisarissos"
      },
      "geometry": {
        "type": "Point",
        "coordinates": [
          31.728062,
          36.660868
        ]
      }
    },
    {
      "type": "Feature",
      "properties": {
        "name": "Plakoma",
        "desc": "An ancient place, cited: BAtlas 65 C5 Plakoma",
        "name_tr": "Plakoma",
        "desc_tr": "Antik Kenti, Ref.: BAtlas 65 C5 Plakoma"
      },
      "geometry": {
        "type": "Point",
        "coordinates": [
          29.96511,
          36.383422
        ]
      }
    },
    {
      "type": "Feature",
      "properties": {
        "name": "Plarasa",
        "desc": "An ancient place, cited: BAtlas 65 A2 Plarasa",
        "name_tr": "Plarasa",
        "desc_tr": "Antik Kenti, Ref.: BAtlas 65 A2 Plarasa"
      },
      "geometry": {
        "type": "Point",
        "coordinates": [
          28.634407,
          37.623843
        ]
      }
    },
    {
      "type": "Feature",
      "properties": {
        "name": "*Plinnena",
        "desc": "An ancient place, cited: BAtlas 65 D1 *Plinnena",
        "name_tr": "*Plinnena",
        "desc_tr": "Antik Kenti, Ref.: BAtlas 65 D1 *Plinnena"
      },
      "geometry": {
        "type": "Point",
        "coordinates": [
          30.354744,
          38.047144
        ]
      }
    },
    {
      "type": "Feature",
      "properties": {
        "name": "Podalia",
        "desc": "An ancient place, cited: BAtlas 65 D4 Podalia",
        "name_tr": "Podalia",
        "desc_tr": "Antik Kenti, Ref.: BAtlas 65 D4 Podalia"
      },
      "geometry": {
        "type": "Point",
        "coordinates": [
          30.0502865,
          36.685542
        ]
      }
    },
    {
      "type": "Feature",
      "properties": {
        "name": "Pogla",
        "desc": "An ancient place, cited: BAtlas 65 D3 Pogla",
        "name_tr": "Pogla",
        "desc_tr": "Antik Kenti, Ref.: BAtlas 65 D3 Pogla"
      },
      "geometry": {
        "type": "Point",
        "coordinates": [
          30.2599525,
          37.301977
        ]
      }
    },
    {
      "type": "Feature",
      "properties": {
        "name": "*Polyetta",
        "desc": "An ancient place, cited: BAtlas 65 C3 *Polyetta",
        "name_tr": "*Polyetta",
        "desc_tr": "Antik Kenti, Ref.: BAtlas 65 C3 *Polyetta"
      },
      "geometry": {
        "type": "Point",
        "coordinates": [
          29.9241485,
          37.4342875
        ]
      }
    },
    {
      "type": "Feature",
      "properties": {
        "name": "[Praetoria]",
        "desc": "An ancient place, cited: BAtlas 65 D2 [Praetoria]",
        "name_tr": "[Praetoria]",
        "desc_tr": "Alıntı yapılan eski bir yer: BAtlas 65 D2 [Praetoria]"
      },
      "geometry": {
        "type": "Point",
        "coordinates": [
          30.3049095,
          37.730496
        ]
      }
    },
    {
      "type": "Feature",
      "properties": {
        "name": "Prostanna",
        "desc": "A city of Pisidia, the site of Prostanna is located near modern Eğridir in Turkey in a saddle between the peak of Sivri Tepe and the main body of Davras Daği. Prostanna is mentioned in two literary sources (Ptolemy 5.5.7 and a listing of of bishops attending the Council of Constantinople in 381). The name is also attested in an inscription from Delos that dates ca. 113 B.C.",
        "name_tr": "Prostanna",
        "desc_tr": "Pisidya'da bir şehir olan Prostanna, Türkiye'nin Eğridir ilçesi yakınlarında, Sivri Tepe zirvesi ile Davras Dağı'nın ana gövdesi arasında bir sırtta yer almaktadır. Prostanna'dan iki edebi kaynakta (Ptolemaios 5.5.7 ve 381'deki Konstantinopolis Konsili'ne katılan piskoposların bir listesi) bahsedilmektedir. Ayrıca, Delos'ta bulunan ve yaklaşık MÖ 113 yılına tarihlenen bir yazıtta da adı geçmektedir."
      },
      "geometry": {
        "type": "Point",
        "coordinates": [
          30.82742,
          37.852779
        ]
      }
    },
    {
      "type": "Feature",
      "properties": {
        "name": "Ptolemais",
        "desc": "An ancient place, cited: BAtlas 65 G4 Ptolemais",
        "name_tr": "Ptolemais",
        "desc_tr": "Antik Kenti, Ref.: BAtlas 65 G4 Ptolemais"
      },
      "geometry": {
        "type": "Point",
        "coordinates": [
          31.792846,
          36.613394
        ]
      }
    },
    {
      "type": "Feature",
      "properties": {
        "name": "Rhixoupous/Rhouskopous",
        "desc": "An ancient place, cited: BAtlas 65 E4 Rhixoupous/Rhouskopous",
        "name_tr": "Rhixoupous/Rhouskopous",
        "desc_tr": "Antik Kenti, Ref.: BAtlas 65 E4 Rhixoupous/Rhouskopous"
      },
      "geometry": {
        "type": "Point",
        "coordinates": [
          30.854397,
          36.860367
        ]
      }
    },
    {
      "type": "Feature",
      "properties": {
        "name": "Rhodia(polis)",
        "desc": "An ancient place, cited: BAtlas 65 D5 Rhodia(polis)",
        "name_tr": "Rhodia(polis)",
        "desc_tr": "Antik Kenti, Ref.: BAtlas 65 D5 Rhodia(polis)"
      },
      "geometry": {
        "type": "Point",
        "coordinates": [
          30.266697891,
          36.3865346503
        ]
      }
    },
    {
      "type": "Feature",
      "properties": {
        "name": "Sabandos?",
        "desc": "An ancient place, cited: BAtlas 65 C5 Sabandos?",
        "name_tr": "Sabandos?",
        "desc_tr": "Antik Kenti, Ref.: BAtlas 65 C5 Sabandos?"
      },
      "geometry": {
        "type": "Point",
        "coordinates": [
          29.994451,
          36.302265
        ]
      }
    },
    {
      "type": "Feature",
      "properties": {
        "name": "Sagalassos",
        "desc": "Sagalassos is an ancient city in Pisidia that was later part of the Roman province of Galatia. The city flourished until natural disasters and disease led to its decline in the sixth century AD.",
        "name_tr": "Sagalassos",
        "desc_tr": "Sagalassos, Pisidya'da bulunan ve daha sonra Roma'nın Galatya eyaletine bağlı olan antik bir kenttir. Kent, MS 6. yüzyılda doğal afetler ve hastalıklar nedeniyle gerileyene kadar gelişmiştir."
      },
      "geometry": {
        "type": "Point",
        "coordinates": [
          30.514161,
          37.6728872
        ]
      }
    },
    {
      "type": "Feature",
      "properties": {
        "name": "Sandalion",
        "desc": "An ancient place, cited: BAtlas 65 E2 Sandalion",
        "name_tr": "Sandalion",
        "desc_tr": "Alıntı yapılan eski bir yer: BAtlas 65 E2 Sandalion"
      },
      "geometry": {
        "type": "Point",
        "coordinates": [
          30.706118,
          37.6083065
        ]
      }
    },
    {
      "type": "Feature",
      "properties": {
        "name": "Saraganda",
        "desc": "An ancient place, cited: BAtlas 65 C3 Saraganda",
        "name_tr": "Saraganda",
        "desc_tr": "Antik kenti, Ref.: BAtlas 65 C3 Saraganda"
      },
      "geometry": {
        "type": "Point",
        "coordinates": [
          29.869768,
          37.258957
        ]
      }
    },
    {
      "type": "Feature",
      "properties": {
        "name": "Sebastopolis/Saleia",
        "desc": "An ancient place, cited: BAtlas 65 B3 Sebastopolis/Saleia",
        "name_tr": "Sebastopolis/Saleia",
        "desc_tr": "Antik kenti, Ref.: BAtlas 65 B3 Sebastopolis/Saleia"
      },
      "geometry": {
        "type": "Point",
        "coordinates": [
          29.1378305,
          37.4860374
        ]
      }
    },
    {
      "type": "Feature",
      "properties": {
        "name": "Sebeda",
        "desc": "An ancient place, cited: BAtlas 65 C5 Sebeda",
        "name_tr": "Sebeda",
        "desc_tr": "Alıntı yapılan eski bir yer: BAtlas 65 C5 Sebeda"
      },
      "geometry": {
        "type": "Point",
        "coordinates": [
          29.6512223333,
          36.1739126667
        ]
      }
    },
    {
      "type": "Feature",
      "properties": {
        "name": "Seleucia/Claudioseleucia/Seleucia Sidera",
        "desc": "Seleucia Sidera was an ancient city in the northern part of Pisidia, Anatolia, founded by Seleucus I Nicator or Antiochus I Soter in order to protect the military road across northern Pisidia.",
        "name_tr": "Seleucia/Claudioseleucia/Seleucia Sidera",
        "desc_tr": "Seleucia Sidera, Anadolu'nun Pisidya bölgesinin kuzeyinde bulunan ve Seleukos I Nikator veya Antiochus I Soter tarafından Kuzey Pisidya'dan geçen askeri yolu korumak amacıyla kurulan antik bir kentti."
      },
      "geometry": {
        "type": "Point",
        "coordinates": [
          30.6212863333,
          37.8963206667
        ]
      }
    },
    {
      "type": "Feature",
      "properties": {
        "name": "Seleukeia",
        "desc": "An ancient place, cited: BAtlas 65 F4 Seleukeia",
        "name_tr": "Seleukeia",
        "desc_tr": "Antik Kenti, Ref.: BAtlas 65 F4 Seleukeia"
      },
      "geometry": {
        "type": "Point",
        "coordinates": [
          31.3547,
          36.852067
        ]
      }
    },
    {
      "type": "Feature",
      "properties": {
        "name": "Selge",
        "desc": "Selge was an important city of Pisidia; Strabo claims it was founded as a Spartan colony.",
        "name_tr": "Selge",
        "desc_tr": "Selge, Pisidya'nın önemli bir kentiydi; Strabon, kentin bir Sparta kolonisi olarak kurulduğunu ileri sürer."
      },
      "geometry": {
        "type": "Point",
        "coordinates": [
          31.126315,
          37.225411
        ]
      }
    },
    {
      "type": "Feature",
      "properties": {
        "name": "*Sennea?",
        "desc": "An ancient place, cited: BAtlas 65 G4 *Sennea?",
        "name_tr": "*Sennea?",
        "desc_tr": "Antik kenti, Ref.: BAtlas 65 G4 *Sennea?"
      },
      "geometry": {
        "type": "Point",
        "coordinates": [
          31.7652905,
          36.8235865
        ]
      }
    },
    {
      "type": "Feature",
      "properties": {
        "name": "*Seroiata",
        "desc": "An ancient place, cited: BAtlas 65 C5 *Seroiata",
        "name_tr": "*Seroiata",
        "desc_tr": "Antik kenti, Ref.: BAtlas 65 C5 *Seroiata"
      },
      "geometry": {
        "type": "Point",
        "coordinates": [
          29.543997,
          36.2431455
        ]
      }
    },
    {
      "type": "Feature",
      "properties": {
        "name": "Sia",
        "desc": "An ancient place, cited: BAtlas 65 E3 Sia",
        "name_tr": "Sia",
        "desc_tr": "Alıntı yapılan antik bir yer: BAtlas 65 E3 Sia"
      },
      "geometry": {
        "type": "Point",
        "coordinates": [
          30.58866,
          37.2631893333
        ]
      }
    },
    {
      "type": "Feature",
      "properties": {
        "name": "Sibidounda",
        "desc": "An ancient place, cited: BAtlas 65 D3 Sibidounda",
        "name_tr": "Sibidounda",
        "desc_tr": "Antik Kenti, Ref.: BAtlas 65 D3 Sibidounda"
      },
      "geometry": {
        "type": "Point",
        "coordinates": [
          30.2991205,
          37.224609
        ]
      }
    },
    {
      "type": "Feature",
      "properties": {
        "name": "Side",
        "desc": "An ancient settlement on the southern coast of Asia Minor (modern Selimiye in Turkey).",
        "name_tr": "Side",
        "desc_tr": "Anadolu'nun güney kıyısındaki antik bir yerleşim yeri (bugün Türkiye'de Selimiye)."
      },
      "geometry": {
        "type": "Point",
        "coordinates": [
          31.3921629383,
          36.7683613799
        ]
      }
    },
    {
      "type": "Feature",
      "properties": {
        "name": "Sidyma",
        "desc": "A town of Lycia located on the southern slope of Mt. Cragus and northwest of the mouth of the Xanthus river.",
        "name_tr": "Sidyma",
        "desc_tr": "Cragus Dağı'nın güney yamacında ve Xanthos Nehri'nin ağzının kuzeybatısında yer alan bir Likya kenti."
      },
      "geometry": {
        "type": "Point",
        "coordinates": [
          29.1926182426,
          36.4095586716
        ]
      }
    },
    {
      "type": "Feature",
      "properties": {
        "name": "Sillyon",
        "desc": "Sillyon was an ancient Graeco-Pamphylian fortress and city near Attaleia in Pamphylia, on the southern coast Asia Minor.",
        "name_tr": "Sillyon",
        "desc_tr": "Sillyon, Küçük Asya'nın güney kıyısında, Pamfilya'daki Attaleia yakınlarında eski bir Yunan-Pamfilya kalesi ve şehriydi."
      },
      "geometry": {
        "type": "Point",
        "coordinates": [
          30.9870004368,
          36.991177041
        ]
      }
    },
    {
      "type": "Feature",
      "properties": {
        "name": "Sinda",
        "desc": "An ancient place, cited: BAtlas 65 C3 Sinda",
        "name_tr": "Sinda",
        "desc_tr": "Antik Kenti, Ref.: BAtlas 65 C3 Sinda"
      },
      "geometry": {
        "type": "Point",
        "coordinates": [
          29.6045,
          37.120499
        ]
      }
    },
    {
      "type": "Feature",
      "properties": {
        "name": "*Solyma?",
        "desc": "An ancient place, cited: BAtlas 65 D4 *Solyma?",
        "name_tr": "*Solyma?",
        "desc_tr": "Antik kenti, Ref.: BAtlas 65 D4 *Solyma?"
      },
      "geometry": {
        "type": "Point",
        "coordinates": [
          30.454074,
          36.524766
        ]
      }
    },
    {
      "type": "Feature",
      "properties": {
        "name": "Sorouda",
        "desc": "An ancient place, cited: BAtlas 65 C5 Sorouda",
        "name_tr": "Sorouda",
        "desc_tr": "Antik Kenti, Ref.: BAtlas 65 C5 Sorouda"
      },
      "geometry": {
        "type": "Point",
        "coordinates": [
          29.590147,
          36.26314
        ]
      }
    },
    {
      "type": "Feature",
      "properties": {
        "name": "Soura",
        "desc": "An ancient place, cited: BAtlas 65 C5 Soura",
        "name_tr": "Soura",
        "desc_tr": "Antik Kenti, Ref.: BAtlas 65 C5 Soura"
      },
      "geometry": {
        "type": "Point",
        "coordinates": [
          29.939631,
          36.2509935
        ]
      }
    },
    {
      "type": "Feature",
      "properties": {
        "name": "*Syneta?",
        "desc": "An ancient place, cited: BAtlas 65 A2 *Syneta?",
        "name_tr": "*Syneta?",
        "desc_tr": "Antik Kenti, Ref.: BAtlas 65 A2 *Syneta?"
      },
      "geometry": {
        "type": "Point",
        "coordinates": [
          28.73706,
          37.907299
        ]
      }
    },
    {
      "type": "Feature",
      "properties": {
        "name": "Tabai",
        "desc": "An ancient place, cited: BAtlas 65 A3 Tabai",
        "name_tr": "Tabai",
        "desc_tr": "Antik Kenti, Ref.: BAtlas 65 A3 Tabai"
      },
      "geometry": {
        "type": "Point",
        "coordinates": [
          28.856503,
          37.442628
        ]
      }
    },
    {
      "type": "Feature",
      "properties": {
        "name": "*Takina",
        "desc": "An ancient place, cited: BAtlas 65 C2 *Takina",
        "name_tr": "*Takina",
        "desc_tr": "Antik Kenti, Ref.: BAtlas 65 C2 *Takina"
      },
      "geometry": {
        "type": "Point",
        "coordinates": [
          29.9341495,
          37.596278
        ]
      }
    },
    {
      "type": "Feature",
      "properties": {
        "name": "*Teimioussa/Tristomon",
        "desc": "An ancient place, cited: BAtlas 65 C5 *Teimioussa/Tristomon",
        "name_tr": "*Teimioussa/Tristomon",
        "desc_tr": "Antik Kenti, Ref.: BAtlas 65 C5 *Teimioussa/Tristomon"
      },
      "geometry": {
        "type": "Point",
        "coordinates": [
          29.8482353333,
          36.197727
        ]
      }
    },
    {
      "type": "Feature",
      "properties": {
        "name": "Telmessos",
        "desc": "Telmessos (modern Fethiye) was an ancient city of Lycia.",
        "name_tr": "Telmessos",
        "desc_tr": "Telmessos (bugünkü Fethiye), Likya'nın antik bir kentiydi."
      },
      "geometry": {
        "type": "Point",
        "coordinates": [
          29.105772,
          36.620899
        ]
      }
    },
    {
      "type": "Feature",
      "properties": {
        "name": "Tenedos",
        "desc": "An ancient place, cited: BAtlas 65 E4 Tenedos",
        "name_tr": "Tenedos",
        "desc_tr": "Antik Kenti, Ref.: BAtlas 65 E4 Tenedos"
      },
      "geometry": {
        "type": "Point",
        "coordinates": [
          30.6474915,
          36.8839505
        ]
      }
    },
    {
      "type": "Feature",
      "properties": {
        "name": "Termessos",
        "desc": "An ancient place, cited: BAtlas 65 D4 Termessos",
        "name_tr": "Termessos",
        "desc_tr": "Antik kenti, Ref.: BAtlas 65 D4 Termessos"
      },
      "geometry": {
        "type": "Point",
        "coordinates": [
          30.4629393696,
          36.9836622795
        ]
      }
    },
    {
      "type": "Feature",
      "properties": {
        "name": "*Terponella",
        "desc": "An ancient place, cited: BAtlas 65 C4 *Terponella",
        "name_tr": "*Terponella",
        "desc_tr": "Antik Kenti, Ref.: BAtlas 65 C4 *Terponella"
      },
      "geometry": {
        "type": "Point",
        "coordinates": [
          29.950218,
          36.782236
        ]
      }
    },
    {
      "type": "Feature",
      "properties": {
        "name": "Tetrapyrgia",
        "desc": "An ancient place, cited: BAtlas 65 E4 Tetrapyrgia",
        "name_tr": "Tetrapyrgia",
        "desc_tr": "Antik Kenti, Ref.: BAtlas 65 E4 Tetrapyrgia"
      },
      "geometry": {
        "type": "Point",
        "coordinates": [
          30.8498,
          36.8892
        ]
      }
    },
    {
      "type": "Feature",
      "properties": {
        "name": "Timbriada",
        "desc": "An ancient place, cited: BAtlas 65 F2 Timbriada",
        "name_tr": "Timbriada",
        "desc_tr": "Antik Kenti, Ref.: BAtlas 65 F2 Timbriada"
      },
      "geometry": {
        "type": "Point",
        "coordinates": [
          31.0611755,
          37.8003125
        ]
      }
    },
    {
      "type": "Feature",
      "properties": {
        "name": "Tityassos",
        "desc": "An ancient place, cited: BAtlas 65 F2 Tityassos",
        "name_tr": "Tityassos",
        "desc_tr": "Antik kenti, Ref.: BAtlas 65 F2 Tityassos"
      },
      "geometry": {
        "type": "Point",
        "coordinates": [
          31.401349,
          37.700415
        ]
      }
    },
    {
      "type": "Feature",
      "properties": {
        "name": "Tlos",
        "desc": "An ancient settlement of Lykia, located two kilometers due east of the modern village of Düğer in Turkey's Mugla province.",
        "name_tr": "Tlos",
        "desc_tr": "Türkiye'nin Muğla ilinin Düğer köyünün yaklaşık iki kilometre doğusunda bulunan Likya'ya ait antik bir yerleşim yeri."
      },
      "geometry": {
        "type": "Point",
        "coordinates": [
          29.4205080123,
          36.5532634889
        ]
      }
    },
    {
      "type": "Feature",
      "properties": {
        "name": "Tragalassos",
        "desc": "An ancient place, cited: BAtlas 65 C5 Tragalassos",
        "name_tr": "Tragalassos",
        "desc_tr": "Antik kenti, Ref.: BAtlas 65 C5 Tragalassos"
      },
      "geometry": {
        "type": "Point",
        "coordinates": [
          29.961582,
          36.324961
        ]
      }
    },
    {
      "type": "Feature",
      "properties": {
        "name": "Trapezopolis",
        "desc": "An ancient place, cited: BAtlas 65 A2 Trapezopolis",
        "name_tr": "Trapezopolis",
        "desc_tr": "Antik Kenti, Ref.: BAtlas 65 A2 Trapezopolis"
      },
      "geometry": {
        "type": "Point",
        "coordinates": [
          28.9291176,
          37.8544403
        ]
      }
    },
    {
      "type": "Feature",
      "properties": {
        "name": "Trebendai",
        "desc": "An ancient place, cited: BAtlas 65 C5 Trebendai",
        "name_tr": "Trebendai",
        "desc_tr": "Antik bölge, Ref.: BAtlas 65 C5 Trebendai"
      },
      "geometry": {
        "type": "Point",
        "coordinates": [
          29.930819,
          36.269278
        ]
      }
    },
    {
      "type": "Feature",
      "properties": {
        "name": "Trebenna",
        "desc": "An ancient place, cited: BAtlas 65 D4 Trebenna",
        "name_tr": "Trebenna",
        "desc_tr": "Antik Kenti, Ref.: BAtlas 65 D4 Trebenna"
      },
      "geometry": {
        "type": "Point",
        "coordinates": [
          30.4760306168,
          36.8657887617
        ]
      }
    },
    {
      "type": "Feature",
      "properties": {
        "name": "Tripolis ad Maeandrum/Apollonia ad Maeandrum/Antoniopolis",
        "desc": "An ancient place, cited: BAtlas 65 A1 Tripolis ad Maeandrum/Apollonia ad Maeandrum/Antoniopolis",
        "name_tr": "Tripolis ad Maeandrum/Apollonia ad Maeandrum/Antoniopolis",
        "desc_tr": "Antik bölge, Ref.: BAtlas 65 A1 Tripolis ad Maeandrum/Apollonia ad Maeandrum/Antoniopolis"
      },
      "geometry": {
        "type": "Point",
        "coordinates": [
          28.9608765,
          38.050474
        ]
      }
    },
    {
      "type": "Feature",
      "properties": {
        "name": "Trysa",
        "desc": "An ancient place, cited: BAtlas 65 C5 Trysa",
        "name_tr": "Trysa",
        "desc_tr": "Antik Kenti, Ref.: BAtlas 65 C5 Trysa"
      },
      "geometry": {
        "type": "Point",
        "coordinates": [
          29.885805,
          36.2659746667
        ]
      }
    },
    {
      "type": "Feature",
      "properties": {
        "name": "Tyberissos",
        "desc": "An ancient place, cited: BAtlas 65 C5 Tyberissos",
        "name_tr": "Tyberissos",
        "desc_tr": "Antik Kenti, Ref.: BAtlas 65 C5 Tyberissos"
      },
      "geometry": {
        "type": "Point",
        "coordinates": [
          29.862083,
          36.214365
        ]
      }
    },
    {
      "type": "Feature",
      "properties": {
        "name": "*Tyinda",
        "desc": "An ancient place, cited: BAtlas 65 C5 *Tyinda",
        "name_tr": "*Tyinda",
        "desc_tr": "Antik Kenti, Ref.: BAtlas 65 C5 *Tyinda"
      },
      "geometry": {
        "type": "Point",
        "coordinates": [
          29.73105,
          36.237203
        ]
      }
    },
    {
      "type": "Feature",
      "properties": {
        "name": "Tymbrianassos",
        "desc": "An ancient place, cited: BAtlas 65 D2 Tymbrianassos",
        "name_tr": "Tymbrianassos",
        "desc_tr": "Antik kenti, Ref.: BAtlas 65 D2 Tymbrianassos"
      },
      "geometry": {
        "type": "Point",
        "coordinates": [
          30.048551,
          37.5989755
        ]
      }
    },
    {
      "type": "Feature",
      "properties": {
        "name": "*Tynada",
        "desc": "An ancient place, cited: BAtlas 65 F2 *Tynada",
        "name_tr": "*Tynada",
        "desc_tr": "Antik Kenti, Ref.: BAtlas 65 F2 *Tynada"
      },
      "geometry": {
        "type": "Point",
        "coordinates": [
          31.1607155,
          37.7554975
        ]
      }
    },
    {
      "type": "Feature",
      "properties": {
        "name": "Tyriaion",
        "desc": "An ancient place, cited: BAtlas 65 C4 Tyriaion",
        "name_tr": "Tyriaion",
        "desc_tr": "Antik Kenti, Ref.: BAtlas 65 C4 Tyriaion"
      },
      "geometry": {
        "type": "Point",
        "coordinates": [
          29.923445,
          36.966775
        ]
      }
    },
    {
      "type": "Feature",
      "properties": {
        "name": "Xanthos",
        "desc": "An ancient city of Lycia.",
        "name_tr": "Xanthos",
        "desc_tr": "Likya'nın antik bir kenti."
      },
      "geometry": {
        "type": "Point",
        "coordinates": [
          29.3201889773,
          36.357103128
        ]
      }
    },
    {
      "type": "Feature",
      "properties": {
        "name": "Morthoula",
        "desc": "An ancient place, cited: BAtlas 87 G3 Morthoula",
        "name_tr": "Morthoula",
        "desc_tr": "Antik Kenti, Ref.: BAtlas 87 G3 Morthoula"
      },
      "geometry": {
        "type": "Point",
        "coordinates": [
          41.687709,
          41.365197
        ]
      }
    },
    {
      "type": "Feature",
      "properties": {
        "name": "Nicopolis",
        "desc": "An ancient place, cited: BAtlas 87 D4 Nicopolis",
        "name_tr": "Nicopolis",
        "desc_tr": "Antik Kenti, Ref.: BAtlas 87 D4 Nicopolis"
      },
      "geometry": {
        "type": "Point",
        "coordinates": [
          38.14353355,
          40.1485567
        ]
      }
    },
    {
      "type": "Feature",
      "properties": {
        "name": "Oinoe/‘Caena’",
        "desc": "An ancient place, cited: BAtlas 87 C3 Oinoe/‘Caena’",
        "name_tr": "Oinoe/‘Caena’",
        "desc_tr": "Antik Kenti, Ref.: BAtlas 87 C3 Oinoe/'Caena'"
      },
      "geometry": {
        "type": "Point",
        "coordinates": [
          37.2853581,
          41.1262405
        ]
      }
    },
    {
      "type": "Feature",
      "properties": {
        "name": "Olotoedariza",
        "desc": "An ancient place, cited: BAtlas 87 D4 Olotoedariza",
        "name_tr": "Olotoedariza",
        "desc_tr": "Antik Kenti, Ref.: BAtlas 87 D4 Olotoedariza"
      },
      "geometry": {
        "type": "Point",
        "coordinates": [
          38.594684,
          40.07737
        ]
      }
    },
    {
      "type": "Feature",
      "properties": {
        "name": "Ophis",
        "desc": "An ancient place, cited: BAtlas 87 F4 Ophis",
        "name_tr": "Ophis",
        "desc_tr": "Antik Kenti, Ref.: BAtlas 87 F4 Ophis"
      },
      "geometry": {
        "type": "Point",
        "coordinates": [
          40.264282,
          40.937952
        ]
      }
    },
    {
      "type": "Feature",
      "properties": {
        "name": "Pedachthoe/Herakleioupolis",
        "desc": "An ancient place, cited: BAtlas 87 B4 Pedachthoe/Herakleioupolis",
        "name_tr": "Pedachthoe/Herakleioupolis",
        "desc_tr": "Antik Kenti, Ref.: BAtlas 87 B4 Pedachthoe/Herakleioupolis"
      },
      "geometry": {
        "type": "Point",
        "coordinates": [
          36.875022,
          40.108667
        ]
      }
    },
    {
      "type": "Feature",
      "properties": {
        "name": "Phabda/Phadisane",
        "desc": "An ancient place, cited: BAtlas 87 C3 Phabda/Phadisane",
        "name_tr": "Phabda/Phadisane",
        "desc_tr": "Antik Kenti, Ref.: BAtlas 87 C3 Phabda/Phadisane"
      },
      "geometry": {
        "type": "Point",
        "coordinates": [
          37.496475,
          41.0382425
        ]
      }
    },
    {
      "type": "Feature",
      "properties": {
        "name": "Philokaleia",
        "desc": "An ancient place, cited: BAtlas 87 D3 Philokaleia",
        "name_tr": "Philokaleia",
        "desc_tr": "Antik Kenti, Ref.: BAtlas 87 D3 Philokaleia"
      },
      "geometry": {
        "type": "Point",
        "coordinates": [
          38.984957,
          41.034353
        ]
      }
    },
    {
      "type": "Feature",
      "properties": {
        "name": "Pleuramis/‘Ptemari’?",
        "desc": "An ancient place, cited: BAtlas 87 A4 Pleuramis/‘Ptemari’?",
        "name_tr": "Pleuramis/‘Ptemari’?",
        "desc_tr": "Antik Kenti, Ref.: BAtlas 87 A4 Pleuramis/'Ptemari'?"
      },
      "geometry": {
        "type": "Point",
        "coordinates": [
          35.559664,
          40.103363
        ]
      }
    },
    {
      "type": "Feature",
      "properties": {
        "name": "Polemonion/Side",
        "desc": "A harbor city on the Black Sea, Polemonion/Side was founded in the region of Sidene (Pontus) by either Polemon I or Polemon II of Pontus. Following the Roman annexation of the Pontic kingdom in the 60s CE, the city's importance declined substantially.",
        "name_tr": "Polemonion/Side",
        "desc_tr": "Karadeniz kıyısında bir liman kenti olan Polemonion/Side, Sidene (Pontus) bölgesinde Pontuslu I. Polemon veya II. Polemon tarafından kurulmuştur. MS 60'larda Pontus Krallığı'nın Romalılar tarafından ilhak edilmesinin ardından şehrin önemi önemli ölçüde azalmıştır."
      },
      "geometry": {
        "type": "Point",
        "coordinates": [
          37.500221,
          41.0308808
        ]
      }
    },
    {
      "type": "Feature",
      "properties": {
        "name": "Pteria",
        "desc": "An ancient place, cited: BAtlas 87 A3 Pteria",
        "name_tr": "Pteria",
        "desc_tr": "Antik Kenti, Ref.: BAtlas 87 A3 Pteria"
      },
      "geometry": {
        "type": "Point",
        "coordinates": [
          35.108768,
          41.321531
        ]
      }
    },
    {
      "type": "Feature",
      "properties": {
        "name": "Rhizaion",
        "desc": "An ancient place, cited: BAtlas 87 F3 Rhizaion",
        "name_tr": "Rhizaion",
        "desc_tr": "Antik Kenti, Ref.: BAtlas 87 F3 Rhizaion"
      },
      "geometry": {
        "type": "Point",
        "coordinates": [
          40.5033,
          41.027808
        ]
      }
    },
    {
      "type": "Feature",
      "properties": {
        "name": "Sauronisena/Saurania?",
        "desc": "An ancient place, cited: BAtlas 87 C4 Sauronisena/Saurania?",
        "name_tr": "Sauronisena/Saurania?",
        "desc_tr": "Antik Kenti, Ref.: BAtlas 87 C4 Sauronisena/Saurania?"
      },
      "geometry": {
        "type": "Point",
        "coordinates": [
          37.59982,
          40.697917
        ]
      }
    },
    {
      "type": "Feature",
      "properties": {
        "name": "Sinope",
        "desc": "Sinope (modern Sinop, Turkey) on the Black Sea has been a major port since the time of the Hittites.",
        "name_tr": "Sinope",
        "desc_tr": "Karadeniz kıyısındaki Sinop (bugünkü Sinop, Türkiye), Hititler zamanından beri önemli bir liman kenti olmuştur."
      },
      "geometry": {
        "type": "Point",
        "coordinates": [
          35.143037,
          42.025776
        ]
      }
    },
    {
      "type": "Feature",
      "properties": {
        "name": "Stamene/Ameneia?",
        "desc": "An ancient place, cited: BAtlas 87 C3 Stamene/Ameneia?",
        "name_tr": "Stamene/Ameneia?",
        "desc_tr": "Antik Kenti, Ref.: BAtlas 87 C3 Stamene/Ameneia?"
      },
      "geometry": {
        "type": "Point",
        "coordinates": [
          37.704183,
          41.112782
        ]
      }
    },
    {
      "type": "Feature",
      "properties": {
        "name": "Syderos",
        "desc": "An ancient place, cited: BAtlas 87 B4 Syderos",
        "name_tr": "Syderos",
        "desc_tr": "Antik Kenti, Ref.: BAtlas 87 B4 Syderos"
      },
      "geometry": {
        "type": "Point",
        "coordinates": [
          36.975664,
          40.414489
        ]
      }
    },
    {
      "type": "Feature",
      "properties": {
        "name": "Taulara",
        "desc": "The attested Hellenistic settlement of \"Taulara\" may be identified with a now-invisible castle site at modern Horoztepe in Turkey's Tokat province (BAtlas, following Olshausen who argues for a location in the area between Tokat and Horoztepe, but does not commit to the latter).",
        "name_tr": "Taulara",
        "desc_tr": "Belgelenmiş Helenistik yerleşim yeri &quot;Taulara&quot;, Türkiye'nin Tokat ilindeki Horoztepe'de bulunan ve artık görünmeyen bir kale alanı ile özdeşleştirilebilir (BAtlas, Tokat ile Horoztepe arasındaki alanda bir yer öneren ancak ikincisini kabul etmeyen Olshausen'i takip ediyor)."
      },
      "geometry": {
        "type": "Point",
        "coordinates": [
          37.2537505,
          40.1702823
        ]
      }
    },
    {
      "type": "Feature",
      "properties": {
        "name": "Tekke",
        "desc": "An ancient place, cited: BAtlas 87 A4 Tekke",
        "name_tr": "Tekke",
        "desc_tr": "Antik Kenti, Ref.: BAtlas 87 A4 Tekke"
      },
      "geometry": {
        "type": "Point",
        "coordinates": [
          35.105866,
          40.360567
        ]
      }
    },
    {
      "type": "Feature",
      "properties": {
        "name": "Themiskyra",
        "desc": "An ancient place, cited: BAtlas 87 B3 Themiskyra",
        "name_tr": "Themiskyra",
        "desc_tr": "Antik Kenti, Ref.: BAtlas 87 B3 Themiskyra"
      },
      "geometry": {
        "type": "Point",
        "coordinates": [
          36.967737,
          41.215176
        ]
      }
    },
    {
      "type": "Feature",
      "properties": {
        "name": "Thermai Phazemoniton",
        "desc": "An ancient place, cited: BAtlas 87 A4 Thermai Phazemoniton",
        "name_tr": "Thermai Phazemoniton",
        "desc_tr": "Antik Kenti, Ref.: BAtlas 87 A4 Thermai Phazemoniton"
      },
      "geometry": {
        "type": "Point",
        "coordinates": [
          35.660954,
          40.986213
        ]
      }
    },
    {
      "type": "Feature",
      "properties": {
        "name": "Trapezus",
        "desc": "An ancient settlement of Asia Minor on the south coast of the Black Sea. Modern Trabzon in Turkey.",
        "name_tr": "Trapezus",
        "desc_tr": "Karadeniz'in güney kıyısındaki Küçük Asya'nın antik yerleşim yeri. Günümüzde Türkiye'nin Trabzon'u."
      },
      "geometry": {
        "type": "Point",
        "coordinates": [
          39.7233115,
          41.0042695
        ]
      }
    },
    {
      "type": "Feature",
      "properties": {
        "name": "Tripolis",
        "desc": "An ancient place, cited: BAtlas 87 D4 Tripolis",
        "name_tr": "Tripolis",
        "desc_tr": "Antik Kenti, Ref.: BAtlas 87 D4 Tripolis"
      },
      "geometry": {
        "type": "Point",
        "coordinates": [
          38.819497,
          41.002558
        ]
      }
    },
    {
      "type": "Feature",
      "properties": {
        "name": "Verisa",
        "desc": "An ancient place, cited: BAtlas 87 B4 Verisa",
        "name_tr": "Verisa",
        "desc_tr": "Antik Kenti, Ref.: BAtlas 87 B4 Verisa"
      },
      "geometry": {
        "type": "Point",
        "coordinates": [
          36.484083,
          40.102781
        ]
      }
    },
    {
      "type": "Feature",
      "properties": {
        "name": "Virasia",
        "desc": "An ancient place, cited: BAtlas 87 A4 Virasia",
        "name_tr": "Virasia",
        "desc_tr": "Antik Kenti, Ref.: BAtlas 87 A4 Virasia"
      },
      "geometry": {
        "type": "Point",
        "coordinates": [
          35.578596,
          40.615458
        ]
      }
    },
    {
      "type": "Feature",
      "properties": {
        "name": "Yağmurlu",
        "desc": "An ancient place, cited: BAtlas 87 B4 Yağmurlu",
        "name_tr": "Yağmurlu",
        "desc_tr": "Antik Kenti, Ref.: BAtlas 87 B4 Yağmurlu"
      },
      "geometry": {
        "type": "Point",
        "coordinates": [
          36.810609,
          40.536895
        ]
      }
    },
    {
      "type": "Feature",
      "properties": {
        "name": "Zagora",
        "desc": "An ancient place, cited: BAtlas 87 A3 Zagora",
        "name_tr": "Zagora",
        "desc_tr": "Antik Kenti, Ref.: BAtlas 87 A3 Zagora"
      },
      "geometry": {
        "type": "Point",
        "coordinates": [
          35.4111,
          41.677747
        ]
      }
    },
    {
      "type": "Feature",
      "properties": {
        "name": "Zaliches/Leontopolis",
        "desc": "An ancient place, cited: BAtlas 87 A3 Zaliches/Leontopolis",
        "name_tr": "Zaliches/Leontopolis",
        "desc_tr": "Antik Kenti, Ref.: BAtlas 87 A3 Zaliches/Leontopolis"
      },
      "geometry": {
        "type": "Point",
        "coordinates": [
          35.593059,
          41.615325
        ]
      }
    },
    {
      "type": "Feature",
      "properties": {
        "name": "Zela",
        "desc": "Zela (modern Zile, Turkey) was an important ancient city of north-central Asia Minor; Strabo claimed Semiramis had founded the site. Iulius Caesar prevailed in the Battle of Zela against Pharnaces II of The Kingdom of Pontus, coining the phrase \"veni, vidi, vici\".",
        "name_tr": "Zela",
        "desc_tr": "Zela (modern Zile, Türkiye) Kuzey-Orta Anadolu'nun önemli bir antik kentiydi; Strabo, siteyi Semiramis'in kurduğunu iddia etti. Iulius Caesar, Zela Savaşı'nda Pontus Krallığı'nın II. Pharnaces'ine karşı galip geldi ve &quot;veni, vidi, vici&quot; ifadesini türetti."
      },
      "geometry": {
        "type": "Point",
        "coordinates": [
          35.8901884263,
          40.3038830899
        ]
      }
    },
    {
      "type": "Feature",
      "properties": {
        "name": "Zephyrion",
        "desc": "An ancient place, cited: BAtlas 87 D4 Zephyrion",
        "name_tr": "Zephyrion",
        "desc_tr": "Antik Kenti, Ref.: BAtlas 87 D4 Zephyrion"
      },
      "geometry": {
        "type": "Point",
        "coordinates": [
          38.652473,
          40.964714
        ]
      }
    },
    {
      "type": "Feature",
      "properties": {
        "name": "Kurşun Kalesi",
        "desc": "Remains of an ancient hilltop settlement, with houses, agricultural processing areas, a stoa, a temple, and some ancient Greek inscriptions located within the modern Turkish municipality of Yeğenli (Mersin province). The site's ancient name is not known, but it has also been discussed under other modern names including Asar, İsmailli, and Kurşunlu.",
        "name_tr": "Kurşun Kalesi",
        "desc_tr": "Günümüzde Türkiye'nin Yeğenli (Mersin ili) sınırları içinde yer alan, evler, tarımsal işleme alanları, bir stoa, bir tapınak ve bazı antik Yunanca yazıtlarla bezeli eski bir tepe yerleşiminin kalıntıları. Alanın antik adı bilinmemekle birlikte, günümüzde Asar, İsmailli ve Kurşunlu gibi diğer isimlerle de anıldığı bilinmektedir."
      },
      "geometry": {
        "type": "Point",
        "coordinates": [
          33.9953,
          36.5674
        ]
      }
    },
    {
      "type": "Feature",
      "properties": {
        "name": "Çine Tepecik Höyük",
        "desc": "Human occupation at Çine-Tepecik begins in the Chalcolithic period. The site is located in a fertile alluvial plain near the Meander River in western Anatolia. In the Late Bronze Age, this place was located in the Arzawa lands.",
        "name_tr": "Çine Tepecik Höyük",
        "desc_tr": "Çine-Tepecik'te insan yerleşimi Kalkolitik Çağ'da başlar. Batı Anadolu'da, Meander Nehri yakınlarındaki verimli bir alüvyon ovasında yer alan bu yerleşim, Geç Tunç Çağı'nda Arzawa topraklarında bulunuyordu."
      },
      "geometry": {
        "type": "Point",
        "coordinates": [
          28.0122333919,
          37.6094298025
        ]
      }
    },
    {
      "type": "Feature",
      "properties": {
        "name": "Akarçay Tepe Höyük",
        "desc": "Akarçay Tepe Höyük, a settlement of the eighth and seventh millennia BCE located to the east of the Euphrates River in the immediate vicinity of the Syrian border near the Turkish village of Akarçay in the Birecik district of the province of Şanlıurfa. The site lies on the south bank of the Su Deresi stream, which flows west into the Euphrates River.",
        "name_tr": "Akarçay Tepe Höyük",
        "desc_tr": "Akarçay Tepe Höyük, Şanlıurfa ilinin Birecik ilçesine bağlı Akarçay köyü yakınlarında, Suriye sınırına yakın bir noktada, Fırat Nehri'nin doğusunda yer alan ve MÖ 8.-7. bin yıllara tarihlenen bir yerleşim yeridir. Yerleşim, batıya doğru Fırat Nehri'ne akan Su Deresi'nin güney kıyısında yer almaktadır."
      },
      "geometry": {
        "type": "Point",
        "coordinates": [
          38.0213920006,
          36.918100762
        ]
      }
    },
    {
      "type": "Feature",
      "properties": {
        "name": "Göltepe",
        "desc": "An archaeological site in the Central Taurus Mountains dated to the early Bronze Age. The Göltepe hill contains traces of a village associated with the nearby mine site of Kestel.",
        "name_tr": "Göltepe",
        "desc_tr": "Orta Toros Dağları'nda Erken Tunç Çağı'na tarihlenen bir arkeolojik alan. Göltepe tepesinde, yakınlardaki Kestel maden sahasıyla bağlantılı bir köyün izleri bulunmaktadır."
      },
      "geometry": {
        "type": "Point",
        "coordinates": [
          34.934957,
          37.8015954
        ]
      }
    },
    {
      "type": "Feature",
      "properties": {
        "name": "Usi",
        "desc": "A fortress in the vicinity of Til-garimmu fortified by the Assyrian king Sargon II (r. 721-705 BC) against Musku (Phrygia).",
        "name_tr": "Usi",
        "desc_tr": "Asur Kralı Sargon II (M.Ö. 721-705) tarafından Musku'ya (Frigya) karşı güçlendirilen Til-garimmu civarındaki bir kale."
      },
      "geometry": {
        "type": "Point",
        "coordinates": [
          37.25749,
          38.722928
        ]
      }
    },
    {
      "type": "Feature",
      "properties": {
        "name": "Doulopolis",
        "desc": "A community within the territory of Colophon. Although there is some controversy as to its status, the name suggests that the community was founded by slaves (or other dissidents) who supported Aristonikos against Rome between 133 and 130/129 BCE. It seems to have been reabsorbed by Colophon at an undetermined point after 130/129. Its location is unknown today.",
        "name_tr": "Doulopolis",
        "desc_tr": "Kolofon topraklarında bir topluluk. Statüsü konusunda bazı tartışmalar olsa da, isminden anlaşıldığı kadarıyla topluluk, MÖ 133-130/129 yılları arasında Roma'ya karşı Aristonikos'u destekleyen köleler (veya diğer muhalifler) tarafından kurulmuş. 130/129'dan sonra belirsiz bir tarihte Kolofon tarafından yeniden ele geçirilmiş gibi görünüyor. Bugün konumu bilinmiyor."
      },
      "geometry": {
        "type": "Point",
        "coordinates": [
          27.164876034,
          38.075518143
        ]
      }
    },
    {
      "type": "Feature",
      "properties": {
        "name": "Sarıca",
        "desc": "The find spot for a cuneiform inscription.",
        "name_tr": "Sarıca",
        "desc_tr": "Çivi yazısının bulunduğu yer."
      },
      "geometry": {
        "type": "Point",
        "coordinates": [
          40.4982775,
          37.045009
        ]
      }
    },
    {
      "type": "Feature",
      "properties": {
        "name": "Kınık Höyük",
        "desc": "An archaeological site in southern Cappadocia. Inhabited from the Late Bronze Age through the Middle Iron Age, Kınık Höyük was an important settlement in the Kingdom of Tuwana.",
        "name_tr": "Kınık Höyük",
        "desc_tr": "Güney Kapadokya'da bir arkeolojik alan. Geç Tunç Çağı'ndan Orta Demir Çağı'na kadar yerleşim gören Kınık Höyük, Tuvana Krallığı'nın önemli bir yerleşim yeriydi."
      },
      "geometry": {
        "type": "Point",
        "coordinates": [
          34.3801073552,
          37.9374164461
        ]
      }
    },
    {
      "type": "Feature",
      "properties": {
        "name": "Yurtbaşı/Melik Şerif",
        "desc": "A modern village in the Refahiye region of Turkey's Erzincan province where remains of ancient roads and routes converge and where a Roman milestone has been found. In Roman times, it was likely a walled town or fort, garrisoned at some point by the cohors I Lepidiana. Scholarly opinions differ as to its possible names in antiquity.",
        "name_tr": "Yurtbaşı/Melik Şerif",
        "desc_tr": "Türkiye'nin Erzincan ilinin Refahiye bölgesinde, antik yol ve güzergâh kalıntılarının birleştiği ve bir Roma mihenk taşının bulunduğu modern bir köy. Roma döneminde, muhtemelen surlarla çevrili bir kasaba veya kaleydi ve bir ara I. Lepidiana kohortları tarafından garnizon olarak kullanılıyordu. Antik çağdaki olası isimleri konusunda bilimsel görüşler farklılık göstermektedir."
      },
      "geometry": {
        "type": "Point",
        "coordinates": [
          38.9239312,
          39.9186416
        ]
      }
    },
    {
      "type": "Feature",
      "properties": {
        "name": "Zivistan/Elmalık",
        "desc": "Elmalık (formerly Zivistan, Zewestan) is a village in the Van Province in the southeast of Turkey ca. 12 km to the south of Van. Two small Urartian fortresses have been found in the immediate vicinity, which are known as Aşağı Zivistan Kalesi (\"Lower Zivistan Castle\") and Yukarı Zivistan Kalesi (\"Upper Zivistan Castle\"). On the basis of several Urartian stone inscriptions of the Urartian king Išpuini (9th century BCE) (CTU I A 2-2 - A 2-4) and one rock inscription of the same king (CTU I A 2-5), both fortresses can be dated to the the reign of the Urartian king Išpuini (9th century BCE).",
        "name_tr": "Zivistan/Elmalık",
        "desc_tr": "Elmalık (eski adıyla Zivistan, Zewestan), Türkiye'nin güneydoğusundaki Van ilinde, Van'ın yaklaşık 12 km güneyinde bulunan bir köydür. Yakın çevresinde, Aşağı Zivistan Kalesi (&quot;Aşağı Zivistan Kalesi&quot;) ve Yukarı Zivistan Kalesi (&quot;Yukarı Zivistan Kalesi&quot;) olarak bilinen iki küçük Urartu kalesi bulunmuştur. Urartu kralı Išpuini'ye (MÖ 9. yüzyıl) ait birkaç Urartu taş yazıtına (CTU IA 2-2 - A 2-4) ve aynı krala ait bir kaya yazıtına (CTU IA 2-5) dayanarak, her iki kalenin de Urartu kralı Išpuini dönemine (MÖ 9. yüzyıl) tarihlenebileceği düşünülmektedir."
      },
      "geometry": {
        "type": "Point",
        "coordinates": [
          43.30932635,
          38.412146
        ]
      }
    },
    {
      "type": "Feature",
      "properties": {
        "name": "Kuruçay Höyük",
        "desc": "Kuruçay Höyük is a fortified settlement site of the Late Chalcolithic period (ca. 4200–3100 BCE)",
        "name_tr": "Kuruçay Höyük",
        "desc_tr": "Kuruçay Höyük, Geç Kalkolitik Dönem'e (MÖ yaklaşık 4200-3100) ait surlarla çevrili bir yerleşim yeridir."
      },
      "geometry": {
        "type": "Point",
        "coordinates": [
          30.166919557,
          37.6344385368
        ]
      }
    },
    {
      "type": "Feature",
      "properties": {
        "name": "Yumuktepe",
        "desc": "Yumuktepe is the site of a settlement mound (tell) near Mersin, Turkey, that was inhabited from the Neolithic period until the Middle Ages. During the Bronze Age, the tell was part of Kizuwatna, a vassal kingdom of the Hittite Empire.",
        "name_tr": "Yumuktepe",
        "desc_tr": "Yumuktepe, Neolitik dönemden Orta Çağ'a kadar yerleşim yeri olarak kullanılan Mersin yakınlarındaki bir höyüktür. Tunç Çağı'nda höyük, Hitit İmparatorluğu'na bağlı bir krallık olan Kizuwatna'nın bir parçasıydı."
      },
      "geometry": {
        "type": "Point",
        "coordinates": [
          34.6041416498,
          36.801262222
        ]
      }
    },
    {
      "type": "Feature",
      "properties": {
        "name": "Tepeköy Höyük",
        "desc": "Settlement in eastern Turkey containing signs of inhabitation dated to the Early Bronze Age. Rescue excavations were conducted at the site prior to its inundation by the Alpaslan-2 Reservoir in 2021.",
        "name_tr": "Tepeköy Höyük",
        "desc_tr": "Doğu Anadolu'da Erken Tunç Çağı'na tarihlenen yerleşim izleri barındıran bir yerleşim. 2021 yılında Alpaslan-2 Baraj Gölü'nün sular altında kalmasından önce bölgede kurtarma kazıları yürütülmüştür."
      },
      "geometry": {
        "type": "Point",
        "coordinates": [
          41.505851,
          39.093299
        ]
      }
    },
    {
      "type": "Feature",
      "properties": {
        "name": "Šinuhtu",
        "desc": "A city in Tabal mentioned in royal inscriptions of the Assyrian king Sargon II (r. 721-705 BC). Its precise location in the area of the modern country of Turkey is uncertain: both modern Niǧde and at or near modern Aksaray have been proposed.",
        "name_tr": "Šinuhtu",
        "desc_tr": "Asur Kralı II. Sargon'un (MÖ 721-705) kraliyet yazıtlarında adı geçen Tabal'da bir şehir. Modern Türkiye sınırları içindeki kesin konumu belirsizdir: hem modern Niğde'de hem de modern Aksaray'da veya yakınında olduğu ileri sürülmüştür."
      },
      "geometry": {
        "type": "Point",
        "coordinates": [
          34.572513,
          37.82365
        ]
      }
    },
    {
      "type": "Feature",
      "properties": {
        "name": "Tırmıl Tepe Höyüğü",
        "desc": "An unexcavated mound on the outskirts of modern Mersin in Turkey. Archaeological surface survey yielded pottery dating from the Calcolithic to the Medieval periods. Atop the mound lie the much-depleted ruins of a possibly medieval fortification. Tırmıl Tepe Höyüğü numbers among the proposed locations of ancient Kundu/Kyinda.",
        "name_tr": "Tırmıl Tepe Höyüğü",
        "desc_tr": "Türkiye'nin Mersin ilinin eteklerinde henüz kazılmamış bir höyük. Arkeolojik yüzey araştırmalarında Kalkolitik Çağ'dan Orta Çağ'a kadar uzanan çanak çömlekler bulunmuştur. Höyüğün üzerinde, muhtemelen Orta Çağ'a ait bir sur duvarının büyük ölçüde tahrip olmuş kalıntıları bulunmaktadır. Tırmıl Tepe Höyüğü, antik Kundu/Kyinda'nın önerilen yerleşim yerleri arasında yer almaktadır."
      },
      "geometry": {
        "type": "Point",
        "coordinates": [
          34.6621714281,
          36.8259267387
        ]
      }
    },
    {
      "type": "Feature",
      "properties": {
        "name": "Acharaka",
        "desc": "An ancient place, cited: BAtlas 61 G2 Acharaka",
        "name_tr": "Acharaka",
        "desc_tr": "Antik Kenti, Ref.: BAtlas 61 G2 Acharaka"
      },
      "geometry": {
        "type": "Point",
        "coordinates": [
          28.097518,
          37.882833
        ]
      }
    },
    {
      "type": "Feature",
      "properties": {
        "name": "Alabanda/Antiocheia Chrysaoron",
        "desc": "Alabanda/Antiocheia Chrysaoron was an ancient city of Caria.",
        "name_tr": "Alabanda/Antiocheia Chrysaoron",
        "desc_tr": "Alabanda/Antiocheia Chrysaoron, Karia'nın antik kentiydi."
      },
      "geometry": {
        "type": "Point",
        "coordinates": [
          27.982969,
          37.596986
        ]
      }
    },
    {
      "type": "Feature",
      "properties": {
        "name": "Alinda/Alexandria ad Latmum",
        "desc": "An ancient place, cited: BAtlas 61 F2 Alinda/Alexandria ad Latmum",
        "name_tr": "Alinda/Alexandria ad Latmum",
        "desc_tr": "Antik Kenti, Ref.: BAtlas 61 F2 Alinda/Alexandria ad Latmum"
      },
      "geometry": {
        "type": "Point",
        "coordinates": [
          27.8264257007,
          37.558628048
        ]
      }
    },
    {
      "type": "Feature",
      "properties": {
        "name": "Almoura",
        "desc": "An ancient place, cited: BAtlas 61 F1 Almoura",
        "name_tr": "Almoura",
        "desc_tr": "Antik Kenti, Ref.: BAtlas 61 F1 Almoura"
      },
      "geometry": {
        "type": "Point",
        "coordinates": [
          27.624949,
          38.094652
        ]
      }
    },
    {
      "type": "Feature",
      "properties": {
        "name": "Amos",
        "desc": "An ancient place, cited: BAtlas 61 G4 Amos",
        "name_tr": "Amos",
        "desc_tr": "Antik Kenti, Ref.: BAtlas 61 G4 Amos"
      },
      "geometry": {
        "type": "Point",
        "coordinates": [
          28.2645905,
          36.7547855
        ]
      }
    },
    {
      "type": "Feature",
      "properties": {
        "name": "Amynanda",
        "desc": "An ancient place, cited: BAtlas 61 F3 Amynanda",
        "name_tr": "Amynanda",
        "desc_tr": "Antik Kenti, Ref.: BAtlas 61 F3 Amynanda"
      },
      "geometry": {
        "type": "Point",
        "coordinates": [
          27.646106,
          37.002222
        ]
      }
    },
    {
      "type": "Feature",
      "properties": {
        "name": "Amyzon/*Mydon",
        "desc": "An ancient settlement in Caria, it was one of the cities in the Chrysaorian League of Carian cities. By Strabo's time, it was deemed a suburb of Alabanda.",
        "name_tr": "Amyzon/*Mydon",
        "desc_tr": "Karya'da antik bir yerleşim yeri olan kent, Karya kentlerinin Hrisaoria Birliği'nin kentlerinden biriydi. Strabon döneminde Alabanda'nın bir banliyösü olarak kabul ediliyordu."
      },
      "geometry": {
        "type": "Point",
        "coordinates": [
          27.7109889133,
          37.6087914553
        ]
      }
    },
    {
      "type": "Feature",
      "properties": {
        "name": "Kadıkalesi/Anaia",
        "desc": "The modern Turkish name Kadıkalesi denotes a modern coastal neighborhood in Turkey's Aydın province, the extensive Byzantine fortified settlement (sometimes \"Kadı Kalesi\") that gave the neighborhood its name, and the multi-period mound on which the remains of the Byzantine castle stand wherein there is evidence for human settlement extending back to the Calcolithic. The mound and vicinity were clearly important in Hittite, Greek, Roman, and Byzantine periods.",
        "name_tr": "Kadıkalesi/Anaia",
        "desc_tr": "Türkçedeki Kadıkalesi adı, Türkiye'nin Aydın ilinde bulunan modern bir sahil mahallesini, mahalleye adını veren geniş Bizans surlu yerleşimini (bazen &quot;Kadı Kalesi&quot;) ve üzerinde Kalkolitik Çağ'a kadar uzanan insan yerleşimine dair kanıtlar bulunan Bizans kalesinin kalıntılarının bulunduğu çok dönemli höyüğü ifade eder. Höyük ve çevresi, Hitit, Yunan, Roma ve Bizans dönemlerinde açıkça önemliydi."
      },
      "geometry": {
        "type": "Point",
        "coordinates": [
          27.2703024877,
          37.7914959024
        ]
      }
    },
    {
      "type": "Feature",
      "properties": {
        "name": "Anineta",
        "desc": "An ancient place, cited: BAtlas 61 G2 Anineta",
        "name_tr": "Anineta",
        "desc_tr": "Antik Kenti, Ref.: BAtlas 61 G2 Anineta"
      },
      "geometry": {
        "type": "Point",
        "coordinates": [
          28.443642,
          37.933423
        ]
      }
    },
    {
      "type": "Feature",
      "properties": {
        "name": "Aroma",
        "desc": "An ancient place, cited: BAtlas 61 G2 Aroma",
        "name_tr": "Aroma",
        "desc_tr": "Antik Kenti, Ref.: BAtlas 61 G2 Aroma"
      },
      "geometry": {
        "type": "Point",
        "coordinates": [
          28.138317,
          37.912227
        ]
      }
    },
    {
      "type": "Feature",
      "properties": {
        "name": "Aspat",
        "desc": "An ancient place, cited: BAtlas 61 E4 Aspat",
        "name_tr": "Aspat",
        "desc_tr": "Antik Kenti, Ref.: BAtlas 61 E4 Aspat"
      },
      "geometry": {
        "type": "Point",
        "coordinates": [
          27.311921,
          36.982247
        ]
      }
    },
    {
      "type": "Feature",
      "properties": {
        "name": "Astragon",
        "desc": "An ancient place, cited: BAtlas 61 G3 Astragon",
        "name_tr": "Astragon",
        "desc_tr": "Antik Kenti, Ref.: BAtlas 61 G3 Astragon"
      },
      "geometry": {
        "type": "Point",
        "coordinates": [
          28.217488,
          37.381718
        ]
      }
    },
    {
      "type": "Feature",
      "properties": {
        "name": "Aulai",
        "desc": "An ancient place, cited: BAtlas 61 G4 Aulai",
        "name_tr": "Aulai",
        "desc_tr": "Antik Kenti, Ref.: BAtlas 61 G4 Aulai"
      },
      "geometry": {
        "type": "Point",
        "coordinates": [
          28.134462,
          36.760796
        ]
      }
    },
    {
      "type": "Feature",
      "properties": {
        "name": "Bargasa",
        "desc": "An ancient place, cited: BAtlas 61 G2 Bargasa",
        "name_tr": "Bargasa",
        "desc_tr": "Antik Kenti, Ref.: BAtlas 61 G2 Bargasa"
      },
      "geometry": {
        "type": "Point",
        "coordinates": [
          28.411535,
          37.6172015
        ]
      }
    },
    {
      "type": "Feature",
      "properties": {
        "name": "*Boneita",
        "desc": "An ancient place, cited: BAtlas 61 E1 *Boneita",
        "name_tr": "*Boneita",
        "desc_tr": "Antik Kenti, Ref.: BAtlas 61 E1 *Boneita"
      },
      "geometry": {
        "type": "Point",
        "coordinates": [
          27.498242,
          38.009953
        ]
      }
    },
    {
      "type": "Feature",
      "properties": {
        "name": "Bybassos",
        "desc": "Bybassos was a Rhodian deme.",
        "name_tr": "Bybassos",
        "desc_tr": "Bybassos, Rodos'un bir demosuydu."
      },
      "geometry": {
        "type": "Point",
        "coordinates": [
          28.1318072612,
          36.8050977482
        ]
      }
    },
    {
      "type": "Feature",
      "properties": {
        "name": "Chalketor",
        "desc": "An ancient place, cited: BAtlas 61 F3 Chalketor",
        "name_tr": "Chalketor",
        "desc_tr": "Antik Kenti, Ref.: BAtlas 61 F3 Chalketor"
      },
      "geometry": {
        "type": "Point",
        "coordinates": [
          27.685712,
          37.349058
        ]
      }
    },
    {
      "type": "Feature",
      "properties": {
        "name": "Chrysaoris",
        "desc": "An ancient place, cited: BAtlas 61 G3 Chrysaoris",
        "name_tr": "Chrysaoris",
        "desc_tr": "Antik Kenti, Ref.: BAtlas 61 G3 Chrysaoris"
      },
      "geometry": {
        "type": "Point",
        "coordinates": [
          28.09667,
          37.342419
        ]
      }
    },
    {
      "type": "Feature",
      "properties": {
        "name": "Cnidus",
        "desc": "An ancient settlement located at Tekir on the western tip of the modern Datça peninsula in Turkey (ancient Knidia), which extends from the southwest corner of Asia Minor. In the later fourth century BCE, it grew markedly, succeeding the site at Burgaz as the political center of the peninsula.",
        "name_tr": "Cnidus",
        "desc_tr": "Türkiye'de, Küçük Asya'nın güneybatı köşesinden uzanan, modern Datça Yarımadası'nın (antik Knidya) batı ucundaki Tekir'de bulunan antik bir yerleşim yeri. MÖ 4. yüzyılın sonlarında, Burgaz'daki yerleşim yerinin yerini alarak yarımadanın siyasi merkezi haline gelerek önemli ölçüde büyüdü."
      },
      "geometry": {
        "type": "Point",
        "coordinates": [
          27.3728385,
          36.6881795
        ]
      }
    },
    {
      "type": "Feature",
      "properties": {
        "name": "Cnidus",
        "desc": "Cnidus, a Greek city of ancient Caria that was part of the Dorian Hexapolis, was located at modern Burgaz in south-western Asia Minor on the modern Datça peninsula (Knidia) in Turkey. In the late fourth century, the political center of the peninsula moved from the site at Burgaz to the site at Tekir.",
        "name_tr": "Cnidus",
        "desc_tr": "Antik Karya'da, Dor Heksapolisi'nin bir parçası olan bir Yunan kenti olan Knidos, Türkiye'nin güneybatısındaki Küçük Asya'da, bugünkü Datça Yarımadası'nda (Knidia) bulunan Burgaz'da bulunuyordu. 4. yüzyılın sonlarında, yarımadanın siyasi merkezi Burgaz'dan Tekir'e taşındı."
      },
      "geometry": {
        "type": "Point",
        "coordinates": [
          27.69261325,
          36.73328265
        ]
      }
    },
    {
      "type": "Feature",
      "properties": {
        "name": "Colophon",
        "desc": "Colophon was an Ionian city in Lydia, located ca. 13 km north of the harbour of Notion. Its ruins are located near modern Değirmendere.",
        "name_tr": "Colophon",
        "desc_tr": "Kolophon, Lidya'da, Notion limanının yaklaşık 13 km kuzeyinde bulunan bir İyon kentiydi. Kalıntıları, günümüzdeki Değirmendere yakınlarında bulunmaktadır."
      },
      "geometry": {
        "type": "Point",
        "coordinates": [
          27.1483085,
          38.108253
        ]
      }
    },
    {
      "type": "Feature",
      "properties": {
        "name": "Colophon/Colophon ad Mare/Notion",
        "desc": "A port city founded by Aeolian settlers at the mouth of the River Avci.",
        "name_tr": "Colophon/Colophon ad Mare/Notion",
        "desc_tr": "Avcı Nehri'nin ağzında Eol yerleşimcileri tarafından kurulan bir liman kenti."
      },
      "geometry": {
        "type": "Point",
        "coordinates": [
          27.200852,
          37.9952785
        ]
      }
    },
    {
      "type": "Feature",
      "properties": {
        "name": "Dideiphyta",
        "desc": "An ancient place, cited: BAtlas 61 F1 Dideiphyta",
        "name_tr": "Dideiphyta",
        "desc_tr": "Antik Kenti, Ref.: BAtlas 61 F1 Dideiphyta"
      },
      "geometry": {
        "type": "Point",
        "coordinates": [
          27.788616,
          38.09658
        ]
      }
    },
    {
      "type": "Feature",
      "properties": {
        "name": "Dioshieron",
        "desc": "An ancient place, cited: BAtlas 61 E1 Dioshieron",
        "name_tr": "Dioshieron",
        "desc_tr": "Antik Kenti, Ref.: BAtlas 61 E1 Dioshieron"
      },
      "geometry": {
        "type": "Point",
        "coordinates": [
          27.08106,
          38.029393
        ]
      }
    },
    {
      "type": "Feature",
      "properties": {
        "name": "Emecik",
        "desc": "An ancient settlement and sanctuary site on the Cnidus (modern Reşadiye/Datça) peninsula.",
        "name_tr": "Emecik",
        "desc_tr": "Knidos (bugünkü Reşadiye/Datça) yarımadasında bulunan antik bir yerleşim ve kutsal alan."
      },
      "geometry": {
        "type": "Point",
        "coordinates": [
          27.8019769,
          36.768259
        ]
      }
    },
    {
      "type": "Feature",
      "properties": {
        "name": "Ephesus/Arsinoe(ia)",
        "desc": "Ephesus/Arsinoe(ia) was the most important ancient metropolis of Ionian Asia Minor.",
        "name_tr": "Ephesus/Arsinoe(ia)",
        "desc_tr": "Efes/Arsinoe(ia), İyonya Küçük Asya'sının en önemli antik metropolüydü."
      },
      "geometry": {
        "type": "Point",
        "coordinates": [
          27.342402982,
          37.940164272
        ]
      }
    },
    {
      "type": "Feature",
      "properties": {
        "name": "Euhippe",
        "desc": "An ancient place, cited: BAtlas 61 G2 Euhippe",
        "name_tr": "Euhippe",
        "desc_tr": "Antik Kenti, Ref.: BAtlas 61 G2 Euhippe"
      },
      "geometry": {
        "type": "Point",
        "coordinates": [
          28.086631,
          37.787596
        ]
      }
    },
    {
      "type": "Feature",
      "properties": {
        "name": "Europos/Euromos/Philippoi",
        "desc": "Europos/Euromos/Philippoi was a settlement of interior Caria.",
        "name_tr": "Europos/Euromos/Philippoi",
        "desc_tr": "Europos/Euromos/Philippoi, Karya'nın iç kesimlerinde yer alan bir yerleşim yeriydi."
      },
      "geometry": {
        "type": "Point",
        "coordinates": [
          27.6750765,
          37.3743507
        ]
      }
    },
    {
      "type": "Feature",
      "properties": {
        "name": "Euthenai",
        "desc": "An ancient place, cited: BAtlas 61 G4 Euthenai",
        "name_tr": "Euthenai",
        "desc_tr": "Antik Kenti, Ref.: BAtlas 61 G4 Euthenai"
      },
      "geometry": {
        "type": "Point",
        "coordinates": [
          28.259418,
          36.935973
        ]
      }
    },
    {
      "type": "Feature",
      "properties": {
        "name": "Ferek",
        "desc": "An ancient place, cited: BAtlas 61 G3 Ferek",
        "name_tr": "Ferek",
        "desc_tr": "Antik Kenti, Ref.: BAtlas 61 G3 Ferek"
      },
      "geometry": {
        "type": "Point",
        "coordinates": [
          28.321479,
          37.01694
        ]
      }
    },
    {
      "type": "Feature",
      "properties": {
        "name": "Gerbekse",
        "desc": "An ancient place, cited: BAtlas 61 G4 Gerbekse",
        "name_tr": "Gerbekse",
        "desc_tr": "Antik Kenti, Ref.: BAtlas 61 G4 Gerbekse"
      },
      "geometry": {
        "type": "Point",
        "coordinates": [
          28.219383,
          36.701149
        ]
      }
    },
    {
      "type": "Feature",
      "properties": {
        "name": "Gerga/Leukai Stelai?",
        "desc": "An ancient settlement of Caria located near Ovacik, 12 km S-SE of Çine.",
        "name_tr": "Gerga/Leukai Stelai?",
        "desc_tr": "Çine'nin 12 km güney-güneydoğusunda, Ovacık yakınlarında bulunan antik bir Karya yerleşimi."
      },
      "geometry": {
        "type": "Point",
        "coordinates": [
          28.1481545,
          37.5185756
        ]
      }
    },
    {
      "type": "Feature",
      "properties": {
        "name": "Gölcük",
        "desc": "An ancient place, cited: BAtlas 61 H3 Gölcük",
        "name_tr": "Gölcük",
        "desc_tr": "Antik Kenti, Ref.: BAtlas 61 H3 Gölcük"
      },
      "geometry": {
        "type": "Point",
        "coordinates": [
          28.566578,
          37.145904
        ]
      }
    },
    {
      "type": "Feature",
      "properties": {
        "name": "Halicarnassus/Halikarnassos",
        "desc": "An ancient city in Caria, now known as Bodrum in Turkey.",
        "name_tr": "Halicarnassus/Halikarnassos",
        "desc_tr": "Karya'da bulunan ve günümüzde Bodrum olarak bilinen antik kent."
      },
      "geometry": {
        "type": "Point",
        "coordinates": [
          27.4221505,
          37.0404005
        ]
      }
    },
    {
      "type": "Feature",
      "properties": {
        "name": "Harpasa",
        "desc": "An ancient place, cited: BAtlas 61 G2 Harpasa",
        "name_tr": "Harpasa",
        "desc_tr": "Antik Kenti, Ref.: BAtlas 61 G2 Harpasa"
      },
      "geometry": {
        "type": "Point",
        "coordinates": [
          28.356151,
          37.80069
        ]
      }
    },
    {
      "type": "Feature",
      "properties": {
        "name": "Heraclea ad Latmum/Pleistarcheia",
        "desc": "A town of Caria located 25 km east of Miletos on the Ionian coast, Heraclea was located on the lower slopes of Mt. Latmos. Once a part of the Delian League, the city fell to Mausolos in the fourth century B.C. and his philhellene policy accounts for its change of name.",
        "name_tr": "Heraclea ad Latmum/Pleistarcheia",
        "desc_tr": "Miletos'un 25 km doğusunda, İyonya kıyısında yer alan bir Karya kenti olan Heraklea, Latmos Dağı'nın eteklerinde kurulmuştur. Bir zamanlar Delos Birliği'nin bir parçası olan şehir, MÖ 4. yüzyılda Mausolos'un eline geçmiş ve onun Helensever politikası nedeniyle ismi değişmiştir."
      },
      "geometry": {
        "type": "Point",
        "coordinates": [
          27.525011,
          37.501842
        ]
      }
    },
    {
      "type": "Feature",
      "properties": {
        "name": "Hierakome",
        "desc": "An ancient place, cited: BAtlas 61 G3 Hierakome",
        "name_tr": "Hierakome",
        "desc_tr": "Antik Kenti, Ref.: BAtlas 61 G3 Hierakome"
      },
      "geometry": {
        "type": "Point",
        "coordinates": [
          28.04462,
          37.389566
        ]
      }
    },
    {
      "type": "Feature",
      "properties": {
        "name": "Hybanda (island)",
        "desc": "A former island of the Icarian Sea at the location of modern Özbaşı 13.5 km south of Söke.",
        "name_tr": "Hybanda (island)",
        "desc_tr": "Söke'nin 13,5 km güneyinde, bugünkü Özbaşı mevkiinde bulunan İkarya Denizi'nde eski bir ada."
      },
      "geometry": {
        "type": "Point",
        "coordinates": [
          27.4281833,
          37.6290573
        ]
      }
    },
    {
      "type": "Feature",
      "properties": {
        "name": "*Hydai/*Kydai",
        "desc": "A ancient settlement in western Anatolia, ca. 8 km west of the modern town of Milas in the Muğla Province. Remains of the ancient settlement are located under and around the modern village of Damlıboğaz.",
        "name_tr": "*Hydai/*Kydai",
        "desc_tr": "Batı Anadolu'da, Muğla ilinin Milas ilçesinin yaklaşık 8 km batısında yer alan antik bir yerleşim yeri. Antik yerleşimin kalıntıları, günümüzdeki Damlıboğaz köyünün altında ve çevresinde bulunmaktadır."
      },
      "geometry": {
        "type": "Point",
        "coordinates": [
          27.704802,
          37.303307
        ]
      }
    },
    {
      "type": "Feature",
      "properties": {
        "name": "Hydas",
        "desc": "An ancient place, cited: BAtlas 61 G4 Hydas",
        "name_tr": "Hydas",
        "desc_tr": "Antik Kenti, Ref.: BAtlas 61 G4 Hydas"
      },
      "geometry": {
        "type": "Point",
        "coordinates": [
          28.092803,
          36.706086
        ]
      }
    },
    {
      "type": "Feature",
      "properties": {
        "name": "Hydissos",
        "desc": "An ancient place, cited: BAtlas 61 F3 Hydissos",
        "name_tr": "Hydissos",
        "desc_tr": "Antik Kenti, Ref.: BAtlas 61 F3 Hydissos"
      },
      "geometry": {
        "type": "Point",
        "coordinates": [
          27.811244878,
          37.138675732
        ]
      }
    },
    {
      "type": "Feature",
      "properties": {
        "name": "Hygassos",
        "desc": "An ancient place, cited: BAtlas 61 G4 Hygassos",
        "name_tr": "Hygassos",
        "desc_tr": "Antik Kenti, Ref.: BAtlas 61 G4 Hygassos"
      },
      "geometry": {
        "type": "Point",
        "coordinates": [
          28.120727,
          36.739573
        ]
      }
    },
    {
      "type": "Feature",
      "properties": {
        "name": "*Hylimos/*Olymos",
        "desc": "An ancient place, cited: BAtlas 61 F3 *Hylimos/*Olymos",
        "name_tr": "*Hylimos/*Olymos",
        "desc_tr": "Antik Kenti, Ref.: BAtlas 61 F3 *Hylimos/*Olymos"
      },
      "geometry": {
        "type": "Point",
        "coordinates": [
          27.735578,
          37.378561
        ]
      }
    },
    {
      "type": "Feature",
      "properties": {
        "name": "Hyllarima",
        "desc": "An ancient place, cited: BAtlas 61 G2 Hyllarima",
        "name_tr": "Hyllarima",
        "desc_tr": "Antik Kenti, Ref.: BAtlas 61 G2 Raf rima"
      },
      "geometry": {
        "type": "Point",
        "coordinates": [
          28.34929515,
          37.505037
        ]
      }
    },
    {
      "type": "Feature",
      "properties": {
        "name": "Iasos",
        "desc": "Iasos was an ancient Greek city in Caria.",
        "name_tr": "Iasos",
        "desc_tr": "İasos, Karya'da bulunan antik bir Yunan kentiydi."
      },
      "geometry": {
        "type": "Point",
        "coordinates": [
          27.58487049,
          37.2791962929
        ]
      }
    },
    {
      "type": "Feature",
      "properties": {
        "name": "Idyma",
        "desc": "An ancient place, cited: BAtlas 61 G3 Idyma",
        "name_tr": "Idyma",
        "desc_tr": "Antik Kenti, Ref.: BAtlas 61 G3 Idyma"
      },
      "geometry": {
        "type": "Point",
        "coordinates": [
          28.367319,
          37.059443
        ]
      }
    },
    {
      "type": "Feature",
      "properties": {
        "name": "Ioniapolis",
        "desc": "An ancient place, cited: BAtlas 61 F3 Ioniapolis",
        "name_tr": "Ioniapolis",
        "desc_tr": "Antik Kenti, Ref.: BAtlas 61 F3 Ioniapolis"
      },
      "geometry": {
        "type": "Point",
        "coordinates": [
          27.508324,
          37.474596
        ]
      }
    },
    {
      "type": "Feature",
      "properties": {
        "name": "Kadyie",
        "desc": "An ancient place, cited: BAtlas 61 F2 Kadyie",
        "name_tr": "Kadyie",
        "desc_tr": "Antik Kenti, Ref.: BAtlas 61 F2 Kadyie"
      },
      "geometry": {
        "type": "Point",
        "coordinates": [
          27.568624,
          37.832174
        ]
      }
    },
    {
      "type": "Feature",
      "properties": {
        "name": "Kallipolis",
        "desc": "A city of the Rhodian Peraea located close to the Gulf of Kos.",
        "name_tr": "Kallipolis",
        "desc_tr": "Kos Körfezi'ne yakın bir yerde bulunan Rodos Peraea kenti."
      },
      "geometry": {
        "type": "Point",
        "coordinates": [
          28.4536,
          37.032454
        ]
      }
    },
    {
      "type": "Feature",
      "properties": {
        "name": "Kallipolis",
        "desc": "An ancient place, cited: BAtlas 61 G4 Kallipolis",
        "name_tr": "Kallipolis",
        "desc_tr": "Antik Kenti, Ref.: BAtlas 61 G4 Kallipolis"
      },
      "geometry": {
        "type": "Point",
        "coordinates": [
          28.272289,
          36.991329
        ]
      }
    },
    {
      "type": "Feature",
      "properties": {
        "name": "Karyanda (Neapolis)",
        "desc": "An ancient place, cited: BAtlas 61 E3 Karyanda (Neapolis)",
        "name_tr": "Karyanda (Neapolis)",
        "desc_tr": "Antik bölge, Ref.: BAtlas 61 E3 Karyanda (Neapolis)"
      },
      "geometry": {
        "type": "Point",
        "coordinates": [
          27.377983,
          37.126299
        ]
      }
    },
    {
      "type": "Feature",
      "properties": {
        "name": "*Kasara",
        "desc": "An ancient place, cited: BAtlas 61 G4 *Kasara",
        "name_tr": "*Kasara",
        "desc_tr": "Antik kenti, Ref.: BAtlas 61 G4 *Kasara"
      },
      "geometry": {
        "type": "Point",
        "coordinates": [
          28.06845,
          36.609514
        ]
      }
    },
    {
      "type": "Feature",
      "properties": {
        "name": "Kasossos",
        "desc": "An ancient place, cited: BAtlas 61 F3 Kasossos",
        "name_tr": "Kasossos",
        "desc_tr": "Antik Kenti, Ref.: BAtlas 61 F3 Kasossos"
      },
      "geometry": {
        "type": "Point",
        "coordinates": [
          27.812491,
          37.230248
        ]
      }
    },
    {
      "type": "Feature",
      "properties": {
        "name": "Kastabos",
        "desc": "An ancient place, cited: BAtlas 61 G4 Kastabos",
        "name_tr": "Kastabos",
        "desc_tr": "Antik Kenti, Ref.: BAtlas 61 G4 Kastabos"
      },
      "geometry": {
        "type": "Point",
        "coordinates": [
          28.176816,
          36.787594
        ]
      }
    },
    {
      "type": "Feature",
      "properties": {
        "name": "Kavaklı",
        "desc": "An ancient place, cited: BAtlas 61 G2 Kavaklı",
        "name_tr": "Kavaklı",
        "desc_tr": "An ancient place, cited: BAtlas 61 G2 Kavaklı"
      },
      "geometry": {
        "type": "Point",
        "coordinates": [
          28.312296,
          37.74598
        ]
      }
    },
    {
      "type": "Feature",
      "properties": {
        "name": "Keramos",
        "desc": "An ancient place, cited: BAtlas 61 F3 Keramos",
        "name_tr": "Keramos",
        "desc_tr": "Antik Kenti, Ref.: BAtlas 61 F3 Keramos"
      },
      "geometry": {
        "type": "Point",
        "coordinates": [
          27.9562175,
          37.041728
        ]
      }
    },
    {
      "type": "Feature",
      "properties": {
        "name": "Kildara",
        "desc": "An ancient place, cited: BAtlas 61 F3 Kildara",
        "name_tr": "Kildara",
        "desc_tr": "Antik Kenti, Ref.: BAtlas 61 F3 Kildara"
      },
      "geometry": {
        "type": "Point",
        "coordinates": [
          27.693076,
          37.181505
        ]
      }
    },
    {
      "type": "Feature",
      "properties": {
        "name": "Kindye",
        "desc": "An ancient place, cited: BAtlas 61 F3 Kindye",
        "name_tr": "Kindye",
        "desc_tr": "Antik Kenti, Ref.: BAtlas 61 F3 Kindye"
      },
      "geometry": {
        "type": "Point",
        "coordinates": [
          27.650052,
          37.191684
        ]
      }
    },
    {
      "type": "Feature",
      "properties": {
        "name": "Kızılköy",
        "desc": "An ancient place, cited: BAtlas 61 G4 Kızılköy",
        "name_tr": "Kızılköy",
        "desc_tr": "Antik Kenti, Ref.: BAtlas 61 G4 Kızılköy"
      },
      "geometry": {
        "type": "Point",
        "coordinates": [
          28.125117,
          36.715174
        ]
      }
    },
    {
      "type": "Feature",
      "properties": {
        "name": "*Kleimaka",
        "desc": "An ancient place, cited: BAtlas 61 F1 *Kleimaka",
        "name_tr": "*Kleimaka",
        "desc_tr": "Antik Kenti, Ref.: BAtlas 61 F1 *Kleimaka"
      },
      "geometry": {
        "type": "Point",
        "coordinates": [
          27.893729,
          38.050575
        ]
      }
    },
    {
      "type": "Feature",
      "properties": {
        "name": "Koliorga",
        "desc": "An ancient place, cited: BAtlas 61 G3 Koliorga",
        "name_tr": "Koliorga",
        "desc_tr": "Antik Kenti, Ref.: BAtlas 61 G3 Koliorga"
      },
      "geometry": {
        "type": "Point",
        "coordinates": [
          28.202725,
          37.349625
        ]
      }
    },
    {
      "type": "Feature",
      "properties": {
        "name": "Koraia",
        "desc": "An ancient place, cited: BAtlas 61 G3 Koraia",
        "name_tr": "Koraia",
        "desc_tr": "Antik Kenti, Ref.: BAtlas 61 G3 Koraia"
      },
      "geometry": {
        "type": "Point",
        "coordinates": [
          28.006457,
          37.343724
        ]
      }
    },
    {
      "type": "Feature",
      "properties": {
        "name": "Kuyruklu Kale",
        "desc": "An ancient place, cited: BAtlas 61 F3 Kuyruklu Kale",
        "name_tr": "Kuyruklu Kale",
        "desc_tr": "Antik Kenti, Ref.: BAtlas 61 F3 Kuyruklu Kale"
      },
      "geometry": {
        "type": "Point",
        "coordinates": [
          27.839277,
          37.310989
        ]
      }
    },
    {
      "type": "Feature",
      "properties": {
        "name": "Kyllandos",
        "desc": "An ancient place, cited: BAtlas 61 G3 Kyllandos",
        "name_tr": "Kyllandos",
        "desc_tr": "Alıntı yapılan eski bir yer: BAtlas 61 G3 Kyllandos"
      },
      "geometry": {
        "type": "Point",
        "coordinates": [
          28.442249,
          37.067654
        ]
      }
    },
    {
      "type": "Feature",
      "properties": {
        "name": "*Kymnissa",
        "desc": "An ancient place, cited: BAtlas 61 E3 *Kymnissa",
        "name_tr": "*Kymnissa",
        "desc_tr": "Antik Kenti, Ref.: BAtlas 61 E3 *Kymnissa"
      },
      "geometry": {
        "type": "Point",
        "coordinates": [
          27.273513,
          37.00864
        ]
      }
    },
    {
      "type": "Feature",
      "properties": {
        "name": "Kys/Kanebion/Palaiapolis",
        "desc": "An ancient place, cited: BAtlas 61 G3 Kys/Kanebion/Palaiapolis",
        "name_tr": "Kys/Kanebion/Palaiapolis",
        "desc_tr": "Alıntı yapılan antik bir yer: BAtlas 61 G3 Kys/Kanebion/Palaiapolis"
      },
      "geometry": {
        "type": "Point",
        "coordinates": [
          28.423734,
          37.428882
        ]
      }
    },
    {
      "type": "Feature",
      "properties": {
        "name": "Labraunda",
        "desc": "Labraunda is an archaeological site located in Caria, just west of Ortaköy, Turkey. The site was sacred to both Carians and Mysians.",
        "name_tr": "Labraunda",
        "desc_tr": "Labraunda, Türkiye'nin Ortaköy ilçesinin hemen batısında, Karya bölgesinde bulunan bir arkeolojik alandır. Hem Karyalılar hem de Misyalılar için kutsal kabul edilir."
      },
      "geometry": {
        "type": "Point",
        "coordinates": [
          27.8199900751,
          37.418900618
        ]
      }
    },
    {
      "type": "Feature",
      "properties": {
        "name": "Lagina",
        "desc": "An ancient place, cited: BAtlas 61 G3 Lagina",
        "name_tr": "Lagina",
        "desc_tr": "Antik Kenti, Ref.: BAtlas 61 G3 Lagina"
      },
      "geometry": {
        "type": "Point",
        "coordinates": [
          28.0394843203,
          37.3781455514
        ]
      }
    },
    {
      "type": "Feature",
      "properties": {
        "name": "Larisa",
        "desc": "An ancient settlement located in mountainous terrain to the north of Tralleis.",
        "name_tr": "Larisa",
        "desc_tr": "Tralleis'in kuzeyindeki dağlık arazide yer alan antik bir yerleşim yeri."
      },
      "geometry": {
        "type": "Point",
        "coordinates": [
          27.853554,
          37.905536
        ]
      }
    },
    {
      "type": "Feature",
      "properties": {
        "name": "Latmos",
        "desc": "An ancient place, cited: BAtlas 61 F2 Latmos",
        "name_tr": "Latmos",
        "desc_tr": "Antik Kenti, Ref.: BAtlas 61 F2 Latmos"
      },
      "geometry": {
        "type": "Point",
        "coordinates": [
          27.53766,
          37.498076
        ]
      }
    },
    {
      "type": "Feature",
      "properties": {
        "name": "Lebedos/Ptolemais",
        "desc": "An ancient city of Ionia, located on and behind the modern Kisik peninsula in the Turkish municipality of Mersin Alanı Mahallesi (Izmir Province).",
        "name_tr": "Lebedos/Ptolemais",
        "desc_tr": "İzmir İli, Mersin Alanı Mahallesi sınırları içerisinde, modern Kısık yarımadasının üzerinde ve arkasında yer alan antik bir İyonya kenti."
      },
      "geometry": {
        "type": "Point",
        "coordinates": [
          26.965885,
          38.0756465
        ]
      }
    },
    {
      "type": "Feature",
      "properties": {
        "name": "Leimon",
        "desc": "An ancient place, cited: BAtlas 61 G2 Leimon",
        "name_tr": "Leimon",
        "desc_tr": "Antik Kenti, Ref.: BAtlas 61 G2 Leimon"
      },
      "geometry": {
        "type": "Point",
        "coordinates": [
          28.109996,
          37.926519
        ]
      }
    },
    {
      "type": "Feature",
      "properties": {
        "name": "Lobolda",
        "desc": "An ancient place, cited: BAtlas 61 F3 Lobolda",
        "name_tr": "Lobolda",
        "desc_tr": "Antik Kenti, Ref.: BAtlas 61 F3 Lobolda"
      },
      "geometry": {
        "type": "Point",
        "coordinates": [
          27.993909,
          37.293237
        ]
      }
    },
    {
      "type": "Feature",
      "properties": {
        "name": "Loryma",
        "desc": "An ancient place, cited: BAtlas 61 G4 Loryma",
        "name_tr": "Loryma",
        "desc_tr": "Antik Kenti, Ref.: BAtlas 61 G4 Loryma"
      },
      "geometry": {
        "type": "Point",
        "coordinates": [
          28.0082165,
          36.5773895
        ]
      }
    },
    {
      "type": "Feature",
      "properties": {
        "name": "Madnasa",
        "desc": "An ancient place, cited: BAtlas 61 E3 Madnasa",
        "name_tr": "Madnasa",
        "desc_tr": "Antik Kenti, Ref.: BAtlas 61 E3 Madnasa"
      },
      "geometry": {
        "type": "Point",
        "coordinates": [
          27.359987,
          37.088887
        ]
      }
    },
    {
      "type": "Feature",
      "properties": {
        "name": "Magnesia ad Maeandrum/Leukophrys",
        "desc": "Magnesia ad Maeandrum was an ancient city on the Maeander River in Ionia, site of an important sanctuary of Artemis Leukophryene (\"of the white eyebrow\"). Its extensive remains are located near the modern village of Tekin in Turkey's Aydın Province.",
        "name_tr": "Magnesia ad Maeandrum/Leukophrys",
        "desc_tr": "Magnesia ad Maeandrum, İyonya'daki Maeander Nehri üzerinde, önemli bir Artemis Leukophryene (&quot;beyaz kaşlı&quot;) tapınağının bulunduğu antik bir kentti. Kentin geniş kalıntıları, Türkiye'nin Aydın ilindeki modern Tekin köyü yakınlarında bulunmaktadır."
      },
      "geometry": {
        "type": "Point",
        "coordinates": [
          27.5231784408,
          37.8498623435
        ]
      }
    },
    {
      "type": "Feature",
      "properties": {
        "name": "Maiandros/Maiandroupolis?",
        "desc": "An ancient place, cited: BAtlas 61 E2 Maiandros/Maiandroupolis?",
        "name_tr": "Maiandros/Maiandroupolis?",
        "desc_tr": "Antik Kenti, Ref.: BAtlas 61 E2 Maiandros/Maiandroupolis?"
      },
      "geometry": {
        "type": "Point",
        "coordinates": [
          27.410275,
          37.751855
        ]
      }
    },
    {
      "type": "Feature",
      "properties": {
        "name": "Marathesion",
        "desc": "An ancient place, cited: BAtlas 61 E2 Marathesion",
        "name_tr": "Marathesion",
        "desc_tr": "Antik Kenti, Ref.: BAtlas 61 E2 Marathesion"
      },
      "geometry": {
        "type": "Point",
        "coordinates": [
          27.254483,
          37.829287
        ]
      }
    },
    {
      "type": "Feature",
      "properties": {
        "name": "Mastaura",
        "desc": "An ancient place, cited: BAtlas 61 G2 Mastaura",
        "name_tr": "Mastaura",
        "desc_tr": "Antik Kenti, Ref.: BAtlas 61 G2 Mastaura"
      },
      "geometry": {
        "type": "Point",
        "coordinates": [
          28.3528415,
          37.9504305
        ]
      }
    },
    {
      "type": "Feature",
      "properties": {
        "name": "Melie/Karion",
        "desc": "An ancient place, cited: BAtlas 61 E2 Melie/Karion",
        "name_tr": "Melie/Karion",
        "desc_tr": "Antik Kenti, Ref.: BAtlas 61 E2 Melie/Karion"
      },
      "geometry": {
        "type": "Point",
        "coordinates": [
          27.218019,
          37.709368
        ]
      }
    },
    {
      "type": "Feature",
      "properties": {
        "name": "Miletus",
        "desc": "A major ancient city in Ionia.",
        "name_tr": "Miletus",
        "desc_tr": "İyonya'nın önemli antik kentlerinden biri."
      },
      "geometry": {
        "type": "Point",
        "coordinates": [
          27.2788084839,
          37.53046444
        ]
      }
    },
    {
      "type": "Feature",
      "properties": {
        "name": "*Mobolla",
        "desc": "An ancient place, cited: BAtlas 61 G3 *Mobolla",
        "name_tr": "*Mobolla",
        "desc_tr": "Antik Kenti, Ref.: BAtlas 61 G3 *Mobolla"
      },
      "geometry": {
        "type": "Point",
        "coordinates": [
          28.381291,
          37.224849
        ]
      }
    },
    {
      "type": "Feature",
      "properties": {
        "name": "Mylasa",
        "desc": "An ancient place, cited: BAtlas 61 F3 Mylasa",
        "name_tr": "Mylasa",
        "desc_tr": "Antik Kenti, Ref.: BAtlas 61 F3 Mylasa"
      },
      "geometry": {
        "type": "Point",
        "coordinates": [
          27.7902386667,
          37.3027506667
        ]
      }
    },
    {
      "type": "Feature",
      "properties": {
        "name": "Myndos",
        "desc": "An ancient place, cited: BAtlas 61 E3 Myndos",
        "name_tr": "Myndos",
        "desc_tr": "Antik Kenti, Ref.: BAtlas 61 E3 Myndos"
      },
      "geometry": {
        "type": "Point",
        "coordinates": [
          27.2341293,
          37.0555746
        ]
      }
    },
    {
      "type": "Feature",
      "properties": {
        "name": "Myous",
        "desc": "An ancient Ionian port settlement in Caria, the site is located at modern Avşar Kale in Turkey. The site was abandoned in antiquity due to siltification from the Maeander river; it was modestly resettled in the Byzantine period.",
        "name_tr": "Myous",
        "desc_tr": "Karya'da antik bir İyon liman yerleşimi olan bu alan, günümüzde Türkiye'de Avşar Kalesi'nde yer almaktadır. Antik çağda, Maeander Nehri'nin siltlenmesi nedeniyle terk edilmiş olan alan, Bizans döneminde mütevazı bir yerleşime ev sahipliği yapmıştır."
      },
      "geometry": {
        "type": "Point",
        "coordinates": [
          27.4258624,
          37.5987228
        ]
      }
    },
    {
      "type": "Feature",
      "properties": {
        "name": "Naxia",
        "desc": "An ancient place, cited: BAtlas 61 F2 Naxia",
        "name_tr": "Naxia",
        "desc_tr": "Antik Kenti, Ref.: BAtlas 61 F2 Naxia"
      },
      "geometry": {
        "type": "Point",
        "coordinates": [
          27.659145,
          37.552756
        ]
      }
    },
    {
      "type": "Feature",
      "properties": {
        "name": "Neapolis/Aurelia Neapolis",
        "desc": "An ancient place, cited: BAtlas 61 G2 Neapolis/Aurelia Neapolis",
        "name_tr": "Neapolis/Aurelia Neapolis",
        "desc_tr": "Antik Kenti, Ref.: BAtlas 61 G2 Neapolis/Aurelia Neapolis"
      },
      "geometry": {
        "type": "Point",
        "coordinates": [
          28.397699,
          37.690157
        ]
      }
    },
    {
      "type": "Feature",
      "properties": {
        "name": "Nysa/Athymbra",
        "desc": "An ancient place, cited: BAtlas 61 G2 Nysa/Athymbra",
        "name_tr": "Nysa/Athymbra",
        "desc_tr": "Antik Kenti, Ref.: BAtlas 61 G2 Nysa/Athymbra"
      },
      "geometry": {
        "type": "Point",
        "coordinates": [
          28.144999,
          37.903405
        ]
      }
    },
    {
      "type": "Feature",
      "properties": {
        "name": "Orthosia",
        "desc": "An ancient place, cited: BAtlas 61 G2 Orthosia",
        "name_tr": "Orthosia",
        "desc_tr": "Antik Kenti, Ref.: BAtlas 61 G2 Orthosia"
      },
      "geometry": {
        "type": "Point",
        "coordinates": [
          28.240451,
          37.8260545
        ]
      }
    },
    {
      "type": "Feature",
      "properties": {
        "name": "Ortygia",
        "desc": "An ancient place, cited: BAtlas 61 E2 Ortygia",
        "name_tr": "Ortygia",
        "desc_tr": "Antik Kenti, Ref.: BAtlas 61 E2 Ortygia"
      },
      "geometry": {
        "type": "Point",
        "coordinates": [
          27.339225,
          37.829783
        ]
      }
    },
    {
      "type": "Feature",
      "properties": {
        "name": "*Oula",
        "desc": "An ancient place, cited: BAtlas 61 G3 *Oula",
        "name_tr": "*Oula",
        "desc_tr": "Antik Kenti, Ref.: BAtlas 61 G3 *Oula"
      },
      "geometry": {
        "type": "Point",
        "coordinates": [
          28.374145,
          37.10105
        ]
      }
    },
    {
      "type": "Feature",
      "properties": {
        "name": "Ouranion",
        "desc": "An ancient place, cited: BAtlas 61 E3 Ouranion",
        "name_tr": "Ouranion",
        "desc_tr": "Antik Kenti, Ref.: BAtlas 61 E3 Ouranion"
      },
      "geometry": {
        "type": "Point",
        "coordinates": [
          27.278841,
          37.093516
        ]
      }
    },
    {
      "type": "Feature",
      "properties": {
        "name": "Palaia Myndos",
        "desc": "An ancient place, cited: BAtlas 61 E3 Palaia Myndos",
        "name_tr": "Palaia Myndos",
        "desc_tr": "Antik Kenti, Ref.: BAtlas 61 E3 Palaia Myndos"
      },
      "geometry": {
        "type": "Point",
        "coordinates": [
          27.259149,
          37.031449
        ]
      }
    },
    {
      "type": "Feature",
      "properties": {
        "name": "Palaiapolis",
        "desc": "An ancient place, cited: BAtlas 61 G1 Palaiapolis",
        "name_tr": "Palaiapolis",
        "desc_tr": "Antik Kenti, Ref.: BAtlas 61 G1 Palaiapolis"
      },
      "geometry": {
        "type": "Point",
        "coordinates": [
          28.2170655,
          38.085201
        ]
      }
    },
    {
      "type": "Feature",
      "properties": {
        "name": "Panormos (port of Didyma)",
        "desc": "A port on the Aegean coast of Caria, south of Miletus, that provided a point of debarkation for travelers to Didyma, Panormos has been identified with the modern bay of Kovela Limanı. Although the ancient shoreline, harbor works, and presumed town have not been precisely located, an important archaic necropolis has been identified just east of the modern Turkish village of Mavişehir and archaeological survey in the area indicates a long and vibrant record of human occupation.",
        "name_tr": "Panormos (port of Didyma)",
        "desc_tr": "Milet'in güneyinde, Karya'nın Ege kıyısında, Didim'e gelen gezginlerin karaya çıkış noktası olan Panormos, günümüzdeki Kovela Limanı koyuyla özdeşleştirilmiştir. Antik kıyı şeridi, liman yapıları ve varsayılan yerleşim yeri kesin olarak tespit edilemese de, günümüzdeki Mavişehir köyünün hemen doğusunda önemli bir antik nekropol tespit edilmiş ve bölgedeki arkeolojik araştırmalar, uzun ve canlı bir insan yerleşimi geçmişine işaret etmektedir."
      },
      "geometry": {
        "type": "Point",
        "coordinates": [
          27.2309097,
          37.40396105
        ]
      }
    },
    {
      "type": "Feature",
      "properties": {
        "name": "Pargasa/Bargasa",
        "desc": "An ancient place, cited: BAtlas 61 F3 Pargasa/Bargasa",
        "name_tr": "Pargasa/Bargasa",
        "desc_tr": "Antik Kenti, Ref.: BAtlas 61 F3 Pargasa/Bargasa"
      },
      "geometry": {
        "type": "Point",
        "coordinates": [
          27.776644,
          37.025229
        ]
      }
    },
    {
      "type": "Feature",
      "properties": {
        "name": "*Parparia",
        "desc": "An ancient place, cited: BAtlas 61 F2 *Parparia",
        "name_tr": "*Parparia",
        "desc_tr": "Alıntı yapılan eski bir yer: BAtlas 61 F2 *Parparia"
      },
      "geometry": {
        "type": "Point",
        "coordinates": [
          27.544474,
          37.614323
        ]
      }
    },
    {
      "type": "Feature",
      "properties": {
        "name": "Passala",
        "desc": "An ancient place, cited: BAtlas 61 F3 Passala",
        "name_tr": "Passala",
        "desc_tr": "Antik Kenti, Ref.: BAtlas 61 F3 Passala"
      },
      "geometry": {
        "type": "Point",
        "coordinates": [
          27.649641,
          37.250317
        ]
      }
    },
    {
      "type": "Feature",
      "properties": {
        "name": "Pedasa",
        "desc": "Located in Caria, Pedasa is one of the eight Lelegian towns mentioned by Strabo.",
        "name_tr": "Pedasa",
        "desc_tr": "Karia'da bulunan Pedasa, Strabon'un bahsettiği sekiz Leleg kentinden biridir."
      },
      "geometry": {
        "type": "Point",
        "coordinates": [
          27.412789,
          37.054602
        ]
      }
    },
    {
      "type": "Feature",
      "properties": {
        "name": "Phoinix",
        "desc": "An ancient city of Caria located on the Loryma peninsula southwest of Marmaris. ",
        "name_tr": "Phoinix",
        "desc_tr": "Marmaris'in güneybatısında, Loryma yarımadasında yer alan antik bir Karya kenti. "
      },
      "geometry": {
        "type": "Point",
        "coordinates": [
          28.11667,
          36.63333
        ]
      }
    },
    {
      "type": "Feature",
      "properties": {
        "name": "P(h)ygela",
        "desc": "An ancient place, cited: BAtlas 61 E2 P(h)ygela",
        "name_tr": "P(h)ygela",
        "desc_tr": "Antik Kenti, Ref.: BAtlas 61 E2 P(h)ygela"
      },
      "geometry": {
        "type": "Point",
        "coordinates": [
          27.263729,
          37.862209
        ]
      }
    },
    {
      "type": "Feature",
      "properties": {
        "name": "Physkos",
        "desc": "An ancient place, cited: BAtlas 61 G4 Physkos",
        "name_tr": "Physkos",
        "desc_tr": "Antik Kenti, Ref.: BAtlas 61 G4 Physkos"
      },
      "geometry": {
        "type": "Point",
        "coordinates": [
          28.276899,
          36.863121
        ]
      }
    },
    {
      "type": "Feature",
      "properties": {
        "name": "Pidasa",
        "desc": "An ancient place, cited: BAtlas 61 F3 Pidasa",
        "name_tr": "Pidasa",
        "desc_tr": "Antik Kenti, Ref.: BAtlas 61 F3 Pidasa"
      },
      "geometry": {
        "type": "Point",
        "coordinates": [
          27.57211,
          37.401041
        ]
      }
    },
    {
      "type": "Feature",
      "properties": {
        "name": "Pisye",
        "desc": "An ancient place, cited: BAtlas 61 G3 Pisye",
        "name_tr": "Pisye",
        "desc_tr": "Antik Kenti, Ref.: BAtlas 61 G3 Pisye"
      },
      "geometry": {
        "type": "Point",
        "coordinates": [
          28.287227,
          37.18655
        ]
      }
    },
    {
      "type": "Feature",
      "properties": {
        "name": "*Pladasa",
        "desc": "An ancient place, cited: BAtlas 61 G3 *Pladasa",
        "name_tr": "*Pladasa",
        "desc_tr": "Antik Kenti, Ref.: BAtlas 61 G3 *Pladasa"
      },
      "geometry": {
        "type": "Point",
        "coordinates": [
          28.079785,
          37.087317
        ]
      }
    },
    {
      "type": "Feature",
      "properties": {
        "name": "Akropolis of Klazomenai",
        "desc": "The Akropolis of Klazomenai",
        "name_tr": "Akropolis of Klazomenai",
        "desc_tr": "Klazomenai Akropolü"
      },
      "geometry": {
        "type": "Point",
        "coordinates": [
          26.7678498,
          38.358374
        ]
      }
    },
    {
      "type": "Feature",
      "properties": {
        "name": "Arslantepe (Melid)",
        "desc": "Arslantepe became an important center in the Late Chalcolithic period. With the decline of the Hittite empire, the site became the center of an independent Luwian Neo-Hittite state (Kammanu). The state became a tributary of the Assyrian empire under Tiglath-Pileser I (1115-1077 BC) and it was sacked by Sargon II in 712 BC.",
        "name_tr": "Arslantepe (Melid)",
        "desc_tr": "Arslantepe, Geç Kalkolitik Çağ'da önemli bir merkez haline geldi. Hitit İmparatorluğu'nun çöküşüyle birlikte, bölge bağımsız bir Luvi Geç Hitit devletinin (Kammanu) merkezi haline geldi. Devlet, I. Tiglat-Pileser (MÖ 1115-1077) döneminde Asur İmparatorluğu'nun bir kolu haline geldi ve MÖ 712'de II. Sargon tarafından yağmalandı."
      },
      "geometry": {
        "type": "Point",
        "coordinates": [
          38.3612022714,
          38.382058969
        ]
      }
    },
    {
      "type": "Feature",
      "properties": {
        "name": "Sos Höyük",
        "desc": "An ancient settlement mound located within the boundaries of modern Yiğittaşı, Turkey, in eastern Anatolia.",
        "name_tr": "Sos Höyük",
        "desc_tr": "Türkiye'nin Doğu Anadolu Bölgesi'nde, bugünkü Yiğittaşı ilçesi sınırları içerisinde yer alan antik bir yerleşim höyüğü."
      },
      "geometry": {
        "type": "Point",
        "coordinates": [
          41.52222,
          39.993717
        ]
      }
    },
    {
      "type": "Feature",
      "properties": {
        "name": "Haçilar",
        "desc": "An early human settlement located in southwestern Turkey. Human occupation began at the site toward the end of the eighth millennium B.C.",
        "name_tr": "Haçilar",
        "desc_tr": "Türkiye'nin güneybatısında bulunan erken dönem bir insan yerleşimi. İnsan yerleşimi, MÖ sekizinci binyılın sonlarına doğru bölgede başladı."
      },
      "geometry": {
        "type": "Point",
        "coordinates": [
          30.1,
          37.6
        ]
      }
    },
    {
      "type": "Feature",
      "properties": {
        "name": "Başbük",
        "desc": "This modern village in Turkey's Şanlıurfa province is the site of a subterranean complex discovered in 2017 and only partially excavated. The excavated portion of the complex can be dated to the Neo-ssyrian period, thanks to the presence of an unfinished, rock wall panel depicting a divine procession with some divine figures labeled in Aramaic.",
        "name_tr": "Başbük",
        "desc_tr": "Türkiye'nin Şanlıurfa ilindeki bu modern köy, 2017 yılında keşfedilen ve yalnızca kısmen kazılan bir yeraltı kompleksinin bulunduğu yerdir. Kompleksin kazılan kısmı, üzerinde Aramice yazılmış bazı kutsal figürlerin bulunduğu, ilahi bir alayı tasvir eden tamamlanmamış bir kaya duvar panelinin varlığı sayesinde Yeni Süryani dönemine tarihlendirilebilir."
      },
      "geometry": {
        "type": "Point",
        "coordinates": [
          39.28117,
          37.354969
        ]
      }
    },
    {
      "type": "Feature",
      "properties": {
        "name": "Hadrianoutherai",
        "desc": "Located in Mysia, Hadrianoutherai was established by the Roman emperor Hadrian.",
        "name_tr": "Hadrianoutherai",
        "desc_tr": "Mysia'da bulunan Hadrianoutherai, Roma İmparatoru Hadrian tarafından kurulmuştur."
      },
      "geometry": {
        "type": "Point",
        "coordinates": [
          27.910653,
          39.60672
        ]
      }
    },
    {
      "type": "Feature",
      "properties": {
        "name": "Halisarna",
        "desc": "Halisarna was a small center located in the border regions of Mysia and the Troad.",
        "name_tr": "Halisarna",
        "desc_tr": "Halisarna, Misya ve Troas sınır bölgelerinde yer alan küçük bir merkezdi."
      },
      "geometry": {
        "type": "Point",
        "coordinates": [
          27.114997,
          39.045111
        ]
      }
    },
    {
      "type": "Feature",
      "properties": {
        "name": "Hamaxitos",
        "desc": "Hamaxitos was a Greek city in the southwestern Troad which was considered to mark the boundary between the Troad and Aeolis. Its territory included the temple of Apollo Smintheus.",
        "name_tr": "Hamaxitos",
        "desc_tr": "Hamaxitos, Troas'ın güneybatısında yer alan ve Troas ile Aiolis arasındaki sınırı belirlediği düşünülen bir Yunan kentiydi. Toprakları arasında Apollon Smintheus tapınağı da vardı."
      },
      "geometry": {
        "type": "Point",
        "coordinates": [
          26.09471,
          39.543605
        ]
      }
    },
    {
      "type": "Feature",
      "properties": {
        "name": "Helos",
        "desc": "An ancient place, cited: BAtlas 56 C4 Helos",
        "name_tr": "Helos",
        "desc_tr": "Antik Kenti, Ref.: BAtlas 56 C4 Helos"
      },
      "geometry": {
        "type": "Point",
        "coordinates": [
          26.361312,
          38.574035
        ]
      }
    },
    {
      "type": "Feature",
      "properties": {
        "name": "Herakleia",
        "desc": "An ancient place, cited: BAtlas 56 E4 Herakleia",
        "name_tr": "Herakleia",
        "desc_tr": "Antik Kenti, Ref.: BAtlas 56 E4 Herakleia"
      },
      "geometry": {
        "type": "Point",
        "coordinates": [
          27.15813485,
          38.6185505
        ]
      }
    },
    {
      "type": "Feature",
      "properties": {
        "name": "Herakleia/Elateia?",
        "desc": "An ancient place, cited: BAtlas 56 D3 Herakleia/Elateia?",
        "name_tr": "Herakleia/Elateia?",
        "desc_tr": "Antik Kenti, Ref.: BAtlas 56 D3 Herakleia/Elateia?"
      },
      "geometry": {
        "type": "Point",
        "coordinates": [
          26.689814,
          39.307546
        ]
      }
    },
    {
      "type": "Feature",
      "properties": {
        "name": "Hermokapeleia/Thyessos?",
        "desc": "An ancient place, cited: BAtlas 56 F4 Hermokapeleia/Thyessos?",
        "name_tr": "Hermokapeleia/Thyessos?",
        "desc_tr": "Antik Kenti, Ref.: BAtlas 56 F4 Hermokapeleia/Thyessos?"
      },
      "geometry": {
        "type": "Point",
        "coordinates": [
          27.614993,
          38.921548
        ]
      }
    },
    {
      "type": "Feature",
      "properties": {
        "name": "(Hiera) Germe",
        "desc": "An ancient place, cited: BAtlas 56 F3 (Hiera) Germe",
        "name_tr": "(Hiera) Germe",
        "desc_tr": "Alıntılanan eski bir yer: BAtlas 56 F3 (Hiera) Germe"
      },
      "geometry": {
        "type": "Point",
        "coordinates": [
          27.690683,
          39.36872
        ]
      }
    },
    {
      "type": "Feature",
      "properties": {
        "name": "Hierakome/Hierokaisareia",
        "desc": "An ancient place, cited: BAtlas 56 F4 Hierakome/Hierokaisareia",
        "name_tr": "Hierakome/Hierokaisareia",
        "desc_tr": "Alıntılanan eski bir yer: BAtlas 56 F4 Hierakome/Hierokaisareia"
      },
      "geometry": {
        "type": "Point",
        "coordinates": [
          27.787742,
          38.756891
        ]
      }
    },
    {
      "type": "Feature",
      "properties": {
        "name": "(H)Ormoita",
        "desc": "An ancient place, cited: BAtlas 56 F4 (H)Ormoita",
        "name_tr": "(H)Ormoita",
        "desc_tr": "Alıntı yapılan eski bir yer: BAtlas 56 F4 (H)Ormoita"
      },
      "geometry": {
        "type": "Point",
        "coordinates": [
          27.515863,
          38.66655
        ]
      }
    },
    {
      "type": "Feature",
      "properties": {
        "name": "Hypaipa",
        "desc": "Hypaipa or Hypaepa is an ancient city of Lydia located at the foot of Mount Aipos.",
        "name_tr": "Hypaipa",
        "desc_tr": "Hypaipa veya Hypaepa, Aipos Dağı'nın eteklerinde yer alan Lidya'ya ait antik bir kenttir."
      },
      "geometry": {
        "type": "Point",
        "coordinates": [
          27.962914,
          38.248459
        ]
      }
    },
    {
      "type": "Feature",
      "properties": {
        "name": "Hypokremnos",
        "desc": "An ancient place, cited: BAtlas 56 D5 Hypokremnos",
        "name_tr": "Hypokremnos",
        "desc_tr": "Antik Kenti, Ref.: BAtlas 56 D5 Hypokremnos"
      },
      "geometry": {
        "type": "Point",
        "coordinates": [
          26.649177,
          38.327305
        ]
      }
    },
    {
      "type": "Feature",
      "properties": {
        "name": "Hyrkanis",
        "desc": "An ancient place, cited: BAtlas 56 F4 Hyrkanis",
        "name_tr": "Hyrkanis",
        "desc_tr": "Antik Kenti, Ref.: BAtlas 56 F4 Hyrkanis"
      },
      "geometry": {
        "type": "Point",
        "coordinates": [
          27.667099,
          38.667539
        ]
      }
    },
    {
      "type": "Feature",
      "properties": {
        "name": "*Hyssa",
        "desc": "An ancient place, cited: BAtlas 56 G3 *Hyssa",
        "name_tr": "*Hyssa",
        "desc_tr": "Antik Kenti, Ref.: BAtlas 56 G3 *Hyssa"
      },
      "geometry": {
        "type": "Point",
        "coordinates": [
          28.234669,
          39.027073
        ]
      }
    },
    {
      "type": "Feature",
      "properties": {
        "name": "Ilieon Kome",
        "desc": "The \"VIllage of the Ilians\" located on the slopes of Karatepe in Asiatic Turkey.",
        "name_tr": "Ilieon Kome",
        "desc_tr": "Anadolu'nun Asya yakasında Karatepe eteklerinde bulunan &quot;İlyas Köyü&quot;."
      },
      "geometry": {
        "type": "Point",
        "coordinates": [
          26.343922,
          39.949075
        ]
      }
    },
    {
      "type": "Feature",
      "properties": {
        "name": "Ilium/Troia",
        "desc": "An ancient city of northwest Anatolia with occupation ranging from the Bronze Age to the Roman period. Troy features as the central setting of Homer's Iliad.",
        "name_tr": "Ilium/Troia",
        "desc_tr": "Kuzeybatı Anadolu'da, Tunç Çağı'ndan Roma dönemine kadar uzanan bir dönemde yerleşim görmüş antik bir kent. Truva, Homeros'un İlyada destanının merkezini oluşturur."
      },
      "geometry": {
        "type": "Point",
        "coordinates": [
          26.2385156164,
          39.9574380796
        ]
      }
    },
    {
      "type": "Feature",
      "properties": {
        "name": "*Ioudda",
        "desc": "An ancient place, cited: BAtlas 56 G4 *Ioudda",
        "name_tr": "*Ioudda",
        "desc_tr": "Antik Kenti, Ref.: BAtlas 56 G4 *Ioudda"
      },
      "geometry": {
        "type": "Point",
        "coordinates": [
          28.385837,
          38.66591
        ]
      }
    },
    {
      "type": "Feature",
      "properties": {
        "name": "Iulia Gordos/*Porotta?",
        "desc": "An ancient place, cited: BAtlas 56 G4 Iulia Gordos/*Porotta?",
        "name_tr": "Iulia Gordos/*Porotta?",
        "desc_tr": "Antik Kenti, Ref.: BAtlas 56 G4 Iulia Gordos/*Porotta?"
      },
      "geometry": {
        "type": "Point",
        "coordinates": [
          28.31421,
          38.876702
        ]
      }
    },
    {
      "type": "Feature",
      "properties": {
        "name": "*Kaira",
        "desc": "An ancient place, cited: BAtlas 56 F5 *Kaira",
        "name_tr": "*Kaira",
        "desc_tr": "Antik Kenti, Ref.: BAtlas 56 F5 *Kaira"
      },
      "geometry": {
        "type": "Point",
        "coordinates": [
          27.883825,
          38.089037
        ]
      }
    },
    {
      "type": "Feature",
      "properties": {
        "name": "Kale Peuke",
        "desc": "Kale Peuke (\"beautiful pines\") was an ancient settlement of the Troad, located north of Gürgen Dağ. Strabo mentions the site in his text.",
        "name_tr": "Kale Peuke",
        "desc_tr": "Kale Peuke (&quot;güzel çamlar&quot;), Gürgen Dağı'nın kuzeyinde yer alan Troas Bölgesi'nin antik bir yerleşim yeriydi. Strabon, metninde bu bölgeden bahsetmektedir."
      },
      "geometry": {
        "type": "Point",
        "coordinates": [
          26.983187,
          39.793768
        ]
      }
    },
    {
      "type": "Feature",
      "properties": {
        "name": "Kamai",
        "desc": "An ancient place, cited: BAtlas 56 F4 Kamai",
        "name_tr": "Kamai",
        "desc_tr": "Antik Kenti, Ref.: BAtlas 56 F4 Kamai"
      },
      "geometry": {
        "type": "Point",
        "coordinates": [
          27.523822,
          38.956518
        ]
      }
    },
    {
      "type": "Feature",
      "properties": {
        "name": "*Karena",
        "desc": "An ancient place, cited: BAtlas 56 F3 *Karena",
        "name_tr": "*Karena",
        "desc_tr": "Antik Kenti, Ref.: BAtlas 56 F3 *Karena"
      },
      "geometry": {
        "type": "Point",
        "coordinates": [
          27.713486,
          39.012865
        ]
      }
    },
    {
      "type": "Feature",
      "properties": {
        "name": "Karene?",
        "desc": "An ancient place, cited: BAtlas 56 D3 Karene?",
        "name_tr": "Karene?",
        "desc_tr": "Antik Kenti, Ref.: BAtlas 56 D3 Karene?"
      },
      "geometry": {
        "type": "Point",
        "coordinates": [
          26.842283,
          39.17898
        ]
      }
    },
    {
      "type": "Feature",
      "properties": {
        "name": "Kasystes",
        "desc": "An ancient place, cited: BAtlas 56 D5 Kasystes",
        "name_tr": "Kasystes",
        "desc_tr": "Antik Kenti, Ref.: BAtlas 56 D5 Kasystes"
      },
      "geometry": {
        "type": "Point",
        "coordinates": [
          26.556854,
          38.148389
        ]
      }
    },
    {
      "type": "Feature",
      "properties": {
        "name": "Kebren",
        "desc": "Kebren was an ancient settlement of the Troad.",
        "name_tr": "Kebren",
        "desc_tr": "Kebren, Troas'ın antik yerleşim yerlerinden biriydi."
      },
      "geometry": {
        "type": "Point",
        "coordinates": [
          26.563032,
          39.741803
        ]
      }
    },
    {
      "type": "Feature",
      "properties": {
        "name": "Kenchreai",
        "desc": "A \"Kenchreai in the Troad,\" mentioned first by Stephanus, is probably to be identified with a settlement of Roman date, located atop the Kayalı Dağ in modern Turkey. ",
        "name_tr": "Kenchreai",
        "desc_tr": "İlk olarak Stephanus tarafından bahsedilen &quot;Troad'daki Kenchreai&quot; muhtemelen günümüz Türkiye'sinde Kayalı Dağ'ın tepesinde bulunan Roma dönemine ait bir yerleşim yeri ile özdeşleştirilmektedir. "
      },
      "geometry": {
        "type": "Point",
        "coordinates": [
          26.628763,
          39.963522
        ]
      }
    },
    {
      "type": "Feature",
      "properties": {
        "name": "Kisthene?",
        "desc": "An ancient place, cited: BAtlas 56 D3 Kisthene?",
        "name_tr": "Kisthene?",
        "desc_tr": "Antik Kenti, Ref.: BAtlas 56 D3 Kisthene?"
      },
      "geometry": {
        "type": "Point",
        "coordinates": [
          26.813175,
          39.393183
        ]
      }
    },
    {
      "type": "Feature",
      "properties": {
        "name": "Klazomenai (earlier)",
        "desc": "The initial, mainland site of the city, located to the southwest of modern Urla Iskelesi in Turkey. Pausanias reports that the city relocated to an island in the Bay of Smyrna, for which see \"Klazomenai (later).\"",
        "name_tr": "Klazomenai (earlier)",
        "desc_tr": "Şehrin ilk anakara yerleşimi, Türkiye'de modern Urla İskelesi'nin güneybatısında yer almaktadır. Pausanias, şehrin İzmir Körfezi'ndeki bir adaya taşındığını bildirmektedir; bunun için &quot;Klazomenai (sonradan)&quot; bölümüne bakınız."
      },
      "geometry": {
        "type": "Point",
        "coordinates": [
          26.770567899,
          38.3614575859
        ]
      }
    },
    {
      "type": "Feature",
      "properties": {
        "name": "Koddinou Petra",
        "desc": "An ancient place, cited: BAtlas 56 E4 Koddinou Petra",
        "name_tr": "Koddinou Petra",
        "desc_tr": "Alıntı yapılan antik bir yer: BAtlas 56 E4 Koddinou Petra"
      },
      "geometry": {
        "type": "Point",
        "coordinates": [
          27.503594,
          38.585627
        ]
      }
    },
    {
      "type": "Feature",
      "properties": {
        "name": "*Kokylion?",
        "desc": "An ancient place, cited: BAtlas 56 C2 *Kokylion?",
        "name_tr": "*Kokylion?",
        "desc_tr": "Antik kenti, Ref.: BAtlas 56 C2 *Kokylion?"
      },
      "geometry": {
        "type": "Point",
        "coordinates": [
          26.410152,
          39.67291
        ]
      }
    },
    {
      "type": "Feature",
      "properties": {
        "name": "Koloe",
        "desc": "An ancient place, cited: BAtlas 56 G5 Koloe",
        "name_tr": "Koloe",
        "desc_tr": "Antik Kenti, Ref.: BAtlas 56 G5 Koloe"
      },
      "geometry": {
        "type": "Point",
        "coordinates": [
          28.208011,
          38.22593
        ]
      }
    },
    {
      "type": "Feature",
      "properties": {
        "name": "Kolonai",
        "desc": "An ancient settlement in the Troad, modern Beşiktepe in Turkey.",
        "name_tr": "Kolonai",
        "desc_tr": "Troas Bölgesi'nde bulunan antik bir yerleşim yeri, günümüzde Türkiye'de Beşiktepe olarak anılmaktadır."
      },
      "geometry": {
        "type": "Point",
        "coordinates": [
          26.166435,
          39.677021
        ]
      }
    },
    {
      "type": "Feature",
      "properties": {
        "name": "*Korakoe",
        "desc": "An ancient place, cited: BAtlas 56 G5 *Korakoe",
        "name_tr": "*Korakoe",
        "desc_tr": "Antik Kenti, Ref.: BAtlas 56 G5 *Korakoe"
      },
      "geometry": {
        "type": "Point",
        "coordinates": [
          28.265019,
          38.423984
        ]
      }
    },
    {
      "type": "Feature",
      "properties": {
        "name": "Koryphas",
        "desc": "An ancient place, cited: BAtlas 56 D3 Koryphas",
        "name_tr": "Koryphas",
        "desc_tr": "Antik Kenti, Ref.: BAtlas 56 D3 Koryphas"
      },
      "geometry": {
        "type": "Point",
        "coordinates": [
          26.782977,
          39.355929
        ]
      }
    },
    {
      "type": "Feature",
      "properties": {
        "name": "Kybelaia",
        "desc": "An ancient place, cited: BAtlas 56 C4 Kybelaia",
        "name_tr": "Kybelaia",
        "desc_tr": "Antik Kenti, Ref.: BAtlas 56 C4 Kybelaia"
      },
      "geometry": {
        "type": "Point",
        "coordinates": [
          26.358056,
          38.610607
        ]
      }
    },
    {
      "type": "Feature",
      "properties": {
        "name": "Kyllene?/Ascanius Portus?",
        "desc": "An ancient place, cited: BAtlas 56 D4 Kyllene?/Ascanius Portus?",
        "name_tr": "Kyllene?/Ascanius Portus?",
        "desc_tr": "Antik Kenti, Ref.: BAtlas 56 D4 Kyllene?/Ascanius Portus?"
      },
      "geometry": {
        "type": "Point",
        "coordinates": [
          26.83198,
          38.745271
        ]
      }
    },
    {
      "type": "Feature",
      "properties": {
        "name": "Kytonion?/Kertonos?",
        "desc": "An ancient place, cited: BAtlas 56 E3 Kytonion?/Kertonos?",
        "name_tr": "Kytonion?/Kertonos?",
        "desc_tr": "Antik kenti, Ref.: BAtlas 56 E3 Kytonion?/Kertonos?"
      },
      "geometry": {
        "type": "Point",
        "coordinates": [
          27.092562,
          39.291562
        ]
      }
    },
    {
      "type": "Feature",
      "properties": {
        "name": "Lamponia",
        "desc": "An ancient place, cited: BAtlas 56 C2 Lamponia",
        "name_tr": "Lamponia",
        "desc_tr": "Antik Kenti, Ref.: BAtlas 56 C2 Lamponia"
      },
      "geometry": {
        "type": "Point",
        "coordinates": [
          26.421229,
          39.538105
        ]
      }
    },
    {
      "type": "Feature",
      "properties": {
        "name": "*Lamyana",
        "desc": "An ancient place, cited: BAtlas 56 F4 *Lamyana",
        "name_tr": "*Lamyana",
        "desc_tr": "Antik Kenti, Ref.: BAtlas 56 F4 *Lamyana"
      },
      "geometry": {
        "type": "Point",
        "coordinates": [
          27.849001,
          38.59744
        ]
      }
    },
    {
      "type": "Feature",
      "properties": {
        "name": "Buruncuk",
        "desc": "An ancient city was located near modern Buruncuk, 28 km north of Smyrna (modern Izmir) in Turkey. Some scholars identify it as the \"Pelasgian\" Laris(s)a in Aeolis mentioned by Homer, Xenophon, Herodotus, and Strabo, but that identification is disputed.",
        "name_tr": "Buruncuk",
        "desc_tr": "Türkiye'de, Smyrna'nın (bugünkü İzmir) 28 km kuzeyinde, günümüz Buruncuk yakınlarında antik bir kent bulunmaktadır. Bazı bilim insanları, burayı Homeros, Ksenofon, Herodot ve Strabon tarafından bahsedilen Aiolis'teki &quot;Pelasgian&quot; Laris(s)a olarak tanımlamaktadır, ancak bu tanımlama tartışmalıdır."
      },
      "geometry": {
        "type": "Point",
        "coordinates": [
          27.033411,
          38.689068
        ]
      }
    },
    {
      "type": "Feature",
      "properties": {
        "name": "Larisa",
        "desc": "An ancient settlement known to Strabo as a village (formerly a city) in the territory of Ephesus, but closer to Mt. Tmolus than to Ephesus itself. Modern scholars differ as to the precise location of Larisa, but agree in placing it between modern Tire and modern Bayındır in Turkey.",
        "name_tr": "Larisa",
        "desc_tr": "Strabon'un Efes topraklarında bir köy (eskiden bir şehir) olarak bildiği, ancak Efes'ten ziyade Tmolos Dağı'na daha yakın olan antik bir yerleşim yeri. Modern bilim insanları Larisa'nın kesin konumu konusunda farklı görüşlere sahip olsalar da, onu Türkiye'deki Tire ile Bayındır arasında bir yere yerleştirmekte hemfikirdirler."
      },
      "geometry": {
        "type": "Point",
        "coordinates": [
          27.697593475,
          38.150425625
        ]
      }
    },
    {
      "type": "Feature",
      "properties": {
        "name": "Larisa/Ptolemais?",
        "desc": "An ancient city of the Troad, located at modern Limantepe in Turkey.",
        "name_tr": "Larisa/Ptolemais?",
        "desc_tr": "Türkiye'de bugünkü Limantepe'de bulunan Troas bölgesinin antik kenti."
      },
      "geometry": {
        "type": "Point",
        "coordinates": [
          26.1464185,
          39.615511
        ]
      }
    },
    {
      "type": "Feature",
      "properties": {
        "name": "*Lasnedda?",
        "desc": "An ancient place, cited: BAtlas 56 F4 *Lasnedda?",
        "name_tr": "*Lasnedda?",
        "desc_tr": "Antik Kenti, Ref.: BAtlas 56 F4 *Lasnedda?"
      },
      "geometry": {
        "type": "Point",
        "coordinates": [
          27.880247,
          38.627384
        ]
      }
    },
    {
      "type": "Feature",
      "properties": {
        "name": "Leukai",
        "desc": "Leukai was an ancient harbor city on the north shore of the Gulf of Smyrna.",
        "name_tr": "Leukai",
        "desc_tr": "Leukai, İzmir Körfezi'nin kuzey kıyısında bulunan antik bir liman kentiydi."
      },
      "geometry": {
        "type": "Point",
        "coordinates": [
          26.856796,
          38.546745
        ]
      }
    },
    {
      "type": "Feature",
      "properties": {
        "name": "*Lora/Flaviopolis",
        "desc": "An ancient place, cited: BAtlas 56 G4 *Lora/Flaviopolis",
        "name_tr": "*Lora/Flaviopolis",
        "desc_tr": "Antik Kenti, Ref.: BAtlas 56 G4 *Lora/Flaviopolis"
      },
      "geometry": {
        "type": "Point",
        "coordinates": [
          28.111299,
          38.846465
        ]
      }
    },
    {
      "type": "Feature",
      "properties": {
        "name": "Lyrnessos",
        "desc": "An ancient place, cited: BAtlas 56 E2 Lyrnessos",
        "name_tr": "Lyrnessos",
        "desc_tr": "Antik Kenti, Ref.: BAtlas 56 E2 Lyrnessos"
      },
      "geometry": {
        "type": "Point",
        "coordinates": [
          27.082027,
          39.508231
        ]
      }
    },
    {
      "type": "Feature",
      "properties": {
        "name": "Lysimachea?",
        "desc": "An ancient place, cited: BAtlas 56 D4 Lysimachea?",
        "name_tr": "Lysimachea?",
        "desc_tr": "Antik Kenti, Ref.: BAtlas 56 D4 Lysimachea?"
      },
      "geometry": {
        "type": "Point",
        "coordinates": [
          26.833681,
          38.997165
        ]
      }
    },
    {
      "type": "Feature",
      "properties": {
        "name": "Magnesia ad Sipylum",
        "desc": "Magnesia ad Sipylum was an ancient city in Lydia in Asia Minor (modern Manisa in Turkey). Lucius Cornelius Scipio Asiaticus defeated Antiochus the Great at the battle of Magnesia in 190 BC.",
        "name_tr": "Magnesia ad Sipylum",
        "desc_tr": "Magnesia ad Sipylum, Küçük Asya'daki Lidya'da (Türkiye'deki modern Manisa) antik bir şehirdi. Lucius Cornelius Scipio Asiaticus, MÖ 190'da Magnesia Savaşı'nda Büyük Antiochus'u yendi."
      },
      "geometry": {
        "type": "Point",
        "coordinates": [
          27.4333969,
          38.6125793
        ]
      }
    },
    {
      "type": "Feature",
      "properties": {
        "name": "*Maiboza/Iulia",
        "desc": "An ancient place, cited: BAtlas 56 F4 *Maiboza/Iulia",
        "name_tr": "*Maiboza/Iulia",
        "desc_tr": "Antik Kenti, Ref.: BAtlas 56 F4 *Maiboza/Iulia"
      },
      "geometry": {
        "type": "Point",
        "coordinates": [
          27.928538,
          38.681059
        ]
      }
    },
    {
      "type": "Feature",
      "properties": {
        "name": "Maionia/*Atetta?",
        "desc": "An ancient place, cited: BAtlas 56 G4 Maionia/*Atetta?",
        "name_tr": "Maionia/*Atetta?",
        "desc_tr": "Antik kenti, Ref.: BAtlas 56 G4 Maionia/*Atetta?"
      },
      "geometry": {
        "type": "Point",
        "coordinates": [
          28.491469,
          38.535161
        ]
      }
    },
    {
      "type": "Feature",
      "properties": {
        "name": "Malene",
        "desc": "An ancient place, cited: BAtlas 56 D3 Malene",
        "name_tr": "Malene",
        "desc_tr": "Antik Kenti, Ref.: BAtlas 56 D3 Malene"
      },
      "geometry": {
        "type": "Point",
        "coordinates": [
          26.8272385,
          39.168514
        ]
      }
    },
    {
      "type": "Feature",
      "properties": {
        "name": "Marpessos",
        "desc": "An ancient settlement in the Troad, located in the vicinity of modern Zerdalılık in the Turkish province of Canakkale.",
        "name_tr": "Marpessos",
        "desc_tr": "Çanakkale ilinin Zerdalılık ilçesi yakınlarında bulunan, Troas Bölgesi'ndeki antik bir yerleşim yeri."
      },
      "geometry": {
        "type": "Point",
        "coordinates": [
          26.5091342333,
          39.888752
        ]
      }
    },
    {
      "type": "Feature",
      "properties": {
        "name": "Melampagos",
        "desc": "An ancient place, cited: BAtlas 56 E4 Melampagos",
        "name_tr": "Melampagos",
        "desc_tr": "Antik Kenti, Ref.: BAtlas 56 E4 Melampagos"
      },
      "geometry": {
        "type": "Point",
        "coordinates": [
          27.152808,
          38.576188
        ]
      }
    },
    {
      "type": "Feature",
      "properties": {
        "name": "Meloukome",
        "desc": "An ancient place, cited: BAtlas 56 G4 Meloukome",
        "name_tr": "Meloukome",
        "desc_tr": "Antik Kenti, Ref.: BAtlas 56 G4 Meloukome"
      },
      "geometry": {
        "type": "Point",
        "coordinates": [
          28.222986,
          38.547569
        ]
      }
    },
    {
      "type": "Feature",
      "properties": {
        "name": "Metropolis",
        "desc": "An ancient place, cited: BAtlas 56 E5 Metropolis",
        "name_tr": "Metropolis",
        "desc_tr": "Antik Kenti, Ref.: BAtlas 56 E5 Metropolis"
      },
      "geometry": {
        "type": "Point",
        "coordinates": [
          27.3245501378,
          38.1248268971
        ]
      }
    },
    {
      "type": "Feature",
      "properties": {
        "name": "Miletos?",
        "desc": "An ancient place, cited: BAtlas 56 D2 Miletos?",
        "name_tr": "Miletos?",
        "desc_tr": "Antik Kenti, Ref.: BAtlas 56 D2 Miletos?"
      },
      "geometry": {
        "type": "Point",
        "coordinates": [
          26.974176,
          39.528399
        ]
      }
    },
    {
      "type": "Feature",
      "properties": {
        "name": "*Misnya",
        "desc": "An ancient place, cited: BAtlas 56 F4 *Misnya",
        "name_tr": "*Misnya",
        "desc_tr": "Antik Kenti, Ref.: BAtlas 56 F4 *Misnya"
      },
      "geometry": {
        "type": "Point",
        "coordinates": [
          27.568638,
          38.86876
        ]
      }
    },
    {
      "type": "Feature",
      "properties": {
        "name": "Mormonda",
        "desc": "An ancient place, cited: BAtlas 56 E4 Mormonda",
        "name_tr": "Mormonda",
        "desc_tr": "Antik Kenti, Ref.: BAtlas 56 E4 Mormonda"
      },
      "geometry": {
        "type": "Point",
        "coordinates": [
          27.199185,
          38.527464
        ]
      }
    },
    {
      "type": "Feature",
      "properties": {
        "name": "Moschakome",
        "desc": "An ancient place, cited: BAtlas 56 E4 Moschakome",
        "name_tr": "Moschakome",
        "desc_tr": "Antik Kenti, Ref.: BAtlas 56 E4 Moschakome"
      },
      "geometry": {
        "type": "Point",
        "coordinates": [
          27.50515,
          38.737114
        ]
      }
    },
    {
      "type": "Feature",
      "properties": {
        "name": "Mostene",
        "desc": "An ancient city of Lydia in Asia Minor is attested in literature and by coinage and inscriptions found at multiple locations. Its precise location is not known. BAtlas tentatively placed it (with a hollow symbol) \"near [modern] Sancaklıbozköy\". NPauly summarizes suggestions more broadly: \"the eastern foot of Mount Sipylus near modern Çobanisa or Sancaklıboz or to the south of Thyateira or c. 40 km to the east of Magnesia [3] (modern Asartepe near Urganlı)\"",
        "name_tr": "Mostene",
        "desc_tr": "Küçük Asya'da antik bir Lidya kenti, literatürde ve çeşitli yerlerde bulunan sikkeler ve yazıtlarda belgelenmiştir. Kesin konumu bilinmemektedir. Atlas, kenti geçici olarak (içi boş bir sembolle) &quot;[modern] Sancaklıbozköy yakınlarına&quot; yerleştirmiştir. NPauly ise önerileri daha geniş bir şekilde şöyle özetlemektedir: &quot;Modern Çobanisa veya Sancaklıboz yakınlarında, Sipylus Dağı'nın doğu eteklerinde veya Thyateira'nın güneyinde veya Magnesia'nın yaklaşık 40 km doğusunda [3] (Urganlı yakınlarındaki modern Asartepe)&quot;"
      },
      "geometry": {
        "type": "Point",
        "coordinates": [
          27.54732935,
          38.5354335
        ]
      }
    },
    {
      "type": "Feature",
      "properties": {
        "name": "Myloukome",
        "desc": "An ancient place, cited: BAtlas 56 G5 Myloukome",
        "name_tr": "Myloukome",
        "desc_tr": "Antik Kenti, Ref.: BAtlas 56 G5 Myloukome"
      },
      "geometry": {
        "type": "Point",
        "coordinates": [
          28.444433,
          38.423342
        ]
      }
    },
    {
      "type": "Feature",
      "properties": {
        "name": "Myrina/Sebastopolis",
        "desc": "An ancient place, cited: BAtlas 56 D4 Myrina/Sebastopolis",
        "name_tr": "Myrina/Sebastopolis",
        "desc_tr": "Antik Kenti, Ref.: BAtlas 56 D4 Myrina/Sebastopolis"
      },
      "geometry": {
        "type": "Point",
        "coordinates": [
          26.9802024,
          38.8469759
        ]
      }
    },
    {
      "type": "Feature",
      "properties": {
        "name": "(N)Akokome",
        "desc": "An ancient place, cited: BAtlas 56 F3 (N)Akokome",
        "name_tr": "(N)Akokome",
        "desc_tr": "Antik Kenti, Ref.: BAtlas 56 F3 (N)Akokome"
      },
      "geometry": {
        "type": "Point",
        "coordinates": [
          27.671039,
          38.989078
        ]
      }
    },
    {
      "type": "Feature",
      "properties": {
        "name": "Nakrason (or Nakrasos)",
        "desc": "An ancient settlement whose precise location is unknown. Modern scholars place it variously at Bakir, Maltepe, or İlyaslar in modern Turkey.",
        "name_tr": "Nakrason (or Nakrasos)",
        "desc_tr": "Kesin yeri bilinmeyen antik bir yerleşim yeri. Modern bilim insanları, burayı günümüz Türkiye'sinde Bakır, Maltepe veya İlyaslar olarak adlandırıyor."
      },
      "geometry": {
        "type": "Point",
        "coordinates": [
          27.723685,
          39.083892
        ]
      }
    },
    {
      "type": "Feature",
      "properties": {
        "name": "Naulochon/Smyrna/Palaia Smyrna",
        "desc": "An ancient settlement located on the gulf of Smyrna, east of the town of Bayraklı (some 4 km north of Izmir, Turkey). Archaeological evidence indicates that the earliest Hellenic evidence dates to the eleventh or tenth centuries B.C.",
        "name_tr": "Naulochon/Smyrna/Palaia Smyrna",
        "desc_tr": "İzmir Körfezi'nde, Bayraklı ilçesinin doğusunda (İzmir'in yaklaşık 4 km kuzeyinde) bulunan antik bir yerleşim yeri. Arkeolojik bulgular, en eski Helenistik kalıntıların MÖ 11. veya 10. yüzyıllara ait olduğunu göstermektedir."
      },
      "geometry": {
        "type": "Point",
        "coordinates": [
          27.1704424995,
          38.4640406493
        ]
      }
    },
    {
      "type": "Feature",
      "properties": {
        "name": "Neandria",
        "desc": "Neandria was a Greek city in the south-west of the Troad region of Anatolia.",
        "name_tr": "Neandria",
        "desc_tr": "Neandria, Anadolu'nun Troas bölgesinin güneybatısında yer alan bir Yunan kentiydi."
      },
      "geometry": {
        "type": "Point",
        "coordinates": [
          26.2732215675,
          39.7236939608
        ]
      }
    },
    {
      "type": "Feature",
      "properties": {
        "name": "Neonteichos",
        "desc": "An ancient place, cited: BAtlas 56 E4 Neonteichos",
        "name_tr": "Neonteichos",
        "desc_tr": "Antik Kenti, Ref.: BAtlas 56 E4 Neonteichos"
      },
      "geometry": {
        "type": "Point",
        "coordinates": [
          27.0914900656,
          38.6588067372
        ]
      }
    },
    {
      "type": "Feature",
      "properties": {
        "name": "Nikaia",
        "desc": "An ancient place, cited: BAtlas 56 G5 Nikaia",
        "name_tr": "Nikaia",
        "desc_tr": "Antik Kenti, Ref.: BAtlas 56 G5 Nikaia"
      },
      "geometry": {
        "type": "Point",
        "coordinates": [
          28.088427,
          38.161899
        ]
      }
    },
    {
      "type": "Feature",
      "properties": {
        "name": "[Nymphaion]",
        "desc": "An ancient place, cited: BAtlas 56 E5 [Nymphaion]",
        "name_tr": "[Nymphaion]",
        "desc_tr": "Antik kenti, Ref.: BAtlas 56 E5 [Nymphaion]"
      },
      "geometry": {
        "type": "Point",
        "coordinates": [
          27.408639,
          38.417214
        ]
      }
    },
    {
      "type": "Feature",
      "properties": {
        "name": "Çayönü",
        "desc": "Çayönü was a Neolithic settlement located in southern Turkey. Its remains date ca. 7200 to 6600 BC. The site spans the entire Pre-pottery Neolithic sequence and recent investigations suggest that Çayönü may be the site of the first domestication of the pig (Sus scrofa).",
        "name_tr": "Çayönü",
        "desc_tr": "Çayönü, Türkiye'nin güneyinde bulunan Neolitik bir yerleşim yeriydi. Kalıntıları yaklaşık MÖ 7200-6600 yıllarına tarihlenmektedir. Alan, Çanak Çömlek Öncesi Neolitik dönemin tamamını kapsamaktadır ve son araştırmalar, Çayönü'nün domuzun (Sus scrofa) ilk evcilleştirildiği yer olabileceğini düşündürmektedir."
      },
      "geometry": {
        "type": "Point",
        "coordinates": [
          39.725002543,
          38.2183115333
        ]
      }
    },
    {
      "type": "Feature",
      "properties": {
        "name": "Acemhöyük",
        "desc": "The settlement mound of Acemhöyük is perhaps the location of the ancient Hittite center of Purushanda.",
        "name_tr": "Acemhöyük",
        "desc_tr": "Acemhöyük yerleşim höyüğü muhtemelen Hititlerin antik merkezi Purushanda'nın bulunduğu yerdir."
      },
      "geometry": {
        "type": "Point",
        "coordinates": [
          33.834253,
          38.41073155
        ]
      }
    },
    {
      "type": "Feature",
      "properties": {
        "name": "Kars",
        "desc": "A place from the TAVO Index",
        "name_tr": "Kars",
        "desc_tr": "TAVO Endeksinden bir yer"
      },
      "geometry": {
        "type": "Point",
        "coordinates": [
          43.1040302701,
          40.6013491238
        ]
      }
    },
    {
      "type": "Feature",
      "properties": {
        "name": "Sarissa",
        "desc": "Sarissa was a Hittite site of the second millennium BC. Its remains are located at Kuşaklı, Turkey. Excavations have recovered a substantial archive of Hittite texts.",
        "name_tr": "Sarissa",
        "desc_tr": "Sarissa, MÖ 2. binyılda Hititlere ait bir yerleşim yeriydi. Kalıntıları Türkiye'nin Kuşaklı bölgesinde bulunmaktadır. Kazılar, Hitit metinlerinden oluşan önemli bir arşiv ortaya çıkarmıştır."
      },
      "geometry": {
        "type": "Point",
        "coordinates": [
          36.9095811471,
          39.3083890095
        ]
      }
    },
    {
      "type": "Feature",
      "properties": {
        "name": "(...)aleia?",
        "desc": "An ancient place, cited: BAtlas 56 G3 (...)aleia?",
        "name_tr": "(...)aleia?",
        "desc_tr": "Antik kenti, Ref.: BAtlas 56 G3 (...)aleia?"
      },
      "geometry": {
        "type": "Point",
        "coordinates": [
          28.199045,
          39.205698
        ]
      }
    },
    {
      "type": "Feature",
      "properties": {
        "name": "Achaiion",
        "desc": "An ancient place, cited: BAtlas 56 C2 Achaiion",
        "name_tr": "Achaiion",
        "desc_tr": "Antik Kenti, Ref.: BAtlas 56 C2 Achaiion"
      },
      "geometry": {
        "type": "Point",
        "coordinates": [
          26.164143,
          39.813107
        ]
      }
    },
    {
      "type": "Feature",
      "properties": {
        "name": "Achaion Limen",
        "desc": "An ancient settlement in Aeolis, located between Myrina and Gryneion. According to Strabo, there was an altar of the Twelve Gods there.",
        "name_tr": "Achaion Limen",
        "desc_tr": "Myrina ve Gryneion arasında yer alan Aiolis'teki antik bir yerleşim yeri. Strabon'a göre burada On İki Tanrı'nın bir sunağı vardı."
      },
      "geometry": {
        "type": "Point",
        "coordinates": [
          27.039491,
          38.858153
        ]
      }
    },
    {
      "type": "Feature",
      "properties": {
        "name": "Adramyttium",
        "desc": "An ancient place, cited: BAtlas 56 D2 Adramyttium",
        "name_tr": "Adramyttium",
        "desc_tr": "Antik Kenti, Ref.: BAtlas 56 D2 Adramyttium"
      },
      "geometry": {
        "type": "Point",
        "coordinates": [
          26.9360975594,
          39.4986400291
        ]
      }
    },
    {
      "type": "Feature",
      "properties": {
        "name": "Aegae",
        "desc": "An ancient place, cited: BAtlas 56 E4 Aegae",
        "name_tr": "Aegae",
        "desc_tr": "Antik Kenti, Ref.: BAtlas 56 E4 Aegae"
      },
      "geometry": {
        "type": "Point",
        "coordinates": [
          27.1917223,
          38.83289225
        ]
      }
    },
    {
      "type": "Feature",
      "properties": {
        "name": "Agatheira",
        "desc": "An ancient place, cited: BAtlas 56 F4 Agatheira",
        "name_tr": "Agatheira",
        "desc_tr": "Antik Kenti, Ref.: BAtlas 56 F4 Agatheira"
      },
      "geometry": {
        "type": "Point",
        "coordinates": [
          27.683354,
          38.661362
        ]
      }
    },
    {
      "type": "Feature",
      "properties": {
        "name": "Antandros",
        "desc": "Antandros was a city on the coast of the Troad, near the head of the Gulf of Adramyttium.",
        "name_tr": "Antandros",
        "desc_tr": "Antandros, Troas kıyısında, Adramytion Körfezi'nin başlangıcına yakın bir kentti."
      },
      "geometry": {
        "type": "Point",
        "coordinates": [
          26.7863011369,
          39.5716134199
        ]
      }
    },
    {
      "type": "Feature",
      "properties": {
        "name": "Antigoneia/(Col. Augusta) Alexandria Troas",
        "desc": "An ancient city of the Troad, founded as Antigoneia by Antigonos Monophthalmos. Lysimachos renamed the city Alexandria after 301 BCE. The city became part of the kingdom of Pergamon and, later, the Roman empire.",
        "name_tr": "Antigoneia/(Col. Augusta) Alexandria Troas",
        "desc_tr": "Troas Bölgesi'nde Antigonos Monophthalmos tarafından Antigoneia adıyla kurulan antik bir şehir. Lysimakhos, MÖ 301'den sonra şehrin adını İskenderiye olarak değiştirdi. Şehir, Bergama Krallığı'nın ve daha sonra Roma İmparatorluğu'nun bir parçası oldu."
      },
      "geometry": {
        "type": "Point",
        "coordinates": [
          26.1575595186,
          39.7516571034
        ]
      }
    },
    {
      "type": "Feature",
      "properties": {
        "name": "Antron Kybeles/Mithra",
        "desc": "A sanctuary of the goddess Meter and her companion Attis, located at modern Kapıkaya in Turkey, 10km northwest of Pergamon. The earliest finds date to the third century BCE. Archaeological finds indicate that Mithras became the principal deity worshipped here in Roman times, down to at least the 4th century CE.",
        "name_tr": "Antron Kybeles/Mithra",
        "desc_tr": "Türkiye'de, Bergama'nın 10 km kuzeybatısında, bugünkü Kapıkaya mevkiinde bulunan, tanrıça Meter ve yoldaşı Attis'in kutsal alanı. En eski buluntular MÖ 3. yüzyıla tarihleniyor. Arkeolojik bulgular, Mithras'ın Roma döneminde, en azından MS 4. yüzyıla kadar burada tapınılan başlıca tanrı olduğunu gösteriyor."
      },
      "geometry": {
        "type": "Point",
        "coordinates": [
          27.144941,
          39.174393
        ]
      }
    },
    {
      "type": "Feature",
      "properties": {
        "name": "Apollonis",
        "desc": "An ancient place, cited: BAtlas 56 F4 Apollonis",
        "name_tr": "Apollonis",
        "desc_tr": "Antik Kenti, Ref.: BAtlas 56 F4 Apollonis"
      },
      "geometry": {
        "type": "Point",
        "coordinates": [
          27.67,
          38.913
        ]
      }
    },
    {
      "type": "Feature",
      "properties": {
        "name": "Argiza",
        "desc": "An ancient place, cited: BAtlas 56 E2 Argiza",
        "name_tr": "Argiza",
        "desc_tr": "Alıntı yapılan eski bir yer: BAtlas 56 E2 Argiza"
      },
      "geometry": {
        "type": "Point",
        "coordinates": [
          27.409336,
          39.843503
        ]
      }
    },
    {
      "type": "Feature",
      "properties": {
        "name": "Argyria?",
        "desc": "An ancient place, cited: BAtlas 56 E2 Argyria?",
        "name_tr": "Argyria?",
        "desc_tr": "Antik Kenti, Ref.: BAtlas 56 E2 Argyria?"
      },
      "geometry": {
        "type": "Point",
        "coordinates": [
          27.222332,
          39.750179
        ]
      }
    },
    {
      "type": "Feature",
      "properties": {
        "name": "Arilla",
        "desc": "An ancient place, cited: BAtlas 56 G4 Arilla",
        "name_tr": "Arilla",
        "desc_tr": "Antik Kenti, Ref.: BAtlas 56 G4 Arilla"
      },
      "geometry": {
        "type": "Point",
        "coordinates": [
          28.086448,
          38.627775
        ]
      }
    },
    {
      "type": "Feature",
      "properties": {
        "name": "Asklepieion",
        "desc": "The Asklepieion at Pergamon is located 3 km south of the Acropolis.",
        "name_tr": "Asklepieion",
        "desc_tr": "Pergamon'daki Asklepieion, Akropolis'in 3 km güneyinde yer almaktadır."
      },
      "geometry": {
        "type": "Point",
        "coordinates": [
          27.1656303932,
          39.1188684912
        ]
      }
    },
    {
      "type": "Feature",
      "properties": {
        "name": "Aspaneus",
        "desc": "An ancient place, cited: BAtlas 56 D2 Aspaneus",
        "name_tr": "Aspaneus",
        "desc_tr": "Antik Kenti, Ref.: BAtlas 56 D2 Aspaneus"
      },
      "geometry": {
        "type": "Point",
        "coordinates": [
          26.807167,
          39.570655
        ]
      }
    },
    {
      "type": "Feature",
      "properties": {
        "name": "Assos/Apollonia",
        "desc": "An ancient place, cited: BAtlas 56 C3 Assos/Apollonia",
        "name_tr": "Assos/Apollonia",
        "desc_tr": "Antik Kenti, Ref.: BAtlas 56 C3 Assos/Apollonia"
      },
      "geometry": {
        "type": "Point",
        "coordinates": [
          26.3363517018,
          39.4901354609
        ]
      }
    },
    {
      "type": "Feature",
      "properties": {
        "name": "Astyra?",
        "desc": "An ancient place, cited: BAtlas 56 D3 Astyra?",
        "name_tr": "Astyra?",
        "desc_tr": "Antik Kenti, Ref.: BAtlas 56 D3 Astyra?"
      },
      "geometry": {
        "type": "Point",
        "coordinates": [
          26.906742,
          39.163484
        ]
      }
    },
    {
      "type": "Feature",
      "properties": {
        "name": "Astyra?/Andeira?",
        "desc": "An ancient place, cited: BAtlas 56 E2 Astyra?/Andeira?",
        "name_tr": "Astyra?/Andeira?",
        "desc_tr": "Antik Kenti, Ref.: BAtlas 56 E2 Astyra?/Andeira?"
      },
      "geometry": {
        "type": "Point",
        "coordinates": [
          27.178235,
          39.560183
        ]
      }
    },
    {
      "type": "Feature",
      "properties": {
        "name": "Astyr(i)a?",
        "desc": "An ancient place, cited: BAtlas 56 D2 Astyr(i)a?",
        "name_tr": "Astyr(i)a?",
        "desc_tr": "Antik Kenti, Ref.: BAtlas 56 D2 Astyr(i)a?"
      },
      "geometry": {
        "type": "Point",
        "coordinates": [
          26.888592,
          39.586596
        ]
      }
    },
    {
      "type": "Feature",
      "properties": {
        "name": "Atarneus",
        "desc": "An ancient Greek city in Aeolis that lies on the mainland opposite the island of Lesbos, northeast of the town of Dikili in modern-day Turkey.",
        "name_tr": "Atarneus",
        "desc_tr": "Günümüz Türkiye'sinde, Dikili ilçesinin kuzeydoğusunda, Midilli Adası'nın karşısında, anakarada yer alan Aiolis'te bulunan antik bir Yunan kenti."
      },
      "geometry": {
        "type": "Point",
        "coordinates": [
          26.9213247051,
          39.0914538633
        ]
      }
    },
    {
      "type": "Feature",
      "properties": {
        "name": "Atarneus sub Pitanem",
        "desc": "An ancient place, cited: BAtlas 56 D4 Atarneus sub Pitanem",
        "name_tr": "Atarneus sub Pitanem",
        "desc_tr": "Alıntı yapılan eski bir yer: BAtlas 56 D4 Atarneus sub Pitanem"
      },
      "geometry": {
        "type": "Point",
        "coordinates": [
          26.85959,
          38.928313
        ]
      }
    },
    {
      "type": "Feature",
      "properties": {
        "name": "Attaleia",
        "desc": "An ancient place, cited: BAtlas 56 F3 Attaleia",
        "name_tr": "Attaleia",
        "desc_tr": "Antik Kenti, Ref.: BAtlas 56 F3 Attaleia"
      },
      "geometry": {
        "type": "Point",
        "coordinates": [
          27.891043,
          39.0714023
        ]
      }
    },
    {
      "type": "Feature",
      "properties": {
        "name": "Attea?",
        "desc": "An ancient place, cited: BAtlas 56 D3 Attea?",
        "name_tr": "Attea?",
        "desc_tr": "Antik Kenti, Ref.: BAtlas 56 D3 Attea?"
      },
      "geometry": {
        "type": "Point",
        "coordinates": [
          26.766607,
          39.214189
        ]
      }
    },
    {
      "type": "Feature",
      "properties": {
        "name": "Attea",
        "desc": "An ancient place, cited: BAtlas 56 G2 Attea",
        "name_tr": "Attea",
        "desc_tr": "Antik Kenti, Ref.: BAtlas 56 G2 Attea"
      },
      "geometry": {
        "type": "Point",
        "coordinates": [
          28.115927,
          39.515977
        ]
      }
    },
    {
      "type": "Feature",
      "properties": {
        "name": "Aureliane",
        "desc": "An ancient place, cited: BAtlas 56 E2 Aureliane",
        "name_tr": "Aureliane",
        "desc_tr": "Alıntı yapılan eski bir yer: BAtlas 56 E2 Aureliane"
      },
      "geometry": {
        "type": "Point",
        "coordinates": [
          27.104783,
          39.544815
        ]
      }
    },
    {
      "type": "Feature",
      "properties": {
        "name": "Birytis?",
        "desc": "An ancient place, cited: BAtlas 56 C2 Birytis?",
        "name_tr": "Birytis?",
        "desc_tr": "Antik Kenti, Ref.: BAtlas 56 C2 Birytis?"
      },
      "geometry": {
        "type": "Point",
        "coordinates": [
          26.38333,
          39.95
        ]
      }
    },
    {
      "type": "Feature",
      "properties": {
        "name": "Boukolion",
        "desc": "An ancient place, cited: BAtlas 56 F5 Boukolion",
        "name_tr": "Boukolion",
        "desc_tr": "Antik Kenti, Ref.: BAtlas 56 F5 Boukolion"
      },
      "geometry": {
        "type": "Point",
        "coordinates": [
          27.714734,
          38.136201
        ]
      }
    },
    {
      "type": "Feature",
      "properties": {
        "name": "*Chondria",
        "desc": "An ancient place, cited: BAtlas 56 E5 *Chondria",
        "name_tr": "*Chondria",
        "desc_tr": "Antik Kenti, Ref.: BAtlas 56 E5 *Kondria"
      },
      "geometry": {
        "type": "Point",
        "coordinates": [
          27.4033135,
          38.14344905
        ]
      }
    },
    {
      "type": "Feature",
      "properties": {
        "name": "*Choria",
        "desc": "An ancient place, cited: BAtlas 56 F4 *Choria",
        "name_tr": "*Choria",
        "desc_tr": "Antik Kenti, Ref.: BAtlas 56 F4 *Choria"
      },
      "geometry": {
        "type": "Point",
        "coordinates": [
          27.88522,
          38.750681
        ]
      }
    },
    {
      "type": "Feature",
      "properties": {
        "name": "Chrysa",
        "desc": "An ancient place, cited: BAtlas 56 C2 Chrysa",
        "name_tr": "Chrysa",
        "desc_tr": "Antik Kenti, Ref.: BAtlas 56 C2 Chrysa"
      },
      "geometry": {
        "type": "Point",
        "coordinates": [
          26.082881,
          39.521256
        ]
      }
    },
    {
      "type": "Feature",
      "properties": {
        "name": "Chryse?",
        "desc": "An ancient place, cited: BAtlas 56 D2 Chryse?",
        "name_tr": "Chryse?",
        "desc_tr": "Antik Kenti, Ref.: BAtlas 56 D2 Chryse?"
      },
      "geometry": {
        "type": "Point",
        "coordinates": [
          26.928091,
          39.585106
        ]
      }
    },
    {
      "type": "Feature",
      "properties": {
        "name": "Chyton/Chytrion",
        "desc": "An ancient place, cited: BAtlas 56 D5 Chyton/Chytrion",
        "name_tr": "Chyton/Chytrion",
        "desc_tr": "Antik Kenti, Ref.: BAtlas 56 D5 Chyton/Chytrion"
      },
      "geometry": {
        "type": "Point",
        "coordinates": [
          26.741881,
          38.337891
        ]
      }
    },
    {
      "type": "Feature",
      "properties": {
        "name": "Cyme",
        "desc": "An ancient city of Aeolis.",
        "name_tr": "Cyme",
        "desc_tr": "Aiolis'in antik kenti."
      },
      "geometry": {
        "type": "Point",
        "coordinates": [
          26.938319355,
          38.7601928185
        ]
      }
    },
    {
      "type": "Feature",
      "properties": {
        "name": "Daldis (*Phlabiokaisareia)",
        "desc": "An ancient place, cited: BAtlas 56 G4 Daldis (*Phlabiokaisareia)",
        "name_tr": "Daldis (*Phlabiokaisareia)",
        "desc_tr": "Antik kenti, Ref.: BAtlas 56 G4 Daldis (*Phlabiokaisareia)"
      },
      "geometry": {
        "type": "Point",
        "coordinates": [
          28.142602,
          38.668404
        ]
      }
    },
    {
      "type": "Feature",
      "properties": {
        "name": "*Daredda",
        "desc": "An ancient place, cited: BAtlas 56 G5 *Daredda",
        "name_tr": "*Daredda",
        "desc_tr": "Antik Kenti, Ref.: BAtlas 56 G5 *Daredda"
      },
      "geometry": {
        "type": "Point",
        "coordinates": [
          28.352913,
          38.18011
        ]
      }
    },
    {
      "type": "Feature",
      "properties": {
        "name": "Dareioukome",
        "desc": "An ancient place, cited: BAtlas 56 F4 Dareioukome",
        "name_tr": "Dareioukome",
        "desc_tr": "Antik Kenti, Ref.: BAtlas 56 F4 Dareioukome"
      },
      "geometry": {
        "type": "Point",
        "coordinates": [
          27.624222,
          38.606597
        ]
      }
    },
    {
      "type": "Feature",
      "properties": {
        "name": "*Diginda",
        "desc": "An ancient place, cited: BAtlas 56 G5 *Diginda",
        "name_tr": "*Diginda",
        "desc_tr": "Antik Kenti, Ref.: BAtlas 56 G5 *Diginda"
      },
      "geometry": {
        "type": "Point",
        "coordinates": [
          28.395004,
          38.182221
        ]
      }
    },
    {
      "type": "Feature",
      "properties": {
        "name": "Dios Hieron",
        "desc": "An ancient place, cited: BAtlas 56 G5 Dios Hieron",
        "name_tr": "Dios Hieron",
        "desc_tr": "Antik Kenti, Ref.: BAtlas 56 G5 Tanrı Hieron"
      },
      "geometry": {
        "type": "Point",
        "coordinates": [
          28.083254,
          38.227646
        ]
      }
    },
    {
      "type": "Feature",
      "properties": {
        "name": "Doroukome?",
        "desc": "An ancient place, cited: BAtlas 56 H4 Doroukome?",
        "name_tr": "Doroukome?",
        "desc_tr": "Antik Kenti, Ref.: BAtlas 56 H4 Doroukome?"
      },
      "geometry": {
        "type": "Point",
        "coordinates": [
          28.576921,
          38.586742
        ]
      }
    },
    {
      "type": "Feature",
      "properties": {
        "name": "Elaea",
        "desc": "An ancient place, cited: BAtlas 56 E4 Elaea",
        "name_tr": "Elaea",
        "desc_tr": "Antik Kenti, Ref.: BAtlas 56 E4 Elaea"
      },
      "geometry": {
        "type": "Point",
        "coordinates": [
          27.055256,
          38.941644
        ]
      }
    },
    {
      "type": "Feature",
      "properties": {
        "name": "Embaton",
        "desc": "An ancient place, cited: BAtlas 56 C5 Embaton",
        "name_tr": "Embaton",
        "desc_tr": "Antik Kenti, Ref.: BAtlas 56 C5 Embaton"
      },
      "geometry": {
        "type": "Point",
        "coordinates": [
          26.376435,
          38.253756
        ]
      }
    },
    {
      "type": "Feature",
      "properties": {
        "name": "Ergasteria",
        "desc": "An ancient place, cited: BAtlas 56 F2 Ergasteria",
        "name_tr": "Ergasteria",
        "desc_tr": "Antik Kenti, Ref.: BAtlas 56 F2 Ergasteria"
      },
      "geometry": {
        "type": "Point",
        "coordinates": [
          27.59645,
          39.727645
        ]
      }
    },
    {
      "type": "Feature",
      "properties": {
        "name": "Erythrai",
        "desc": "Erythrai was one of the twelve Ionian cities of Asia Minor. It is located on a small peninsula that extends into the Bay of Erythrae.",
        "name_tr": "Erythrai",
        "desc_tr": "Erythrai, Küçük Asya'daki on iki İyon kentinden biriydi. Erythrai Körfezi'ne uzanan küçük bir yarımada üzerinde yer alır."
      },
      "geometry": {
        "type": "Point",
        "coordinates": [
          26.480833,
          38.382778
        ]
      }
    },
    {
      "type": "Feature",
      "properties": {
        "name": "Gambreion",
        "desc": "An ancient place, cited: BAtlas 56 E3 Gambreion",
        "name_tr": "Gambreion",
        "desc_tr": "Alıntı yapılan eski bir yer: BAtlas 56 E3 Gambreion"
      },
      "geometry": {
        "type": "Point",
        "coordinates": [
          27.25,
          39.25
        ]
      }
    },
    {
      "type": "Feature",
      "properties": {
        "name": "Gargara",
        "desc": "An ancient place, cited: BAtlas 56 D2 Gargara",
        "name_tr": "Gargara",
        "desc_tr": "Antik Kenti, Ref.: BAtlas 56 D2 Gargara"
      },
      "geometry": {
        "type": "Point",
        "coordinates": [
          26.540773,
          39.534465
        ]
      }
    },
    {
      "type": "Feature",
      "properties": {
        "name": "Gentinos?",
        "desc": "An ancient place, cited: BAtlas 56 C2 Gentinos?",
        "name_tr": "Gentinos?",
        "desc_tr": "Antik Kenti, Ref.: BAtlas 56 C2 Gentinos?"
      },
      "geometry": {
        "type": "Point",
        "coordinates": [
          26.2897629,
          39.8757529
        ]
      }
    },
    {
      "type": "Feature",
      "properties": {
        "name": "Gergis",
        "desc": "A city of the Troad in the territory of Lampsacus that Strabo describes as being \"rich in vines\".",
        "name_tr": "Gergis",
        "desc_tr": "Strabon'un &quot;üzüm bakımından zengin&quot; olarak tanımladığı, Lampsakos topraklarındaki Troas kenti."
      },
      "geometry": {
        "type": "Point",
        "coordinates": [
          26.609255,
          39.898491
        ]
      }
    },
    {
      "type": "Feature",
      "properties": {
        "name": "Gergitha?",
        "desc": "An ancient place, cited: BAtlas 56 F3 Gergitha?",
        "name_tr": "Gergitha?",
        "desc_tr": "Antik Kenti, Ref.: BAtlas 56 F3 Gergitha?"
      },
      "geometry": {
        "type": "Point",
        "coordinates": [
          27.694738,
          39.184733
        ]
      }
    },
    {
      "type": "Feature",
      "properties": {
        "name": "Gerraidai",
        "desc": "An ancient place, cited: BAtlas 56 D5 Gerraidai",
        "name_tr": "Gerraidai",
        "desc_tr": "Antik Kenti, Ref.: BAtlas 56 D5 Gerraidai"
      },
      "geometry": {
        "type": "Point",
        "coordinates": [
          26.788552,
          38.195953
        ]
      }
    },
    {
      "type": "Feature",
      "properties": {
        "name": "Gevele",
        "desc": "An ancient place, cited: BAtlas 56 G5 Gevele",
        "name_tr": "Gevele",
        "desc_tr": "Alıntı yapılan eski bir yer: BAtlas 56 G5 Gevele"
      },
      "geometry": {
        "type": "Point",
        "coordinates": [
          28.310325,
          38.158542
        ]
      }
    },
    {
      "type": "Feature",
      "properties": {
        "name": "Gryneion",
        "desc": "An ancient coastal city of Aeolis where an oracle of Apollo was located. It was located near the modern Turkish village of Yenişakran (İzmir Province) and the small cape known as Termaşalık Burnu.",
        "name_tr": "Gryneion",
        "desc_tr": "Apollon kahini Aiolis'in antik kıyı kenti, günümüzde Türkiye'nin Yenişakran köyü (İzmir İli) ve Termaşalık Burnu olarak bilinen küçük burnun yakınında yer alıyordu."
      },
      "geometry": {
        "type": "Point",
        "coordinates": [
          27.06798455,
          38.87902425
        ]
      }
    },
    {
      "type": "Feature",
      "properties": {
        "name": "Ad Vincesimum/Magnana",
        "desc": "An ancient place, cited: BAtlas 87 E4 Ad Vincesimum/Magnana",
        "name_tr": "Ad Vincesimum/Magnana",
        "desc_tr": "Antik Kenti, Ref.: BAtlas 87 E4 Ad Vincesimum/Magnana"
      },
      "geometry": {
        "type": "Point",
        "coordinates": [
          39.617574,
          40.810026
        ]
      }
    },
    {
      "type": "Feature",
      "properties": {
        "name": "Amaseia",
        "desc": "Amaseia (modern Amasya) was a naturally fortified settlement in the Pontic mountains near the Black Sea. It served as the capital of the kingdom of Pontus from ca. 300 BC to 183 BC.",
        "name_tr": "Amaseia",
        "desc_tr": "Amaseia (bugünkü Amasya), Karadeniz yakınlarındaki Pontus Dağları'nda doğal surlarla çevrili bir yerleşim yeriydi. MÖ 300'den MÖ 183'e kadar Pontus Krallığı'nın başkenti olarak hizmet vermiştir."
      },
      "geometry": {
        "type": "Point",
        "coordinates": [
          35.82794385,
          40.66680835
        ]
      }
    },
    {
      "type": "Feature",
      "properties": {
        "name": "Ameletos/Camila",
        "desc": "An ancient place, cited: BAtlas 87 C3 Ameletos/Camila",
        "name_tr": "Ameletos/Camila",
        "desc_tr": "Antik Kenti, Ref.: BAtlas 87 C3 Ameletos/Camila"
      },
      "geometry": {
        "type": "Point",
        "coordinates": [
          37.394871,
          41.105353
        ]
      }
    },
    {
      "type": "Feature",
      "properties": {
        "name": "Amisus/Peiraieus",
        "desc": "A colony of Miletus that eventually came to be part of the kingdom of Pontus.",
        "name_tr": "Amisus/Peiraieus",
        "desc_tr": "Daha sonra Pontus Krallığı'nın bir parçası haline gelen bir Milet kolonisi."
      },
      "geometry": {
        "type": "Point",
        "coordinates": [
          36.3313,
          41.292721
        ]
      }
    },
    {
      "type": "Feature",
      "properties": {
        "name": "Andrapa/Neapolis/Neoklaudiopolis",
        "desc": "An ancient place, cited: BAtlas 87 A3 Andrapa/Neapolis/Neoklaudiopolis",
        "name_tr": "Andrapa/Neapolis/Neoklaudiopolis",
        "desc_tr": "Antik Kenti, Ref.: BAtlas 87 A3 Andrapa/Neapolis/Neoklaudiopolis"
      },
      "geometry": {
        "type": "Point",
        "coordinates": [
          35.462095,
          41.153629
        ]
      }
    },
    {
      "type": "Feature",
      "properties": {
        "name": "Anniaca",
        "desc": "An ancient place, cited: BAtlas 87 C4 Anniaca",
        "name_tr": "Anniaca",
        "desc_tr": "Antik Kenti, Ref.: BAtlas 87 C4 Anniaca"
      },
      "geometry": {
        "type": "Point",
        "coordinates": [
          37.85252,
          40.312587
        ]
      }
    },
    {
      "type": "Feature",
      "properties": {
        "name": "Arauraka",
        "desc": "An ancient place, cited: BAtlas 87 E4 Arauraka (1)",
        "name_tr": "Arauraka",
        "desc_tr": "Antik Kenti, Ref.: BAtlas 87 E4 Arauraka (1)"
      },
      "geometry": {
        "type": "Point",
        "coordinates": [
          39.141987,
          40.129279
        ]
      }
    },
    {
      "type": "Feature",
      "properties": {
        "name": "Athenai",
        "desc": "An ancient settlement located on the southern coast of the Black Sea. The subsequent modern village retained the ancient name until the 1920s, when it was given its current Turkish name Pazar (Zere province).",
        "name_tr": "Athenai",
        "desc_tr": "Karadeniz'in güney kıyısında yer alan antik bir yerleşim yeri. Daha sonra kurulan modern köy, 1920'lere kadar antik adını korudu ve ardından bugünkü Türkçe adı olan Pazar'ı (Zere ili) aldı."
      },
      "geometry": {
        "type": "Point",
        "coordinates": [
          40.874223,
          41.172312
        ]
      }
    },
    {
      "type": "Feature",
      "properties": {
        "name": "Boon",
        "desc": "An ancient place, cited: BAtlas 87 C3 Boon",
        "name_tr": "Boon",
        "desc_tr": "Antik Kenti, Ref.: BAtlas 87 C3 Boon"
      },
      "geometry": {
        "type": "Point",
        "coordinates": [
          37.776559,
          41.057078
        ]
      }
    },
    {
      "type": "Feature",
      "properties": {
        "name": "Carissa/Garsi",
        "desc": "An ancient place, cited: BAtlas 87 A4 Carissa/Garsi",
        "name_tr": "Carissa/Garsi",
        "desc_tr": "Antik Kenti, Ref.: BAtlas 87 A4 Carissa/Garsi"
      },
      "geometry": {
        "type": "Point",
        "coordinates": [
          35.140618,
          40.527786
        ]
      }
    },
    {
      "type": "Feature",
      "properties": {
        "name": "Comana Pontica/Hierocaesarea",
        "desc": "An ancient city of Pontus.",
        "name_tr": "Comana Pontica/Hierocaesarea",
        "desc_tr": "Pontus'un antik kenti."
      },
      "geometry": {
        "type": "Point",
        "coordinates": [
          36.6386890701,
          40.3576074689
        ]
      }
    },
    {
      "type": "Feature",
      "properties": {
        "name": "Cromen",
        "desc": "An ancient place, cited: BAtlas 87 A4 Cromen",
        "name_tr": "Cromen",
        "desc_tr": "Antik Kenti, Ref.: BAtlas 87 A4 Dome"
      },
      "geometry": {
        "type": "Point",
        "coordinates": [
          35.536702,
          40.700735
        ]
      }
    },
    {
      "type": "Feature",
      "properties": {
        "name": "Diakopa",
        "desc": "An ancient place, cited: BAtlas 87 A4 Diakopa",
        "name_tr": "Diakopa",
        "desc_tr": "Antik Kenti, Ref.: BAtlas 87 A4 Diakopa"
      },
      "geometry": {
        "type": "Point",
        "coordinates": [
          35.200313,
          40.88652
        ]
      }
    },
    {
      "type": "Feature",
      "properties": {
        "name": "Euchaita",
        "desc": "An ancient place, cited: BAtlas 87 A4 Euchaita",
        "name_tr": "Euchaita",
        "desc_tr": "Antik Kenti, Ref.: BAtlas 87 A4 Euchaita"
      },
      "geometry": {
        "type": "Point",
        "coordinates": [
          35.28003,
          40.572478
        ]
      }
    },
    {
      "type": "Feature",
      "properties": {
        "name": "Eupatoria",
        "desc": "An ancient place, cited: BAtlas 87 B3 Eupatoria",
        "name_tr": "Eupatoria",
        "desc_tr": "Antik Kenti, Ref.: BAtlas 87 B3 Eupatoria"
      },
      "geometry": {
        "type": "Point",
        "coordinates": [
          36.319678,
          41.324259
        ]
      }
    },
    {
      "type": "Feature",
      "properties": {
        "name": "Eupatoria/Magnopolis",
        "desc": "Eupatoria/Magnopolis was a Hellenistic city of Pontus in Asia Minor founded initially by Mithridates VI Eupator in the valley of Phanaroea, near the confluence of the Lykos and Iris rivers. Cnaeus Pompeius re-founded the city as Magnopolis.",
        "name_tr": "Eupatoria/Magnopolis",
        "desc_tr": "Eupatoria/Magnopolis, Mithridates VI Eupator tarafından Phanaroea vadisinde, Lykos ve Iris nehirlerinin birleştiği yerde kurulmuş, Küçük Asya'daki Pontus'un Helenistik bir şehriydi. Cnaeus Pompeius şehri Magnopolis olarak yeniden kurdu."
      },
      "geometry": {
        "type": "Point",
        "coordinates": [
          36.5,
          40.5
        ]
      }
    },
    {
      "type": "Feature",
      "properties": {
        "name": "Gadilon/Helega?",
        "desc": "An ancient place, cited: BAtlas 87 A3 Gadilon/Helega?",
        "name_tr": "Gadilon/Helega?",
        "desc_tr": "Antik Kenti, Ref.: BAtlas 87 A3 Gadilon/Helega?"
      },
      "geometry": {
        "type": "Point",
        "coordinates": [
          35.894016,
          41.571325
        ]
      }
    },
    {
      "type": "Feature",
      "properties": {
        "name": "Gazioura",
        "desc": "An ancient place, cited: BAtlas 87 B4 Gazioura",
        "name_tr": "Gazioura",
        "desc_tr": "Antik Kenti, Ref.: BAtlas 87 B4 Gazioura"
      },
      "geometry": {
        "type": "Point",
        "coordinates": [
          36.059111,
          40.404051
        ]
      }
    },
    {
      "type": "Feature",
      "properties": {
        "name": "Gozalena",
        "desc": "An ancient place, cited: BAtlas 87 B4 Gozalena",
        "name_tr": "Gozalena",
        "desc_tr": "Antik Kenti, Ref.: BAtlas 87 B4 Gozalena"
      },
      "geometry": {
        "type": "Point",
        "coordinates": [
          36.044125,
          40.582908
        ]
      }
    },
    {
      "type": "Feature",
      "properties": {
        "name": "Halys (river)",
        "desc": "The Kızılırmak river, the ancient Halys River, is a major river of Asia Minor that flows into the Black Sea.",
        "name_tr": "Halys (river)",
        "desc_tr": "Kızılırmak Nehri, eski adıyla Kızılırmak, Küçük Asya'nın Karadeniz'e dökülen önemli bir nehridir."
      },
      "geometry": {
        "type": "Point",
        "coordinates": [
          35.1685680034,
          39.9247286988
        ]
      }
    },
    {
      "type": "Feature",
      "properties": {
        "name": "Hermonassa",
        "desc": "An ancient place, cited: BAtlas 87 E3 Hermonassa",
        "name_tr": "Hermonassa",
        "desc_tr": "Antik Kenti, Ref.: BAtlas 87 E3 Hermonassa"
      },
      "geometry": {
        "type": "Point",
        "coordinates": [
          39.553424,
          41.034159
        ]
      }
    },
    {
      "type": "Feature",
      "properties": {
        "name": "Hieron Oros",
        "desc": "An ancient place, cited: BAtlas 87 E3 Hieron Oros (1)",
        "name_tr": "Hieron Oros",
        "desc_tr": "Alıntılanan eski bir yer: BAtlas 87 E3 Hieron Oros (1)"
      },
      "geometry": {
        "type": "Point",
        "coordinates": [
          39.423999,
          41.099978
        ]
      }
    },
    {
      "type": "Feature",
      "properties": {
        "name": "Ibora",
        "desc": "An ancient place, cited: BAtlas 87 B4 Ibora",
        "name_tr": "Ibora",
        "desc_tr": "Antik Kenti, Ref.: BAtlas 87 B4 Ibora"
      },
      "geometry": {
        "type": "Point",
        "coordinates": [
          36.5933,
          40.61689
        ]
      }
    },
    {
      "type": "Feature",
      "properties": {
        "name": "Ischopolis",
        "desc": "An ancient place, cited: BAtlas 87 D4 Ischopolis",
        "name_tr": "Ischopolis",
        "desc_tr": "Antik Kenti, Ref.: BAtlas 87 D4 Ischopolis"
      },
      "geometry": {
        "type": "Point",
        "coordinates": [
          38.195035,
          40.937989
        ]
      }
    },
    {
      "type": "Feature",
      "properties": {
        "name": "Kaballa",
        "desc": "An ancient place, cited: BAtlas 87 G4 Kaballa",
        "name_tr": "Kaballa",
        "desc_tr": "Antik Kenti, Ref.: BAtlas 87 G4 Kaballa"
      },
      "geometry": {
        "type": "Point",
        "coordinates": [
          41.070779,
          40.482097
        ]
      }
    },
    {
      "type": "Feature",
      "properties": {
        "name": "Kabeira/Neocaesarea/Diospolis/Sebaste/Hadriane",
        "desc": "An ancient place, cited: BAtlas 87 B4 Kabeira/Neocaesarea/Diospolis/Sebaste/Hadriane",
        "name_tr": "Kabeira/Neocaesarea/Diospolis/Sebaste/Hadriane",
        "desc_tr": "Antik Kenti, Ref.: BAtlas 87 B4 Kabeira/Neocaesarea/Diospolis/Sebaste/Hadriane"
      },
      "geometry": {
        "type": "Point",
        "coordinates": [
          37.0201215,
          40.5892125
        ]
      }
    },
    {
      "type": "Feature",
      "properties": {
        "name": "Karousa/Polichnion",
        "desc": "An ancient place, cited: BAtlas 87 A3 Karousa/Polichnion",
        "name_tr": "Karousa/Polichnion",
        "desc_tr": "Antik Kenti, Ref.: BAtlas 87 A3 Karousa/Polichnion"
      },
      "geometry": {
        "type": "Point",
        "coordinates": [
          35.158944,
          41.810138
        ]
      }
    },
    {
      "type": "Feature",
      "properties": {
        "name": "Kerasous",
        "desc": "An ancient place, cited: BAtlas 87 E3 Kerasous",
        "name_tr": "Kerasous",
        "desc_tr": "Antik Kenti, Ref.: BAtlas 87 E3 Kerasous"
      },
      "geometry": {
        "type": "Point",
        "coordinates": [
          39.319029,
          41.05814
        ]
      }
    },
    {
      "type": "Feature",
      "properties": {
        "name": "Kerasous/Pharnakeia",
        "desc": "An ancient place, cited: BAtlas 87 D4 Kerasous/Pharnakeia",
        "name_tr": "Kerasous/Pharnakeia",
        "desc_tr": "Antik Kenti, Ref.: BAtlas 87 D4 Kerasous/Pharnakeia"
      },
      "geometry": {
        "type": "Point",
        "coordinates": [
          38.397931,
          40.919134
        ]
      }
    },
    {
      "type": "Feature",
      "properties": {
        "name": "Kissa",
        "desc": "An ancient place, cited: BAtlas 87 G3 Kissa",
        "name_tr": "Kissa",
        "desc_tr": "Antik Kenti, Ref.: BAtlas 87 G3 Kissa"
      },
      "geometry": {
        "type": "Point",
        "coordinates": [
          41.4031665,
          41.377394
        ]
      }
    },
    {
      "type": "Feature",
      "properties": {
        "name": "Koloneia",
        "desc": "An ancient place, cited: BAtlas 87 D4 Koloneia",
        "name_tr": "Koloneia",
        "desc_tr": "Antik Kenti, Ref.: BAtlas 87 D4 Koloneia"
      },
      "geometry": {
        "type": "Point",
        "coordinates": [
          38.412817,
          40.306806
        ]
      }
    },
    {
      "type": "Feature",
      "properties": {
        "name": "Koralla",
        "desc": "An ancient place, cited: BAtlas 87 E3 Koralla",
        "name_tr": "Koralla",
        "desc_tr": "Antik Kenti, Ref.: BAtlas 87 E3 Koralla"
      },
      "geometry": {
        "type": "Point",
        "coordinates": [
          39.165352,
          41.075138
        ]
      }
    },
    {
      "type": "Feature",
      "properties": {
        "name": "Kordyle",
        "desc": "An ancient place, cited: BAtlas 87 E3 Kordyle",
        "name_tr": "Kordyle",
        "desc_tr": "Antik Kenti, Ref.: BAtlas 87 E3 Kordyle"
      },
      "geometry": {
        "type": "Point",
        "coordinates": [
          39.496726,
          41.081598
        ]
      }
    },
    {
      "type": "Feature",
      "properties": {
        "name": "Kotyora",
        "desc": "An ancient settlement on the Black Sea coast just to the north of modern Ordu, Turkey. Archaeological remnants of port facilities were previously noted in the neighborhood of Kirazlimanı.",
        "name_tr": "Kotyora",
        "desc_tr": "Türkiye'nin Ordu ilinin hemen kuzeyinde, Karadeniz kıyısındaki antik bir yerleşim yeri. Daha önce Kirazlimanı semtinde liman tesislerine ait arkeolojik kalıntılar tespit edilmişti."
      },
      "geometry": {
        "type": "Point",
        "coordinates": [
          37.870358,
          40.998428
        ]
      }
    },
    {
      "type": "Feature",
      "properties": {
        "name": "Libiopolis",
        "desc": "An ancient place, cited: BAtlas 87 E3 Libiopolis",
        "name_tr": "Libiopolis",
        "desc_tr": "Antik Kenti, Ref.: BAtlas 87 E3 Libiopolis"
      },
      "geometry": {
        "type": "Point",
        "coordinates": [
          39.198236,
          41.068855
        ]
      }
    },
    {
      "type": "Feature",
      "properties": {
        "name": "Dūru",
        "desc": "A town mentioned in Neo-Assyrian sources that is identified with modern Anaz Höyük.",
        "name_tr": "Dūru",
        "desc_tr": "Neo-Asur kaynaklarında adı geçen ve bugünkü Anaz Höyük ile özdeşleşen bir kent."
      },
      "geometry": {
        "type": "Point",
        "coordinates": [
          39.0275705,
          37.1403985
        ]
      }
    },
    {
      "type": "Feature",
      "properties": {
        "name": "Diyālā",
        "desc": "A place from the TAVO Index",
        "name_tr": "Diyālā",
        "desc_tr": "TAVO Endeksinden bir yer"
      },
      "geometry": {
        "type": "Point",
        "coordinates": [
          42.5,
          37.5
        ]
      }
    },
    {
      "type": "Feature",
      "properties": {
        "name": "Munzur Dağları",
        "desc": "A place from the TAVO Index",
        "name_tr": "Munzur Dağları",
        "desc_tr": "TAVO Endeksinden bir yer"
      },
      "geometry": {
        "type": "Point",
        "coordinates": [
          38.25,
          38.25
        ]
      }
    },
    {
      "type": "Feature",
      "properties": {
        "name": "Nerik",
        "desc": "Nerik was a Bronze Age, Hittite settlement. It is likely to be identified with the Oymaağaç Höyük in northern Turkey.",
        "name_tr": "Nerik",
        "desc_tr": "Nerik, Tunç Çağı'na ait bir Hitit yerleşim yeriydi. Kuzey Türkiye'deki Oymaağaç Höyük ile özdeşleştirilmesi muhtemeldir."
      },
      "geometry": {
        "type": "Point",
        "coordinates": [
          35.4292462441,
          41.2076582528
        ]
      }
    },
    {
      "type": "Feature",
      "properties": {
        "name": "Alişar Höyük",
        "desc": "A settlement with occupation from the Chalcolithic period (fourth millennium B.C.) until the Phrygian period (first millennium B.C.).",
        "name_tr": "Alişar Höyük",
        "desc_tr": "Kalkolitik Çağ'dan (MÖ 4. binyıl) Frig Dönemi'ne (MÖ 1. binyıl) kadar yerleşim gören bir yerleşim yeri."
      },
      "geometry": {
        "type": "Point",
        "coordinates": [
          35.2614470673,
          39.6059835796
        ]
      }
    },
    {
      "type": "Feature",
      "properties": {
        "name": "Beycesultan",
        "desc": "An ancient Anatolian settlement occupied from the Late Chalcolithic period through the Bronze Age.",
        "name_tr": "Beycesultan",
        "desc_tr": "Geç Kalkolitik Çağ'dan Tunç Çağı'na kadar yerleşim gören antik bir Anadolu yerleşim yeri."
      },
      "geometry": {
        "type": "Point",
        "coordinates": [
          29.7011939085,
          38.2566789757
        ]
      }
    },
    {
      "type": "Feature",
      "properties": {
        "name": "Ourima/Antiochia ad Euphratem/Arulis",
        "desc": "An ancient place, cited: BAtlas 67 F2 Ourima/Antiochia ad Euphratem/Arulis",
        "name_tr": "Ourima/Antiochia ad Euphratem/Arulis",
        "desc_tr": "Antik Kenti, Ref.: BAtlas 67 F2 Ourima/Antiochia ad Euphrates/Arulis"
      },
      "geometry": {
        "type": "Point",
        "coordinates": [
          37.86555,
          37.110367
        ]
      }
    },
    {
      "type": "Feature",
      "properties": {
        "name": "Pagrae",
        "desc": "An ancient place, cited: BAtlas 67 C4 Pagrae",
        "name_tr": "Pagrae",
        "desc_tr": "Alıntı yapılan antik bir yer: BAtlas 67 C4 Pagrae"
      },
      "geometry": {
        "type": "Point",
        "coordinates": [
          36.224864,
          36.426652
        ]
      }
    },
    {
      "type": "Feature",
      "properties": {
        "name": "Perre",
        "desc": "An ancient place, cited: BAtlas 67 G1 Perre",
        "name_tr": "Perre",
        "desc_tr": "Antik Kenti, Ref.: BAtlas 67 G1 Perre"
      },
      "geometry": {
        "type": "Point",
        "coordinates": [
          38.2865415,
          37.778243
        ]
      }
    },
    {
      "type": "Feature",
      "properties": {
        "name": "Phlaouiopolis/Flavias",
        "desc": "An ancient place, cited: BAtlas 67 C2 Phlaouiopolis/Flavias",
        "name_tr": "Phlaouiopolis/Flavias",
        "desc_tr": "Antik Kenti, Ref.: BAtlas 67 C2 Phlaouiopolis/Flavias"
      },
      "geometry": {
        "type": "Point",
        "coordinates": [
          36.1015675,
          37.3664785
        ]
      }
    },
    {
      "type": "Feature",
      "properties": {
        "name": "Platanoi/‘Pictanus’",
        "desc": "An ancient place, cited: BAtlas 67 C4 Platanoi/‘Pictanus’",
        "name_tr": "Platanoi/‘Pictanus’",
        "desc_tr": "Antik Kenti, Ref.: BAtlas 67 C4 Platanoi/'Pictanus'"
      },
      "geometry": {
        "type": "Point",
        "coordinates": [
          36.19513,
          36.488437
        ]
      }
    },
    {
      "type": "Feature",
      "properties": {
        "name": "Rhabaine",
        "desc": "An ancient place, cited: BAtlas 67 F2 Rhabaine",
        "name_tr": "Rhabaine",
        "desc_tr": "Antik Kenti, Ref.: BAtlas 67 F2 Rhabaine"
      },
      "geometry": {
        "type": "Point",
        "coordinates": [
          37.692332,
          37.427054
        ]
      }
    },
    {
      "type": "Feature",
      "properties": {
        "name": "Samosata",
        "desc": "An ancient city on the Euphrates River's West bank, established perhaps as early as the Hittite period. Its ruins, known in modern times as Samsat (Turkey), were submerged following the construction of the Atatürk Dam in the early 1990s. The modern village of Samsat was relocated and is not coincident with the ancient site.",
        "name_tr": "Samosata",
        "desc_tr": "Fırat Nehri'nin batı kıyısında, muhtemelen Hitit dönemine kadar uzanan antik bir kent. Günümüzde Samsat (Türkiye) olarak bilinen kalıntıları, 1990'ların başında Atatürk Barajı'nın inşasının ardından sular altında kalmıştır. Günümüzdeki Samsat köyü ise başka bir yere taşınmış olup, antik yerleşim alanıyla örtüşmemektedir."
      },
      "geometry": {
        "type": "Point",
        "coordinates": [
          38.530357,
          37.525756
        ]
      }
    },
    {
      "type": "Feature",
      "properties": {
        "name": "Seleukeia epi tou Zeugmatos",
        "desc": "An ancient place, cited: BAtlas 67 G2 Seleukeia epi tou Zeugmatos",
        "name_tr": "Seleukeia epi tou Zeugmatos",
        "desc_tr": "Alıntı yapılan eski bir yer: BAtlas 67 G2 Seleukeia epi tou Zeugmatos"
      },
      "geometry": {
        "type": "Point",
        "coordinates": [
          38.094502,
          37.442284
        ]
      }
    },
    {
      "type": "Feature",
      "properties": {
        "name": "Singa/Sugga",
        "desc": "An ancient place, cited: BAtlas 67 F1 Singa/Sugga",
        "name_tr": "Singa/Sugga",
        "desc_tr": "Antik Kenti, Ref.: BAtlas 67 F1 Singa/Sugga"
      },
      "geometry": {
        "type": "Point",
        "coordinates": [
          37.958342,
          37.637703
        ]
      }
    },
    {
      "type": "Feature",
      "properties": {
        "name": "*Sipha",
        "desc": "An ancient place, cited: BAtlas 67 C1 *Sipha",
        "name_tr": "*Sipha",
        "desc_tr": "Antik Kenti, Ref.: BAtlas 67 C1 *Sipha"
      },
      "geometry": {
        "type": "Point",
        "coordinates": [
          36.0519625,
          37.5504
        ]
      }
    },
    {
      "type": "Feature",
      "properties": {
        "name": "T(h)arsa",
        "desc": "An ancient place, cited: BAtlas 67 G1 T(h)arsa",
        "name_tr": "T(h)arsa",
        "desc_tr": "Eski bir yer, alıntılanan: BAtlas 67 G1 T(h)arsa"
      },
      "geometry": {
        "type": "Point",
        "coordinates": [
          38.226396,
          37.506344
        ]
      }
    },
    {
      "type": "Feature",
      "properties": {
        "name": "Tille",
        "desc": "An ancient place, cited: BAtlas 67 H1 Tille",
        "name_tr": "Tille",
        "desc_tr": "Antik Kenti, Ref.: BAtlas 67 H1 Tille"
      },
      "geometry": {
        "type": "Point",
        "coordinates": [
          38.871403,
          37.754402
        ]
      }
    },
    {
      "type": "Feature",
      "properties": {
        "name": "Trapezon",
        "desc": "An ancient place, cited: BAtlas 67 C3 Trapezon",
        "name_tr": "Trapezon",
        "desc_tr": "Antik Kenti, Ref.: BAtlas 67 C3 Trapezon"
      },
      "geometry": {
        "type": "Point",
        "coordinates": [
          36.365558,
          36.52979
        ]
      }
    },
    {
      "type": "Feature",
      "properties": {
        "name": "Tyba/Deba?",
        "desc": "An ancient place, cited: BAtlas 67 E2 Tyba/Deba?",
        "name_tr": "Tyba/Deba?",
        "desc_tr": "Antik Kenti, Ref.: BAtlas 67 E2 Tyba/Deba?"
      },
      "geometry": {
        "type": "Point",
        "coordinates": [
          37.30415,
          37.325999
        ]
      }
    },
    {
      "type": "Feature",
      "properties": {
        "name": "Ulnia",
        "desc": "An ancient place, cited: BAtlas 67 D1 Ulnia",
        "name_tr": "Ulnia",
        "desc_tr": "Antik Kenti, Ref.: BAtlas 67 D1 Ulnia"
      },
      "geometry": {
        "type": "Point",
        "coordinates": [
          36.863836,
          37.873462
        ]
      }
    },
    {
      "type": "Feature",
      "properties": {
        "name": "Zeugma",
        "desc": "An ancient settlement whose site is located in the Gaziantep province of modern Turkey, at the modern village of Belkis (a.k.a. Kavunlu). The majority of the ancient remains were covered by water in the year 2000, due to the construction of the Birecik Dam.",
        "name_tr": "Zeugma",
        "desc_tr": "Günümüzde Türkiye'nin Gaziantep ilinde, Belkıs (diğer adıyla Kavunlu) köyünde bulunan antik bir yerleşim yeri. Antik kalıntıların büyük kısmı, 2000 yılında Birecik Barajı'nın inşası nedeniyle sular altında kalmıştır."
      },
      "geometry": {
        "type": "Point",
        "coordinates": [
          37.8702201109,
          37.0577331987
        ]
      }
    },
    {
      "type": "Feature",
      "properties": {
        "name": "Erana",
        "desc": "An ancient city in Cilicia, defeated by Roman troops under Cicero's command as governor of the Roman province of Cilicia. The city's precise location is not known, but it seems to have been located on the north side of the Amanus mountain range (the modern Nur Dağları in Turkey).",
        "name_tr": "Erana",
        "desc_tr": "Kilikya'da bulunan ve Roma eyaleti Kilikya'nın valisi olarak Cicero komutasındaki Roma birlikleri tarafından ele geçirilen antik bir şehir. Şehrin kesin konumu bilinmemekle birlikte, Amanos Sıradağları'nın (bugünkü Türkiye'deki Nur Dağları) kuzey yamacında yer aldığı düşünülmektedir."
      },
      "geometry": {
        "type": "Point",
        "coordinates": [
          36.333333,
          36.75
        ]
      }
    },
    {
      "type": "Feature",
      "properties": {
        "name": "Bakla Tepe",
        "desc": "A site located on what is now an island in Tahtalı Barajı near Izmir. The site shows signs of habitation from the Chalcolithic period to the Late Bronze Age, as well as a later Romano-Byzantine settlement. The plain surrounding the site was flooded by the Tahtalı Dam in 1999.",
        "name_tr": "Bakla Tepe",
        "desc_tr": "İzmir yakınlarındaki Tahtalı Barajı'nda, günümüzde bir ada olan alanda bulunan bir alan. Alanda, Kalkolitik Çağ'dan Geç Tunç Çağı'na kadar yerleşim izleri ve daha sonraki bir Roma-Bizans yerleşimi görülmektedir. Alanı çevreleyen ova, 1999 yılında Tahtalı Barajı'nın suları altında kalmıştır."
      },
      "geometry": {
        "type": "Point",
        "coordinates": [
          27.1449868615,
          38.1647299999
        ]
      }
    },
    {
      "type": "Feature",
      "properties": {
        "name": "Alaybeyi Höyük",
        "desc": "Settlement in eastern Anatolia containing signs of habitation from the Chalcolithic age (ca. 4700 BCE) to the Iron Age (ca. 400 BCE), including a large number of remains associated with the Kura-Araxes Culture.",
        "name_tr": "Alaybeyi Höyük",
        "desc_tr": "Kalkolitik Çağ'dan (MÖ 4700 civarı) Demir Çağı'na (MÖ 400 civarı) kadar yerleşim izleri taşıyan, Kura-Aras Kültürü'ne ait çok sayıda kalıntının da bulunduğu Doğu Anadolu'daki yerleşim."
      },
      "geometry": {
        "type": "Point",
        "coordinates": [
          41.0481990145,
          40.0103330428
        ]
      }
    },
    {
      "type": "Feature",
      "properties": {
        "name": "Nabulu",
        "desc": "A town mentioned in Neo-Assyrian sources that is now identified as modern Girnavaz Höyük. Nabulu was a Late Bronze Age and an Iron Age settlement located north of Nusaybin.",
        "name_tr": "Nabulu",
        "desc_tr": "Neo-Asur kaynaklarında adı geçen ve günümüzde Girnavaz Höyük olarak bilinen bir yerleşim yeri. Nabulu, Nusaybin'in kuzeyinde yer alan Geç Tunç Çağı ve Demir Çağı yerleşim yeriydi."
      },
      "geometry": {
        "type": "Point",
        "coordinates": [
          41.2305089003,
          37.1049784409
        ]
      }
    },
    {
      "type": "Feature",
      "properties": {
        "name": "Uşaklı Höyük",
        "desc": "A Bronze and Iron Age site in Yozgat province, Turkey, tentatively identified as the Hittite town of Zippalanda (Çadır Höyük is another candidate for the location of Zippalanda).",
        "name_tr": "Uşaklı Höyük",
        "desc_tr": "Türkiye'nin Yozgat ilinde bulunan Tunç ve Demir Çağı'na ait bir yerleşim yeri, geçici olarak Zippalanda Hitit kasabası olarak tanımlanmıştır (Çadır Höyük de Zippalanda'nın yeri için bir diğer adaydır)."
      },
      "geometry": {
        "type": "Point",
        "coordinates": [
          35.0524881739,
          39.8129749696
        ]
      }
    },
    {
      "type": "Feature",
      "properties": {
        "name": "Çadır Höyük",
        "desc": "An archaeological site in Yozgat province, Turkey, tentatively identified as the Hittite town Zippalanda (Uşaklı Höyük is another candidate for the location of Zippalanda). ",
        "name_tr": "Çadır Höyük",
        "desc_tr": "Türkiye'nin Yozgat ilinde bulunan bir arkeolojik alan, geçici olarak Hitit kenti Zippalanda olarak tanımlanmıştır (Zippalanda'nın yeri için bir diğer aday da Uşaklı Höyük'tür). "
      },
      "geometry": {
        "type": "Point",
        "coordinates": [
          35.1433255502,
          39.676692853
        ]
      }
    },
    {
      "type": "Feature",
      "properties": {
        "name": "Adana/Antiochia ad Sarum",
        "desc": "An ancient place, cited: BAtlas 66 G3 Adana/Antiochia ad Sarum",
        "name_tr": "Adana/Antiochia ad Sarum",
        "desc_tr": "Antik Kenti, Ref.: BAtlas 66 G3 Adana/Antiochia ad Sarum"
      },
      "geometry": {
        "type": "Point",
        "coordinates": [
          35.3325011,
          36.9949537
        ]
      }
    },
    {
      "type": "Feature",
      "properties": {
        "name": "Adrasos",
        "desc": "An ancient place, cited: BAtlas 66 C3 Adrasos",
        "name_tr": "Adrasos",
        "desc_tr": "Antik kenti, Ref.: BAtlas 66 C3 Adrasos"
      },
      "geometry": {
        "type": "Point",
        "coordinates": [
          33.129851,
          36.655564
        ]
      }
    },
    {
      "type": "Feature",
      "properties": {
        "name": "Akkale",
        "desc": "An ancient place, cited: BAtlas 66 E3 Akkale",
        "name_tr": "Akkale",
        "desc_tr": "Antik Kenti, Ref.: BAtlas 66 E3 Akkale"
      },
      "geometry": {
        "type": "Point",
        "coordinates": [
          34.225879,
          36.535912
        ]
      }
    },
    {
      "type": "Feature",
      "properties": {
        "name": "Akkisse",
        "desc": "An ancient place, cited: BAtlas 66 A2 Akkisse",
        "name_tr": "Akkisse",
        "desc_tr": "Antik Kenti, Ref.: BAtlas 66 A2 Akkisse"
      },
      "geometry": {
        "type": "Point",
        "coordinates": [
          32.155414,
          37.354615
        ]
      }
    },
    {
      "type": "Feature",
      "properties": {
        "name": "Mersin-Yumuktepe",
        "desc": "A tell known today as \"Yumuktepe\" is located at modern Mersin in Turkey. Excavations there, beginning in the 20th century, have provided evidence for continuous and/or successive human settlement beginning in the Neolithic period. Scholars believe that the names \"Ingirâ\" (found in Akkadian sources) and \"Anchiale(ia)\" (found in Greco-Roman sources) are to be associated with the site.",
        "name_tr": "Mersin-Yumuktepe",
        "desc_tr": "Günümüzde &quot;Yumuktepe&quot; olarak bilinen bir höyük, Türkiye'nin Mersin ilinde yer almaktadır. 20. yüzyılda başlayan kazılar, Neolitik dönemden başlayarak sürekli ve/veya ardışık insan yerleşimine dair kanıtlar sağlamıştır. Bilim insanları, Akad kaynaklarında geçen &quot;Ingirâ&quot; ve Greko-Romen kaynaklarında geçen &quot;Anchiale(ia)&quot; adlarının bu alanla ilişkili olduğuna inanmaktadır."
      },
      "geometry": {
        "type": "Point",
        "coordinates": [
          34.6041416498,
          36.801262222
        ]
      }
    },
    {
      "type": "Feature",
      "properties": {
        "name": "Ano Kotradis",
        "desc": "An ancient place, cited: BAtlas 66 A3 Ano Kotradis",
        "name_tr": "Ano Kotradis",
        "desc_tr": "Antik Kenti, Ref.: BAtlas 66 A3 Ano Kotradis"
      },
      "geometry": {
        "type": "Point",
        "coordinates": [
          32.471456,
          36.530839
        ]
      }
    },
    {
      "type": "Feature",
      "properties": {
        "name": "Antiochia ad Cragum",
        "desc": "Antiochia ad Cragum is a city founded in 170 B.C.",
        "name_tr": "Antiochia ad Cragum",
        "desc_tr": "Antiochia ad Cragum, MÖ 170 yılında kurulan bir şehirdir"
      },
      "geometry": {
        "type": "Point",
        "coordinates": [
          32.42913835,
          36.15330295
        ]
      }
    },
    {
      "type": "Feature",
      "properties": {
        "name": "Aphrodisias (coastal settlement in Rough Cilicia)",
        "desc": "An ancient coastal settlement of Rough Cilicia located at the south end of the isthmus that separates the modern Ovacık peninsula from mainland Turkey.",
        "name_tr": "Aphrodisias (coastal settlement in Rough Cilicia)",
        "desc_tr": "Günümüzdeki Ovacık yarımadasını Türkiye anakarasından ayıran kıstağın güney ucunda yer alan Dağlık Kilikya'nın antik kıyı yerleşimi."
      },
      "geometry": {
        "type": "Point",
        "coordinates": [
          33.685873,
          36.157963
        ]
      }
    },
    {
      "type": "Feature",
      "properties": {
        "name": "Ardistama",
        "desc": "An ancient place, cited: BAtlas 66 D1 Ardistama",
        "name_tr": "Ardistama",
        "desc_tr": "Antik Kenti, Ref.: BAtlas 66 D1 Ardistama"
      },
      "geometry": {
        "type": "Point",
        "coordinates": [
          33.883467,
          37.93711
        ]
      }
    },
    {
      "type": "Feature",
      "properties": {
        "name": "Ariaramneia/[Rodandos]",
        "desc": "An ancient place, cited: BAtlas 66 G1 Ariaramneia/[Rodandos]",
        "name_tr": "Ariaramneia/[Rodandos]",
        "desc_tr": "Antik bir yer, alıntılanan: BAtlas 66 G1 Ariaramneia/[Rodandos]"
      },
      "geometry": {
        "type": "Point",
        "coordinates": [
          35.482917575,
          37.909324225
        ]
      }
    },
    {
      "type": "Feature",
      "properties": {
        "name": "Arima?/Krine?",
        "desc": "An ancient place, cited: BAtlas 66 E4 Arima?/Krine?",
        "name_tr": "Arima?/Krine?",
        "desc_tr": "Antik Kenti, Ref.: BAtlas 66 E4 Arima?/Krine?"
      },
      "geometry": {
        "type": "Point",
        "coordinates": [
          34.114347,
          36.441276
        ]
      }
    },
    {
      "type": "Feature",
      "properties": {
        "name": "Arsinoe",
        "desc": "An ancient place, cited: BAtlas 66 C4 Arsinoe",
        "name_tr": "Arsinoe",
        "desc_tr": "Antik Kenti, Ref.: BAtlas 66 C4 Arsinoe"
      },
      "geometry": {
        "type": "Point",
        "coordinates": [
          33.031246,
          36.0946973333
        ]
      }
    },
    {
      "type": "Feature",
      "properties": {
        "name": "Artanada",
        "desc": "An ancient place, cited: BAtlas 66 B2 Artanada",
        "name_tr": "Artanada",
        "desc_tr": "Antik Kenti, Ref.: BAtlas 66 B2 Artanada"
      },
      "geometry": {
        "type": "Point",
        "coordinates": [
          32.718248,
          37.018085
        ]
      }
    },
    {
      "type": "Feature",
      "properties": {
        "name": "Aspenzinsos",
        "desc": "An ancient place, cited: BAtlas 66 E1 Aspenzinsos",
        "name_tr": "Aspenzinsos",
        "desc_tr": "Antik Kenti, Ref.: BAtlas 66 E1 Aspenzinsos"
      },
      "geometry": {
        "type": "Point",
        "coordinates": [
          34.453369,
          37.998563
        ]
      }
    },
    {
      "type": "Feature",
      "properties": {
        "name": "*Astra",
        "desc": "An ancient place, cited: BAtlas 66 A2 *Astra",
        "name_tr": "*Astra",
        "desc_tr": "Antik Kenti, Ref.: BAtlas 66 A2 *Astra"
      },
      "geometry": {
        "type": "Point",
        "coordinates": [
          32.422507,
          37.023637
        ]
      }
    },
    {
      "type": "Feature",
      "properties": {
        "name": "Augusta/Augustopolis/[Thebae]?",
        "desc": "An ancient place, cited: BAtlas 66 G2 Augusta/Augustopolis/[Thebae]?",
        "name_tr": "Augusta/Augustopolis/[Thebae]?",
        "desc_tr": "Antik Kenti, Ref.: BAtlas 66 G2 Augusta/Augustopolis/[Thebes]?"
      },
      "geometry": {
        "type": "Point",
        "coordinates": [
          35.344087,
          37.245212
        ]
      }
    },
    {
      "type": "Feature",
      "properties": {
        "name": "Aydoğmuş",
        "desc": "An ancient place, cited: BAtlas 66 B2 Aydoğmuş",
        "name_tr": "Aydoğmuş",
        "desc_tr": "Antik Kenti, Ref.: BAtlas 66 B2 Aydoğmuş"
      },
      "geometry": {
        "type": "Point",
        "coordinates": [
          32.668658,
          37.318546
        ]
      }
    },
    {
      "type": "Feature",
      "properties": {
        "name": "Barata",
        "desc": "An ancient place, cited: BAtlas 66 C1 Barata",
        "name_tr": "Barata",
        "desc_tr": "Antik Kenti, Ref.: BAtlas 66 C1 Barata"
      },
      "geometry": {
        "type": "Point",
        "coordinates": [
          33.1088365,
          37.442747
        ]
      }
    },
    {
      "type": "Feature",
      "properties": {
        "name": "Belören",
        "desc": "An ancient place, cited: BAtlas 66 B2 Belören",
        "name_tr": "Belören",
        "desc_tr": "Antik Kenti, Ref.: BAtlas 66 B2 Belören"
      },
      "geometry": {
        "type": "Point",
        "coordinates": [
          32.575502,
          37.181492
        ]
      }
    },
    {
      "type": "Feature",
      "properties": {
        "name": "Canbazlı",
        "desc": "An ancient place, cited: BAtlas 66 E3 Canbazlı",
        "name_tr": "Canbazlı",
        "desc_tr": "Antik Kenti, Ref.: BAtlas 66 E3 Canbazlı"
      },
      "geometry": {
        "type": "Point",
        "coordinates": [
          34.03236,
          36.579984
        ]
      }
    },
    {
      "type": "Feature",
      "properties": {
        "name": "Charadros",
        "desc": "An ancient place, cited: BAtlas 66 B4 Charadros",
        "name_tr": "Charadros",
        "desc_tr": "Antik Kenti, Ref.: BAtlas 66 B4 Charadros"
      },
      "geometry": {
        "type": "Point",
        "coordinates": [
          32.566075,
          36.106597
        ]
      }
    },
    {
      "type": "Feature",
      "properties": {
        "name": "Col. Faustinopolis/Halala",
        "desc": "An ancient place, cited: BAtlas 66 F1 Col. Faustinopolis/Halala",
        "name_tr": "Col. Faustinopolis/Halala",
        "desc_tr": "Antik Kenti, Ref.: BAtlas 66 F1 Albay Faustinopolis/Halala"
      },
      "geometry": {
        "type": "Point",
        "coordinates": [
          34.723587,
          37.659399
        ]
      }
    },
    {
      "type": "Feature",
      "properties": {
        "name": "Corycium Antrum",
        "desc": "An ancient place, cited: BAtlas 66 E4 Corycium Antrum",
        "name_tr": "Corycium Antrum",
        "desc_tr": "Antik Kenti, Ref.: BAtlas 66 E4 Corycium Antrum"
      },
      "geometry": {
        "type": "Point",
        "coordinates": [
          34.098919,
          36.461276
        ]
      }
    },
    {
      "type": "Feature",
      "properties": {
        "name": "Corycus",
        "desc": "Corycus was an ancient city in Cilicia Trachaea.",
        "name_tr": "Corycus",
        "desc_tr": "Korykos, Kilikya Trakya'sında bulunan antik bir kentti."
      },
      "geometry": {
        "type": "Point",
        "coordinates": [
          34.154167,
          36.465278
        ]
      }
    },
    {
      "type": "Feature",
      "properties": {
        "name": "Cybistra",
        "desc": "An ancient place, cited: BAtlas 66 E1 Cybistra",
        "name_tr": "Cybistra",
        "desc_tr": "Antik Kenti, Ref.: BAtlas 66 E1 Cybistra"
      },
      "geometry": {
        "type": "Point",
        "coordinates": [
          34.1527925,
          37.589731
        ]
      }
    },
    {
      "type": "Feature",
      "properties": {
        "name": "Dağören",
        "desc": "An ancient place, cited: BAtlas 66 D1 Dağören",
        "name_tr": "Dağören",
        "desc_tr": "Antik Kenti, Ref.: BAtlas 66 D1 Dağören"
      },
      "geometry": {
        "type": "Point",
        "coordinates": [
          33.823713,
          37.768933
        ]
      }
    },
    {
      "type": "Feature",
      "properties": {
        "name": "Dağpazarı",
        "desc": "An ancient place, cited: BAtlas 66 C3 Dağpazarı",
        "name_tr": "Dağpazarı",
        "desc_tr": "Antik Kenti, Ref.: BAtlas 66 C3 Dağpazarı"
      },
      "geometry": {
        "type": "Point",
        "coordinates": [
          33.468118,
          36.829427
        ]
      }
    },
    {
      "type": "Feature",
      "properties": {
        "name": "Derbe/Claudioderbe",
        "desc": "An ancient place, cited: BAtlas 66 C2 Derbe/Claudioderbe",
        "name_tr": "Derbe/Claudioderbe",
        "desc_tr": "Antik Kenti, Ref.: BAtlas 66 C2 Derbe/Claudioderbe"
      },
      "geometry": {
        "type": "Point",
        "coordinates": [
          33.361778847,
          37.3492074605
        ]
      }
    },
    {
      "type": "Feature",
      "properties": {
        "name": "Diocaesarea",
        "desc": "An ancient place, cited: BAtlas 66 D3 Diocaesarea",
        "name_tr": "Diocaesarea",
        "desc_tr": "Alıntılanan eski bir yer: BAtlas 66 D3 Diocaesarea"
      },
      "geometry": {
        "type": "Point",
        "coordinates": [
          33.9260585,
          36.5827175
        ]
      }
    },
    {
      "type": "Feature",
      "properties": {
        "name": "Dometiopolis",
        "desc": "An ancient place, cited: BAtlas 66 B3 Dometiopolis",
        "name_tr": "Dometiopolis",
        "desc_tr": "Antik Kenti, Ref.: BAtlas 66 B3 Dometiopolis"
      },
      "geometry": {
        "type": "Point",
        "coordinates": [
          32.753914,
          36.7508845
        ]
      }
    },
    {
      "type": "Feature",
      "properties": {
        "name": "Eirenopolis",
        "desc": "An ancient place, cited: BAtlas 66 B4 Eirenopolis",
        "name_tr": "Eirenopolis",
        "desc_tr": "Antik Kenti, Ref.: BAtlas 66 B4 Eirenopolis"
      },
      "geometry": {
        "type": "Point",
        "coordinates": [
          32.8995325,
          36.481117
        ]
      }
    },
    {
      "type": "Feature",
      "properties": {
        "name": "Elaioussa/Sebaste",
        "desc": "Elaioussa/Sebaste was an ancient Roman city in Asia Minor founded in the second century BCE.",
        "name_tr": "Elaioussa/Sebaste",
        "desc_tr": "Elaioussa/Sebaste, MÖ 2. yüzyılda Küçük Asya'da kurulmuş antik bir Roma kentiydi."
      },
      "geometry": {
        "type": "Point",
        "coordinates": [
          34.1744134408,
          36.4821815357
        ]
      }
    },
    {
      "type": "Feature",
      "properties": {
        "name": "Emirzeli",
        "desc": "An ancient place, cited: BAtlas 66 E3 Emirzeli",
        "name_tr": "Emirzeli",
        "desc_tr": "Antik Kenti, Ref.: BAtlas 66 E3 Emirzeli"
      },
      "geometry": {
        "type": "Point",
        "coordinates": [
          34.10202,
          36.543057
        ]
      }
    },
    {
      "type": "Feature",
      "properties": {
        "name": "Eski Saray",
        "desc": "An ancient place, cited: BAtlas 66 A2 Eski Saray",
        "name_tr": "Eski Saray",
        "desc_tr": "Antik Kenti, Ref.: BAtlas 66 A2 Eski Saray"
      },
      "geometry": {
        "type": "Point",
        "coordinates": [
          32.105493,
          37.295085
        ]
      }
    },
    {
      "type": "Feature",
      "properties": {
        "name": "Germanicopolis/Clibanus?",
        "desc": "An ancient place, cited: BAtlas 66 B3 Germanicopolis/Clibanus?",
        "name_tr": "Germanicopolis/Clibanus?",
        "desc_tr": "Antik Kenti, Ref.: BAtlas 66 B3 Germanicopolis/Clibanus?"
      },
      "geometry": {
        "type": "Point",
        "coordinates": [
          32.9004615,
          36.6346935
        ]
      }
    },
    {
      "type": "Feature",
      "properties": {
        "name": "Gölören",
        "desc": "An ancient place, cited: BAtlas 66 D1 Gölören",
        "name_tr": "Gölören",
        "desc_tr": "Antik Kenti, Ref.: BAtlas 66 D1 Gölören"
      },
      "geometry": {
        "type": "Point",
        "coordinates": [
          33.871471,
          37.830151
        ]
      }
    },
    {
      "type": "Feature",
      "properties": {
        "name": "[Herakleia]",
        "desc": "An ancient place, cited: BAtlas 66 E2 [Herakleia]",
        "name_tr": "[Herakleia]",
        "desc_tr": "Antik Kenti, Ref.: BAtlas 66 E2 [Herakleia]"
      },
      "geometry": {
        "type": "Point",
        "coordinates": [
          34.22147,
          37.48001
        ]
      }
    },
    {
      "type": "Feature",
      "properties": {
        "name": "Holmoi/Hermia?",
        "desc": "An ancient place, cited: BAtlas 66 D4 Holmoi/Hermia?",
        "name_tr": "Holmoi/Hermia?",
        "desc_tr": "Antik Kenti, Ref.: BAtlas 66 D4 Holmoi/Hermia?"
      },
      "geometry": {
        "type": "Point",
        "coordinates": [
          33.8805755,
          36.3203745
        ]
      }
    },
    {
      "type": "Feature",
      "properties": {
        "name": "Hyde?",
        "desc": "An ancient place, cited: BAtlas 66 D2 Hyde?",
        "name_tr": "Hyde?",
        "desc_tr": "Antik Kenti, Ref.: BAtlas 66 D2 Hyde?"
      },
      "geometry": {
        "type": "Point",
        "coordinates": [
          33.517464,
          37.440842
        ]
      }
    },
    {
      "type": "Feature",
      "properties": {
        "name": "Iconium/Claudiconium",
        "desc": "Iconium/Claudiconium (modern Konya) was an important city in Lycaonia that later became part of the Roman province of Galatia.",
        "name_tr": "Iconium/Claudiconium",
        "desc_tr": "İkonium/Claudiconium (bugünkü Konya), Likaonya'nın önemli bir şehriydi ve daha sonra Roma'nın Galatya eyaletinin bir parçası oldu."
      },
      "geometry": {
        "type": "Point",
        "coordinates": [
          32.4922950123,
          37.8724559041
        ]
      }
    },
    {
      "type": "Feature",
      "properties": {
        "name": "Ilistra",
        "desc": "An ancient place, cited: BAtlas 66 C2 Ilistra",
        "name_tr": "Ilistra",
        "desc_tr": "Antik Kenti, Ref.: BAtlas 66 C2 Ilistra"
      },
      "geometry": {
        "type": "Point",
        "coordinates": [
          33.0271738207,
          37.1979251955
        ]
      }
    },
    {
      "type": "Feature",
      "properties": {
        "name": "*Imbrioga",
        "desc": "An ancient place, cited: BAtlas 66 D4 *Imbrioga",
        "name_tr": "*Imbrioga",
        "desc_tr": "Antik kenti, Ref.: BAtlas 66 D4 *Imbrioga"
      },
      "geometry": {
        "type": "Point",
        "coordinates": [
          33.948239,
          36.454975
        ]
      }
    },
    {
      "type": "Feature",
      "properties": {
        "name": "Isaura (Nova)/Leontopolis",
        "desc": "An ancient settlement, modern Zengibar Kalesi in Turkey.",
        "name_tr": "Isaura (Nova)/Leontopolis",
        "desc_tr": "An ancient settlement, modern Zengibar Kalesi in Turkey."
      },
      "geometry": {
        "type": "Point",
        "coordinates": [
          32.3535445983,
          37.1903530979
        ]
      }
    },
    {
      "type": "Feature",
      "properties": {
        "name": "Isaura Vetus/Isauropolis?",
        "desc": "An ancient settlement, modern Bozkır in Turkey.",
        "name_tr": "Isaura Vetus/Isauropolis?",
        "desc_tr": "An ancient settlement, modern Bozkır in Turkey."
      },
      "geometry": {
        "type": "Point",
        "coordinates": [
          32.24503,
          37.190126
        ]
      }
    },
    {
      "type": "Feature",
      "properties": {
        "name": "Iuliosebaste/Heliosebaste?",
        "desc": "An ancient place, cited: BAtlas 66 A4 Iuliosebaste/Heliosebaste?",
        "name_tr": "Iuliosebaste/Heliosebaste?",
        "desc_tr": "Antik Kenti, Ref.: BAtlas 66 A4 Iuliosebaste/Heliosebaste?"
      },
      "geometry": {
        "type": "Point",
        "coordinates": [
          32.41035,
          36.189979
        ]
      }
    },
    {
      "type": "Feature",
      "properties": {
        "name": "Kalanthia",
        "desc": "An ancient place, cited: BAtlas 66 E3 Kalanthia",
        "name_tr": "Kalanthia",
        "desc_tr": "Antik Kenti, Ref.: BAtlas 66 E3 Kalanthia"
      },
      "geometry": {
        "type": "Point",
        "coordinates": [
          34.305103,
          36.607498
        ]
      }
    },
    {
      "type": "Feature",
      "properties": {
        "name": "Kan(n)a",
        "desc": "An ancient place, cited: BAtlas 66 C1 Kan(n)a",
        "name_tr": "Kan(n)a",
        "desc_tr": "Antik Kenti, Ref.: BAtlas 66 C1 Kan(n)a"
      },
      "geometry": {
        "type": "Point",
        "coordinates": [
          33.197508,
          37.899116
        ]
      }
    },
    {
      "type": "Feature",
      "properties": {
        "name": "*Kanytelis",
        "desc": "An ancient place, cited: BAtlas 66 E3 *Kanytelis",
        "name_tr": "*Kanytelis",
        "desc_tr": "Antik Kenti, Ref.: BAtlas 66 E3 *Kanytelis"
      },
      "geometry": {
        "type": "Point",
        "coordinates": [
          34.1787370763,
          36.525509121
        ]
      }
    },
    {
      "type": "Feature",
      "properties": {
        "name": "Kaystros/Kestros",
        "desc": "An ancient place, cited: BAtlas 66 A4 Kaystros/Kestros",
        "name_tr": "Kaystros/Kestros",
        "desc_tr": "Antik Kenti, Ref.: BAtlas 66 A4 Kaystros/Kestros"
      },
      "geometry": {
        "type": "Point",
        "coordinates": [
          32.3369353333,
          36.2276083333
        ]
      }
    },
    {
      "type": "Feature",
      "properties": {
        "name": "Kesmez",
        "desc": "An ancient place, cited: BAtlas 66 D1 Kesmez",
        "name_tr": "Kesmez",
        "desc_tr": "Antik Kenti, Ref.: BAtlas 66 D1 Kesmez"
      },
      "geometry": {
        "type": "Point",
        "coordinates": [
          33.754425,
          37.701823
        ]
      }
    },
    {
      "type": "Feature",
      "properties": {
        "name": "Kilistra",
        "desc": "An ancient place, cited: BAtlas 66 A1 Kilistra",
        "name_tr": "Kilistra",
        "desc_tr": "Antik Kenti, Ref.: BAtlas 66 A1 Kilistra"
      },
      "geometry": {
        "type": "Point",
        "coordinates": [
          32.21476,
          37.6591503333
        ]
      }
    },
    {
      "type": "Feature",
      "properties": {
        "name": "Kiphisos",
        "desc": "An ancient place, cited: BAtlas 66 D4 Kiphisos",
        "name_tr": "Kiphisos",
        "desc_tr": "Antik Kenti, Ref.: BAtlas 66 D4 Kiphisos"
      },
      "geometry": {
        "type": "Point",
        "coordinates": [
          33.657386,
          36.191148
        ]
      }
    },
    {
      "type": "Feature",
      "properties": {
        "name": "Kodylessos",
        "desc": "An ancient place, cited: BAtlas 66 B2 Kodylessos",
        "name_tr": "Kodylessos",
        "desc_tr": "Antik Kenti, Ref.: BAtlas 66 B2 Kodylessos"
      },
      "geometry": {
        "type": "Point",
        "coordinates": [
          32.7646705,
          37.269914
        ]
      }
    },
    {
      "type": "Feature",
      "properties": {
        "name": "Korasion/Kalon Korakesion",
        "desc": "An ancient place, cited: BAtlas 66 E4 Korasion/Kalon Korakesion",
        "name_tr": "Korasion/Kalon Korakesion",
        "desc_tr": "Antik Kenti, Ref.: BAtlas 66 E4 Coration/Heart Coration"
      },
      "geometry": {
        "type": "Point",
        "coordinates": [
          34.0886905,
          36.4210275
        ]
      }
    },
    {
      "type": "Feature",
      "properties": {
        "name": "Korna?",
        "desc": "An ancient place, cited: BAtlas 66 A1 Korna?",
        "name_tr": "Korna?",
        "desc_tr": "Antik Kenti, Ref.: BAtlas 66 A1 Korna?"
      },
      "geometry": {
        "type": "Point",
        "coordinates": [
          32.467014,
          37.489139
        ]
      }
    },
    {
      "type": "Feature",
      "properties": {
        "name": "Laertes",
        "desc": "An ancient place, cited: BAtlas 66 A3 Laertes",
        "name_tr": "Laertes",
        "desc_tr": "Antik Kenti, Ref.: BAtlas 66 A3 Laertes"
      },
      "geometry": {
        "type": "Point",
        "coordinates": [
          32.165512,
          36.51049
        ]
      }
    },
    {
      "type": "Feature",
      "properties": {
        "name": "Lamatorma",
        "desc": "An ancient place, cited: BAtlas 66 C3 Lamatorma",
        "name_tr": "Lamatorma",
        "desc_tr": "Antik Kenti, Ref.: BAtlas 66 C3 Lamatorma"
      },
      "geometry": {
        "type": "Point",
        "coordinates": [
          33.0162235,
          36.734871
        ]
      }
    },
    {
      "type": "Feature",
      "properties": {
        "name": "Lamos",
        "desc": "An ancient place, cited: BAtlas 66 A4 Lamos",
        "name_tr": "Lamos",
        "desc_tr": "Antik Kenti, Ref.: BAtlas 66 A4 Lamos"
      },
      "geometry": {
        "type": "Point",
        "coordinates": [
          32.455419,
          36.228448
        ]
      }
    },
    {
      "type": "Feature",
      "properties": {
        "name": "Lamos",
        "desc": "An ancient place, cited: BAtlas 66 E3 Lamos",
        "name_tr": "Lamos",
        "desc_tr": "Antik Kenti, Ref.: BAtlas 66 E3 Lamos"
      },
      "geometry": {
        "type": "Point",
        "coordinates": [
          34.239919,
          36.557007
        ]
      }
    },
    {
      "type": "Feature",
      "properties": {
        "name": "Laranda",
        "desc": "An ancient place, cited: BAtlas 66 C2 Laranda",
        "name_tr": "Laranda",
        "desc_tr": "Antik Kenti, Ref.: BAtlas 66 C2 Laranda"
      },
      "geometry": {
        "type": "Point",
        "coordinates": [
          33.221586,
          37.1784506667
        ]
      }
    },
    {
      "type": "Feature",
      "properties": {
        "name": "*Laroumada",
        "desc": "An ancient place, cited: BAtlas 66 B2 *Laroumada",
        "name_tr": "*Laroumada",
        "desc_tr": "Antik Kenti, Ref.: BAtlas 66 B2 *Laroumada"
      },
      "geometry": {
        "type": "Point",
        "coordinates": [
          32.663867,
          37.061961
        ]
      }
    },
    {
      "type": "Feature",
      "properties": {
        "name": "Lauzadeai",
        "desc": "An ancient place, cited: BAtlas 66 B3 Lauzadeai",
        "name_tr": "Lauzadeai",
        "desc_tr": "Antik Kenti, Ref.: BAtlas 66 B3 Lauzadeai"
      },
      "geometry": {
        "type": "Point",
        "coordinates": [
          32.6977875,
          36.7524565
        ]
      }
    },
    {
      "type": "Feature",
      "properties": {
        "name": "Lystra/Col. Iulia Felix Gemina",
        "desc": "An ancient place, cited: BAtlas 66 A1 Lystra/Col. Iulia Felix Gemina",
        "name_tr": "Lystra/Col. Iulia Felix Gemina",
        "desc_tr": "Antik Kenti, Ref.: BAtlas 66 A1 Lystra/Col. Iulia Felix Gemina"
      },
      "geometry": {
        "type": "Point",
        "coordinates": [
          32.3444725,
          37.588278
        ]
      }
    },
    {
      "type": "Feature",
      "properties": {
        "name": "Magarsa/Antiochia ad Pyramum",
        "desc": "Magarsa was a settlement in eastern Cilicia, located on the Karataş Peninsula near the mouth of the river Pyramus. In the Hellenistic period, it was re-founded as Antiochia ad Pyramum.",
        "name_tr": "Magarsa/Antiochia ad Pyramum",
        "desc_tr": "Magarsa, Doğu Kilikya'da, Pyramos Nehri'nin ağzına yakın Karataş Yarımadası'nda bulunan bir yerleşim yeridir. Helenistik dönemde Antioch ad Pyramum adıyla yeniden kurulmuştur."
      },
      "geometry": {
        "type": "Point",
        "coordinates": [
          35.3455155,
          36.5449515
        ]
      }
    },
    {
      "type": "Feature",
      "properties": {
        "name": "Mallos/Antiochia ad Pyramum",
        "desc": "Mallos/Antiochia ad Pyramum was an ancient coastal city of Cilicia.",
        "name_tr": "Mallos/Antiochia ad Pyramum",
        "desc_tr": "Mallos/Antiochia ad Pyramus, Kilikya'nın antik bir kıyı kentiydi."
      },
      "geometry": {
        "type": "Point",
        "coordinates": [
          35.4852,
          36.756188
        ]
      }
    },
    {
      "type": "Feature",
      "properties": {
        "name": "Ma(m)psoukrenai",
        "desc": "A place located in the eastern part of Cilicia on the river Cydnus.",
        "name_tr": "Ma(m)psoukrenai",
        "desc_tr": "Kilikya'nın doğu kesiminde, Cydnos Nehri kıyısında yer alan bir yer."
      },
      "geometry": {
        "type": "Point",
        "coordinates": [
          34.8965119,
          37.0803908
        ]
      }
    },
    {
      "type": "Feature",
      "properties": {
        "name": "Marassa",
        "desc": "An ancient place, cited: BAtlas 66 A4 Marassa",
        "name_tr": "Marassa",
        "desc_tr": "Antik Kenti, Ref.: BAtlas 66 A4 Marassa"
      },
      "geometry": {
        "type": "Point",
        "coordinates": [
          32.215043,
          36.4211545
        ]
      }
    },
    {
      "type": "Feature",
      "properties": {
        "name": "Meloe?",
        "desc": "An ancient place, cited: BAtlas 66 C3 Meloe?",
        "name_tr": "Meloe?",
        "desc_tr": "Antik Kenti, Ref.: BAtlas 66 C3 Meloe?"
      },
      "geometry": {
        "type": "Point",
        "coordinates": [
          33.349677,
          36.759213
        ]
      }
    },
    {
      "type": "Feature",
      "properties": {
        "name": "*Meriana",
        "desc": "An ancient place, cited: BAtlas 66 C3 *Meriana",
        "name_tr": "*Meriana",
        "desc_tr": "Antik Kenti, Ref.: BAtlas 66 C3 *Meriana"
      },
      "geometry": {
        "type": "Point",
        "coordinates": [
          33.211044,
          36.748474
        ]
      }
    },
    {
      "type": "Feature",
      "properties": {
        "name": "Meydan Kalesi",
        "desc": "An ancient place, cited: BAtlas 66 D4 Meydan Kalesi",
        "name_tr": "Meydan Kalesi",
        "desc_tr": "An ancient place, cited: BAtlas 66 D4 Meydan Kalesi"
      },
      "geometry": {
        "type": "Point",
        "coordinates": [
          33.9524423766,
          36.453025741
        ]
      }
    },
    {
      "type": "Feature",
      "properties": {
        "name": "Meydancıkkale/Kiršu",
        "desc": "An ancient fortified complex located on a natural outcropping of the Taurus mountains near the modern village of Tırnak in the Gülnar district of Turkey's Mersin Province. Identified as KRS (Kirsi/Kirshu) in neo-Babylonian chronicles, the site continued to be occupied and used into the Hellenistic period when it was destroyed and abandoned around 235 BCE. There is some evidence for reuse of the site in the Byzantine period.",
        "name_tr": "Meydancıkkale/Kiršu",
        "desc_tr": "Türkiye'nin Mersin ili, Gülnar ilçesine bağlı Tırnak köyü yakınlarındaki Toros Dağları'nın doğal bir çıkıntısında yer alan antik bir sur kompleksi. Neo-Babil kayıtlarında KRS (Kirsi/Kirşu) olarak tanımlanan alan, Helenistik dönemde de yerleşim ve kullanım görmeye devam etmiş, ardından MÖ 235 civarında yıkılıp terk edilmiştir. Bizans döneminde de alanın yeniden kullanıldığına dair bazı kanıtlar mevcuttur."
      },
      "geometry": {
        "type": "Point",
        "coordinates": [
          33.4410934,
          36.2733421
        ]
      }
    },
    {
      "type": "Feature",
      "properties": {
        "name": "*Mourisa",
        "desc": "An ancient place, cited: BAtlas 66 A2 *Mourisa",
        "name_tr": "*Mourisa",
        "desc_tr": "Antik Kenti, Ref.: BAtlas 66 A2 *Mourisa"
      },
      "geometry": {
        "type": "Point",
        "coordinates": [
          32.375673,
          37.436126
        ]
      }
    },
    {
      "type": "Feature",
      "properties": {
        "name": "Mousba(n)da",
        "desc": "An ancient place, cited: BAtlas 66 B3 Mousba(n)da",
        "name_tr": "Mousba(n)da",
        "desc_tr": "Alıntı yapılan antik bir yer: BAtlas 66 B3 Mousba(n)da"
      },
      "geometry": {
        "type": "Point",
        "coordinates": [
          32.564022,
          36.540522
        ]
      }
    },
    {
      "type": "Feature",
      "properties": {
        "name": "Mylai",
        "desc": "An ancient settlement, known today simply as \"Manastır\". It is located to the southwest of Taşucu in Turkey.",
        "name_tr": "Mylai",
        "desc_tr": "Günümüzde sadece &quot;Manastır&quot; olarak bilinen antik bir yerleşim yeri. Türkiye'nin Taşucu ilçesinin güneybatısında yer almaktadır."
      },
      "geometry": {
        "type": "Point",
        "coordinates": [
          33.8520148,
          36.3051751
        ]
      }
    },
    {
      "type": "Feature",
      "properties": {
        "name": "Myous?/Myanda?",
        "desc": "An ancient place, cited: BAtlas 66 C4 Myous?/Myanda?",
        "name_tr": "Myous?/Myanda?",
        "desc_tr": "Antik kenti, Ref.: BAtlas 66 C4 Myous?/Myanda?"
      },
      "geometry": {
        "type": "Point",
        "coordinates": [
          33.291762,
          36.137152
        ]
      }
    },
    {
      "type": "Feature",
      "properties": {
        "name": "Nagidos",
        "desc": "An ancient place, cited: BAtlas 66 B4 Nagidos",
        "name_tr": "Nagidos",
        "desc_tr": "Alıntılanan eski bir yer: BAtlas 66 B4 Nagidos"
      },
      "geometry": {
        "type": "Point",
        "coordinates": [
          32.976596,
          36.1008255
        ]
      }
    },
    {
      "type": "Feature",
      "properties": {
        "name": "Nauloi?",
        "desc": "An ancient place, cited: BAtlas 66 A4 Nauloi?",
        "name_tr": "Nauloi?",
        "desc_tr": "Antik Kenti, Ref.: BAtlas 66 A4 Nauloi?"
      },
      "geometry": {
        "type": "Point",
        "coordinates": [
          32.1254423333,
          36.459994
        ]
      }
    },
    {
      "type": "Feature",
      "properties": {
        "name": "Ninica/Col. Iulia Augusta Felix/Claudiopolis",
        "desc": "An ancient place, cited: BAtlas 66 C3 Ninica/Col. Iulia Augusta Felix/Claudiopolis",
        "name_tr": "Ninica/Col. Iulia Augusta Felix/Claudiopolis",
        "desc_tr": "Antik Kenti, Ref.: BAtlas 66 C3 Ninica/Col. Iulia Augusta Felix/Claudiopolis"
      },
      "geometry": {
        "type": "Point",
        "coordinates": [
          33.4394033333,
          36.6425243333
        ]
      }
    },
    {
      "type": "Feature",
      "properties": {
        "name": "Olba",
        "desc": "An ancient place, cited: BAtlas 66 D3 Olba",
        "name_tr": "Olba",
        "desc_tr": "Antik Kenti, Ref.: BAtlas 66 D3 Olba"
      },
      "geometry": {
        "type": "Point",
        "coordinates": [
          33.969124,
          36.584382
        ]
      }
    },
    {
      "type": "Feature",
      "properties": {
        "name": "*Olosada",
        "desc": "An ancient place, cited: BAtlas 66 B3 *Olosada",
        "name_tr": "*Olosada",
        "desc_tr": "Antik kenti, Ref.: BAtlas 66 B3 *Olosada"
      },
      "geometry": {
        "type": "Point",
        "coordinates": [
          32.589417,
          36.891587
        ]
      }
    },
    {
      "type": "Feature",
      "properties": {
        "name": "*Otanada",
        "desc": "An ancient place, cited: BAtlas 66 D3 *Otanada",
        "name_tr": "*Otanada",
        "desc_tr": "Antik Kenti, Ref.: BAtlas 66 D3 *Otanada"
      },
      "geometry": {
        "type": "Point",
        "coordinates": [
          33.91155,
          36.673397
        ]
      }
    },
    {
      "type": "Feature",
      "properties": {
        "name": "Papirion/Papiriou Castellum/Cherreos Eryma",
        "desc": "An ancient place, cited: BAtlas 66 B3 Papirion/Papiriou Castellum/Cherreos Eryma",
        "name_tr": "Papirion/Papiriou Castellum/Cherreos Eryma",
        "desc_tr": "66 B3 Papirüs/Papyriou Castellum/Cherreos Eryma"
      },
      "geometry": {
        "type": "Point",
        "coordinates": [
          32.840915,
          36.9189005
        ]
      }
    },
    {
      "type": "Feature",
      "properties": {
        "name": "Pharax",
        "desc": "An ancient place, cited: BAtlas 66 B3 Pharax",
        "name_tr": "Pharax",
        "desc_tr": "Antik Kenti, Ref.: BAtlas 66 B3 Pharax"
      },
      "geometry": {
        "type": "Point",
        "coordinates": [
          32.624187,
          36.631602
        ]
      }
    },
    {
      "type": "Feature",
      "properties": {
        "name": "Philadelpheia?",
        "desc": "An ancient place, cited: BAtlas 66 C3 Philadelpheia?",
        "name_tr": "Philadelpheia?",
        "desc_tr": "Antik Kenti, Ref.: BAtlas 66 C3 Philadelpheia?"
      },
      "geometry": {
        "type": "Point",
        "coordinates": [
          33.0250915,
          36.622766
        ]
      }
    },
    {
      "type": "Feature",
      "properties": {
        "name": "Pisourgia",
        "desc": "An ancient place, cited: BAtlas 66 C4 Pisourgia",
        "name_tr": "Pisourgia",
        "desc_tr": "Antik Kenti, Ref.: BAtlas 66 C4 Pisourgia"
      },
      "geometry": {
        "type": "Point",
        "coordinates": [
          33.467613,
          36.164142
        ]
      }
    },
    {
      "type": "Feature",
      "properties": {
        "name": "Platanous",
        "desc": "An ancient place, cited: BAtlas 66 B4 Platanous",
        "name_tr": "Platanous",
        "desc_tr": "Antik Kenti, Ref.: BAtlas 66 B4 Platanous"
      },
      "geometry": {
        "type": "Point",
        "coordinates": [
          32.69032,
          36.056338
        ]
      }
    },
    {
      "type": "Feature",
      "properties": {
        "name": "Podandus",
        "desc": "An ancient place, cited: BAtlas 66 F2 Podandus",
        "name_tr": "Podandus",
        "desc_tr": "Antik Kenti, Ref.: BAtlas 66 F2 Podandus"
      },
      "geometry": {
        "type": "Point",
        "coordinates": [
          34.891173,
          37.425804
        ]
      }
    },
    {
      "type": "Feature",
      "properties": {
        "name": "Posala",
        "desc": "An ancient place, cited: BAtlas 66 B2 Posala",
        "name_tr": "Posala",
        "desc_tr": "Antik Kenti, Ref.: BAtlas 66 B2 Posala"
      },
      "geometry": {
        "type": "Point",
        "coordinates": [
          32.877545,
          37.251463
        ]
      }
    },
    {
      "type": "Feature",
      "properties": {
        "name": "Pseudokorasion?",
        "desc": "An ancient place, cited: BAtlas 66 E4 Pseudokorasion?",
        "name_tr": "Pseudokorasion?",
        "desc_tr": "Antik Kenti, Ref.: BAtlas 66 E4 Pseudokorasion?"
      },
      "geometry": {
        "type": "Point",
        "coordinates": [
          34.072095,
          36.388943
        ]
      }
    },
    {
      "type": "Feature",
      "properties": {
        "name": "Pyrgoi",
        "desc": "An ancient place, cited: BAtlas 66 B2 Pyrgoi",
        "name_tr": "Pyrgoi",
        "desc_tr": "Antik Kenti, Ref.: BAtlas 66 B2 Pyrgoi"
      },
      "geometry": {
        "type": "Point",
        "coordinates": [
          32.957135,
          37.227855
        ]
      }
    },
    {
      "type": "Feature",
      "properties": {
        "name": "Rousoumblada/Zen(on)opolis?",
        "desc": "An ancient place, cited: BAtlas 66 B3 Rousoumblada/Zen(on)opolis?",
        "name_tr": "Rousoumblada/Zen(on)opolis?",
        "desc_tr": "Antik Kenti, Ref.: BAtlas 66 B3 Rousoumblada/Zen(on)opolis?"
      },
      "geometry": {
        "type": "Point",
        "coordinates": [
          32.7037355,
          36.6789905
        ]
      }
    },
    {
      "type": "Feature",
      "properties": {
        "name": "Salarama",
        "desc": "An ancient place, cited: BAtlas 66 B1 Salarama",
        "name_tr": "Salarama",
        "desc_tr": "Antik Kenti, Ref.: BAtlas 66 B1 Salarama"
      },
      "geometry": {
        "type": "Point",
        "coordinates": [
          32.8104235,
          38.008246
        ]
      }
    },
    {
      "type": "Feature",
      "properties": {
        "name": "Sariveliler",
        "desc": "An ancient place, cited: BAtlas 66 B3 Sariveliler",
        "name_tr": "Sariveliler",
        "desc_tr": "Antik Kenti, Ref.: BAtlas 66 B3 Sariveliler"
      },
      "geometry": {
        "type": "Point",
        "coordinates": [
          32.640054,
          36.697638
        ]
      }
    },
    {
      "type": "Feature",
      "properties": {
        "name": "Sbide",
        "desc": "An ancient place, cited: BAtlas 66 B3 Sbide",
        "name_tr": "Sbide",
        "desc_tr": "Antik Kenti, Ref.: BAtlas 66 B3 Sbide"
      },
      "geometry": {
        "type": "Point",
        "coordinates": [
          32.797551,
          36.713636
        ]
      }
    },
    {
      "type": "Feature",
      "properties": {
        "name": "*Sedasa",
        "desc": "An ancient place, cited: BAtlas 66 A2 *Sedasa",
        "name_tr": "*Sedasa",
        "desc_tr": "Antik Kenti, Ref.: BAtlas 66 A2 *Sedasa"
      },
      "geometry": {
        "type": "Point",
        "coordinates": [
          32.162149,
          37.442328
        ]
      }
    },
    {
      "type": "Feature",
      "properties": {
        "name": "Sekalesi",
        "desc": "An ancient place, cited: BAtlas 66 D1 Sekalesi",
        "name_tr": "Sekalesi",
        "desc_tr": "Antik Kenti, Ref.: BAtlas 66 D1 Sekalesi"
      },
      "geometry": {
        "type": "Point",
        "coordinates": [
          33.739934,
          37.719585
        ]
      }
    },
    {
      "type": "Feature",
      "properties": {
        "name": "Seleucia ad Calycadnum/Tracheia",
        "desc": "A city founded by Seleucus Nicator between 296 and 280 BC.",
        "name_tr": "Seleucia ad Calycadnum/Tracheia",
        "desc_tr": "MÖ 296-280 yılları arasında Seleukos Nikator tarafından kurulan bir şehir."
      },
      "geometry": {
        "type": "Point",
        "coordinates": [
          33.9214625,
          36.379274
        ]
      }
    },
    {
      "type": "Feature",
      "properties": {
        "name": "Selinous/Traianopolis",
        "desc": "Selinous/Traianopolis was a city of Cilicia Aspera and counted among the chief coastal cities of Cilicia. It is perhaps best known as the place where Trajan died in A.D. 117 en route to Rome from his campaigns in the East.",
        "name_tr": "Selinous/Traianopolis",
        "desc_tr": "Selinous/Traianopolis, Kilikya Aspera'nın bir şehriydi ve Kilikya'nın başlıca kıyı kentleri arasında sayılırdı. Muhtemelen en çok, Trajan'ın MS 117'de Doğu seferlerinden Roma'ya giderken öldüğü yer olarak bilinir."
      },
      "geometry": {
        "type": "Point",
        "coordinates": [
          32.282734,
          36.258509
        ]
      }
    },
    {
      "type": "Feature",
      "properties": {
        "name": "Serretillis/Serraipolis",
        "desc": "An ancient place, cited: BAtlas 66 G3 Serretillis/Serraipolis",
        "name_tr": "Serretillis/Serraipolis",
        "desc_tr": "Antik bölge, Ref.: BAtlas 66 G3 Serretillis/Serraipolis"
      },
      "geometry": {
        "type": "Point",
        "coordinates": [
          35.484721,
          36.6433206667
        ]
      }
    },
    {
      "type": "Feature",
      "properties": {
        "name": "Sibyla",
        "desc": "An ancient place, cited: BAtlas 66 C3 Sibyla",
        "name_tr": "Sibyla",
        "desc_tr": "Antik Kenti, Ref.: BAtlas 66 C3 Sibyla"
      },
      "geometry": {
        "type": "Point",
        "coordinates": [
          33.4662,
          36.713385
        ]
      }
    },
    {
      "type": "Feature",
      "properties": {
        "name": "*Sidamaria",
        "desc": "An ancient place, cited: BAtlas 66 D2 *Sidamaria",
        "name_tr": "*Sidamaria",
        "desc_tr": "Antik Kenti, Ref.: BAtlas 66 D2 *Sidamaria"
      },
      "geometry": {
        "type": "Point",
        "coordinates": [
          33.6310136959,
          37.4804740568
        ]
      }
    },
    {
      "type": "Feature",
      "properties": {
        "name": "Sinapiç",
        "desc": "An ancient place, cited: BAtlas 66 C3 Sinapiç",
        "name_tr": "Sinapiç",
        "desc_tr": "Antik Kenti, Ref.: BAtlas 66 C3 Mustard"
      },
      "geometry": {
        "type": "Point",
        "coordinates": [
          33.480075,
          36.677695
        ]
      }
    },
    {
      "type": "Feature",
      "properties": {
        "name": "Soatra/Savatra",
        "desc": "An ancient place, cited: BAtlas 66 C1 Soatra/Savatra",
        "name_tr": "Soatra/Savatra",
        "desc_tr": "Antik Kenti, Ref.: BAtlas 66 C1 Soatra/Savatra"
      },
      "geometry": {
        "type": "Point",
        "coordinates": [
          33.1114243333,
          37.9751473333
        ]
      }
    },
    {
      "type": "Feature",
      "properties": {
        "name": "Syedra",
        "desc": "A site in Cilicia Aspera near Demirtaş.",
        "name_tr": "Syedra",
        "desc_tr": "Kilikya Aspera'da Demirtaş yakınlarında bir yerleşim yeri."
      },
      "geometry": {
        "type": "Point",
        "coordinates": [
          32.1476851656,
          36.4459671525
        ]
      }
    },
    {
      "type": "Feature",
      "properties": {
        "name": "Syke/Setos?",
        "desc": "An ancient place, cited: BAtlas 66 C4 Syke/Setos?",
        "name_tr": "Syke/Setos?",
        "desc_tr": "Antik Kenti, Ref.: BAtlas 66 C4 Syke/Setos?"
      },
      "geometry": {
        "type": "Point",
        "coordinates": [
          33.023796,
          36.1061476667
        ]
      }
    },
    {
      "type": "Feature",
      "properties": {
        "name": "*Takourtha",
        "desc": "An ancient place, cited: BAtlas 66 A2 *Takourtha",
        "name_tr": "*Takourtha",
        "desc_tr": "Antik Kenti, Ref.: BAtlas 66 A2 *Takourtha"
      },
      "geometry": {
        "type": "Point",
        "coordinates": [
          32.419758,
          37.262517
        ]
      }
    },
    {
      "type": "Feature",
      "properties": {
        "name": "Tapureli",
        "desc": "An ancient place, cited: BAtlas 66 D3 Tapureli",
        "name_tr": "Tapureli",
        "desc_tr": "Antik Kenti, Ref.: BAtlas 66 D3 Tapureli"
      },
      "geometry": {
        "type": "Point",
        "coordinates": [
          34.0328139,
          36.64524205
        ]
      }
    },
    {
      "type": "Feature",
      "properties": {
        "name": "Tarsus/Antiochia ad Cydnum",
        "desc": "An important city and river port on the Cydnus river located in Cilicia Pedias.",
        "name_tr": "Tarsus/Antiochia ad Cydnum",
        "desc_tr": "Kilikya Pedias'ta Cydnus nehri üzerinde bulunan önemli bir şehir ve nehir limanı."
      },
      "geometry": {
        "type": "Point",
        "coordinates": [
          34.8957949884,
          36.9123297012
        ]
      }
    },
    {
      "type": "Feature",
      "properties": {
        "name": "Thebasa?",
        "desc": "An ancient place, cited: BAtlas 66 D2 Thebasa?",
        "name_tr": "Thebasa?",
        "desc_tr": "Antik Kenti, Ref.: BAtlas 66 D2 Thebasa?"
      },
      "geometry": {
        "type": "Point",
        "coordinates": [
          33.836559,
          37.293682
        ]
      }
    },
    {
      "type": "Feature",
      "properties": {
        "name": "*Thouththourbia",
        "desc": "An ancient place, cited: BAtlas 66 B3 *Thouththourbia",
        "name_tr": "*Thouththourbia",
        "desc_tr": "Antik Kenti, Ref.: BAtlas 66 B3 *Thouththourbia"
      },
      "geometry": {
        "type": "Point",
        "coordinates": [
          32.5797245,
          36.93999
        ]
      }
    },
    {
      "type": "Feature",
      "properties": {
        "name": "Titioupolis?",
        "desc": "An ancient place, cited: BAtlas 66 B4 Titioupolis?",
        "name_tr": "Titioupolis?",
        "desc_tr": "Antik Kenti, Ref.: BAtlas 66 B4 Titioupolis?"
      },
      "geometry": {
        "type": "Point",
        "coordinates": [
          32.8100463333,
          36.0994186667
        ]
      }
    },
    {
      "type": "Feature",
      "properties": {
        "name": "Tyana/Col. Aurelia Antoniniana",
        "desc": "An ancient city of Cappadocia that was the capital of the Neo-Hittite kingdom in the first millennium B.C.",
        "name_tr": "Tyana/Col. Aurelia Antoniniana",
        "desc_tr": "MÖ birinci binyılda Neo-Hitit Krallığı'nın başkenti olan Kapadokya'nın antik kenti"
      },
      "geometry": {
        "type": "Point",
        "coordinates": [
          34.5736203,
          37.8260608
        ]
      }
    },
    {
      "type": "Feature",
      "properties": {
        "name": "Yeniyurt",
        "desc": "An ancient place, cited: BAtlas 66 E3 Yeniyurt",
        "name_tr": "Yeniyurt",
        "desc_tr": "Antik Kenti, Ref.: BAtlas 66 E3 Yeniyurt"
      },
      "geometry": {
        "type": "Point",
        "coordinates": [
          34.136591,
          36.630529
        ]
      }
    },
    {
      "type": "Feature",
      "properties": {
        "name": "Zephyrion/Hadrianopolis",
        "desc": "An ancient place, cited: BAtlas 66 F3 Zephyrion/Hadrianopolis",
        "name_tr": "Zephyrion/Hadrianopolis",
        "desc_tr": "Antik Kenti, Ref.: BAtlas 66 F3 Zephyrion/Hadrianopolis"
      },
      "geometry": {
        "type": "Point",
        "coordinates": [
          34.638066,
          36.808642
        ]
      }
    },
    {
      "type": "Feature",
      "properties": {
        "name": "Koropissos",
        "desc": "An ancient settlement, attested by literary or documentary sources, whose precise location cannot be determined today",
        "name_tr": "Koropissos",
        "desc_tr": "Bugün kesin konumu belirlenemeyen, edebi veya belgesel kaynaklarla belgelenen antik yerleşim yeri"
      },
      "geometry": {
        "type": "Point",
        "coordinates": [
          32.9426563978,
          36.5614045568
        ]
      }
    },
    {
      "type": "Feature",
      "properties": {
        "name": "Adatha",
        "desc": "An ancient place, cited: BAtlas 67 E1 Adatha",
        "name_tr": "Adatha",
        "desc_tr": "Alıntılanan eski bir yer: BAtlas 67 E1 Adatha"
      },
      "geometry": {
        "type": "Point",
        "coordinates": [
          37.4258015,
          37.705104
        ]
      }
    },
    {
      "type": "Feature",
      "properties": {
        "name": "Alexandria ad Issum",
        "desc": "An ancient place, cited: BAtlas 67 C3 Alexandria ad Issum",
        "name_tr": "Alexandria ad Issum",
        "desc_tr": "Antik Kenti, Ref.: BAtlas 67 C3 Alexandria ad Issum"
      },
      "geometry": {
        "type": "Point",
        "coordinates": [
          36.173273,
          36.5841815
        ]
      }
    },
    {
      "type": "Feature",
      "properties": {
        "name": "Anazarbos/Caesarea/Ioustin(ian)oupolis",
        "desc": "Anazarbos or Anazarbus was an ancient city of Cilicia; its extensive multi-period archaeological remains are located adjacent to the modern village of Dilekkaya in the Kozan district of Turkey's Adana province. Anazarbos became the capital of Cilicia Secunda in the later Roman empire. The city was rebuilt in 527 following an earthquake and destroyed by Mamluk forces in 1374.",
        "name_tr": "Anazarbos/Caesarea/Ioustin(ian)oupolis",
        "desc_tr": "Anazarbos veya Anazarbus, Kilikya'nın antik bir kentiydi; çok dönemli kapsamlı arkeolojik kalıntıları, Türkiye'nin Adana ilinin Kozan ilçesindeki modern Dilekkaya köyünün bitişiğinde yer almaktadır. Anazarbos, Roma İmparatorluğu döneminde Kilikya Secunda'nın başkenti olmuştur. Şehir, 527'de bir depremin ardından yeniden inşa edilmiş ve 1374'te Memlük kuvvetleri tarafından yıkılmıştır."
      },
      "geometry": {
        "type": "Point",
        "coordinates": [
          35.898447,
          37.256021
        ]
      }
    },
    {
      "type": "Feature",
      "properties": {
        "name": "Antigonia",
        "desc": "An ancient place, cited: BAtlas 67 C4 Antigonia",
        "name_tr": "Antigonia",
        "desc_tr": "Antik Kenti, Ref.: BAtlas 67 C4 Antigonia"
      },
      "geometry": {
        "type": "Point",
        "coordinates": [
          36.230077,
          36.26335
        ]
      }
    },
    {
      "type": "Feature",
      "properties": {
        "name": "Antiochia/Theoupolis",
        "desc": "A city founded ca. 300 BC by Seleucus I Nicator, a successor of Alexander the Great. Antioch was a great trading center and numbered as one of the four cities of the Syrian tetrapolis. Justinian I renamed the city 'Theoupolis' in the sixth century AD.",
        "name_tr": "Antiochia/Theoupolis",
        "desc_tr": "MÖ 300 civarında Büyük İskender'in halefi Seleukos I Nikator tarafından kurulan bir şehir. Antakya büyük bir ticaret merkeziydi ve Suriye tetrapolisinin dört şehrinden biri olarak sayılıyordu. I. Justinianus, MS 6. yüzyılda şehrin adını 'Theoupolis' olarak değiştirdi."
      },
      "geometry": {
        "type": "Point",
        "coordinates": [
          36.183214,
          36.2225515
        ]
      }
    },
    {
      "type": "Feature",
      "properties": {
        "name": "Apamea",
        "desc": "An ancient place, cited: BAtlas 67 F2 Apamea",
        "name_tr": "Apamea",
        "desc_tr": "Antik Kenti, Ref.: BAtlas 67 F2 Apamea"
      },
      "geometry": {
        "type": "Point",
        "coordinates": [
          37.8870034,
          37.0780214
        ]
      }
    },
    {
      "type": "Feature",
      "properties": {
        "name": "Aquae (...)",
        "desc": "An ancient place, cited: BAtlas 67 F2 Aquae (...)",
        "name_tr": "Aquae (...)",
        "desc_tr": "Antik Kenti, Ref.: BAtlas 67 F2 Aquae (...)"
      },
      "geometry": {
        "type": "Point",
        "coordinates": [
          37.544064,
          37.33165
        ]
      }
    },
    {
      "type": "Feature",
      "properties": {
        "name": "Arsameia pros Nymphaio",
        "desc": "An ancient fortified city on high ground on the south bank of the river Nymphaios (modern Kâhta Çayı) south of the modern village of Kocahisar (also known as Eski Kahta) in Turkey.",
        "name_tr": "Arsameia pros Nymphaio",
        "desc_tr": "Türkiye'de, günümüzde Kocahisar (Eski Kahta olarak da bilinir) köyünün güneyinde, Nymphaios Nehri'nin (günümüzde Kâhta Çayı) güney kıyısında, yüksek bir arazide kurulmuş eski bir müstahkem şehir."
      },
      "geometry": {
        "type": "Point",
        "coordinates": [
          38.6535925,
          37.9460874
        ]
      }
    },
    {
      "type": "Feature",
      "properties": {
        "name": "Baka",
        "desc": "An ancient place, cited: BAtlas 67 B1 Baka",
        "name_tr": "Baka",
        "desc_tr": "Antik Kenti, Ref.: BAtlas 67 B1 Baka"
      },
      "geometry": {
        "type": "Point",
        "coordinates": [
          35.911724,
          37.814966
        ]
      }
    },
    {
      "type": "Feature",
      "properties": {
        "name": "*Basileia",
        "desc": "An ancient place, cited: BAtlas 67 C4 *Basileia",
        "name_tr": "*Basileia",
        "desc_tr": "Antik kenti, Ref.: BAtlas 67 C4 *Basileia"
      },
      "geometry": {
        "type": "Point",
        "coordinates": [
          36.252131,
          36.152103
        ]
      }
    },
    {
      "type": "Feature",
      "properties": {
        "name": "Batnae/Markopolis",
        "desc": "An ancient place, cited: BAtlas 67 G3 Batnae/Markopolis",
        "name_tr": "Batnae/Markopolis",
        "desc_tr": "Antik Kenti, Ref.: BAtlas 67 G3 Batnae/Markopolis"
      },
      "geometry": {
        "type": "Point",
        "coordinates": [
          38.424374,
          36.9763845
        ]
      }
    },
    {
      "type": "Feature",
      "properties": {
        "name": "Birtha",
        "desc": "An ancient place, cited: BAtlas 67 F2 Birtha",
        "name_tr": "Birtha",
        "desc_tr": "Antik Kenti, Ref.: BAtlas 67 F2 Birtha"
      },
      "geometry": {
        "type": "Point",
        "coordinates": [
          37.978775,
          37.025429
        ]
      }
    },
    {
      "type": "Feature",
      "properties": {
        "name": "Bithias",
        "desc": "An ancient place, cited: BAtlas 67 G2 Bithias",
        "name_tr": "Bithias",
        "desc_tr": "Antik Kenti, Ref.: BAtlas 67 G2 Bithias"
      },
      "geometry": {
        "type": "Point",
        "coordinates": [
          38.5303008889,
          37.358524149
        ]
      }
    },
    {
      "type": "Feature",
      "properties": {
        "name": "Burunlu",
        "desc": "An ancient place, cited: BAtlas 67 B4 Burunlu",
        "name_tr": "Burunlu",
        "desc_tr": "Antik Kenti, Ref.: BAtlas 67 B4 Burunlu"
      },
      "geometry": {
        "type": "Point",
        "coordinates": [
          35.874927,
          36.382516
        ]
      }
    },
    {
      "type": "Feature",
      "properties": {
        "name": "Bytyllion",
        "desc": "An ancient place, cited: BAtlas 67 B4 Bytyllion",
        "name_tr": "Bytyllion",
        "desc_tr": "Antik Kenti, Ref.: BAtlas 67 B4 Bytyllion"
      },
      "geometry": {
        "type": "Point",
        "coordinates": [
          35.989492,
          36.050875
        ]
      }
    },
    {
      "type": "Feature",
      "properties": {
        "name": "Capersana",
        "desc": "An ancient place, cited: BAtlas 67 F2 Capersana",
        "name_tr": "Capersana",
        "desc_tr": "Antik Kenti, Ref.: BAtlas 67 F2 Capersana"
      },
      "geometry": {
        "type": "Point",
        "coordinates": [
          37.836178,
          37.221803
        ]
      }
    },
    {
      "type": "Feature",
      "properties": {
        "name": "Caphrena",
        "desc": "An ancient place, cited: BAtlas 67 F2 Caphrena",
        "name_tr": "Caphrena",
        "desc_tr": "Antik Kenti, Ref.: BAtlas 67 F2 Caphrena"
      },
      "geometry": {
        "type": "Point",
        "coordinates": [
          37.870148,
          37.244803
        ]
      }
    },
    {
      "type": "Feature",
      "properties": {
        "name": "Harran/Carrhae",
        "desc": "A major settlement of Upper Mesopotamia from the Bronze Age onward. The earliest mentions of the site are found in the Ebla tablets (ca. 2300 B.C.). Notably the location of the Battle of Carrhae between the Roman Republic and Parthian Empire in 53 B.C., which proved to be a devastating defeat for the Romans. Modern-day Ḥarrān, Turkey.",
        "name_tr": "Harran/Carrhae",
        "desc_tr": "Tunç Çağı'ndan itibaren Yukarı Mezopotamya'nın önemli bir yerleşim yeri. Bölgeye dair en eski kayıtlar Ebla tabletlerinde (yaklaşık MÖ 2300) bulunmaktadır. Özellikle MÖ 53 yılında Roma Cumhuriyeti ile Part İmparatorluğu arasında gerçekleşen ve Romalılar için yıkıcı bir yenilgi olan Carrhae Savaşı'nın yeri. Günümüzde Türkiye'nin Harran bölgesinde yer almaktadır."
      },
      "geometry": {
        "type": "Point",
        "coordinates": [
          39.0307496505,
          36.8635943094
        ]
      }
    },
    {
      "type": "Feature",
      "properties": {
        "name": "Catabana",
        "desc": "An ancient place, cited: BAtlas 67 E2 Catabana",
        "name_tr": "Catabana",
        "desc_tr": "Antik Kenti, Ref.: BAtlas 67 E2 Cabana"
      },
      "geometry": {
        "type": "Point",
        "coordinates": [
          37.34102,
          37.467406
        ]
      }
    },
    {
      "type": "Feature",
      "properties": {
        "name": "Charandama",
        "desc": "An ancient place, cited: BAtlas 67 C4 Charandama",
        "name_tr": "Charandama",
        "desc_tr": "Antik Kenti, Ref.: BAtlas 67 C4 Charandama"
      },
      "geometry": {
        "type": "Point",
        "coordinates": [
          36.181412,
          36.102478
        ]
      }
    },
    {
      "type": "Feature",
      "properties": {
        "name": "Charmodara",
        "desc": "An ancient place, cited: BAtlas 67 H1 Charmodara",
        "name_tr": "Charmodara",
        "desc_tr": "Antik Kenti, Ref.: BAtlas 67 H1 Charmodara"
      },
      "geometry": {
        "type": "Point",
        "coordinates": [
          38.764953,
          37.651125
        ]
      }
    },
    {
      "type": "Feature",
      "properties": {
        "name": "Ciliza/Urmagiganti",
        "desc": "An ancient place, cited: BAtlas 67 E3 Ciliza/Urmagiganti",
        "name_tr": "Ciliza/Urmagiganti",
        "desc_tr": "Antik Kenti, Ref.: BAtlas 67 E3 Ciliza/Urmagiganti"
      },
      "geometry": {
        "type": "Point",
        "coordinates": [
          37.114125,
          36.716346
        ]
      }
    },
    {
      "type": "Feature",
      "properties": {
        "name": "Daphne",
        "desc": "Described by Strabo as a village (katoikia) about 40 stadia (~6 km) outside Antioch, Daphne today is known as Harbiye, in Turkey's Hatay province. In ancient times, it was home to a sacred grove and sanctuary of Apollo and Artemis, but today there are no visible monumental structures of ancient date.",
        "name_tr": "Daphne",
        "desc_tr": "Strabon tarafından Antakya'nın yaklaşık 40 stadyum (~6 km) dışında bir köy (katoikia) olarak tanımlanan Daphne, bugün Türkiye'nin Hatay ilinde Harbiye olarak bilinmektedir. Antik çağlarda, Apollon ve Artemis'in kutsal korusu ve mabedine ev sahipliği yapmış olsa da, günümüzde antik döneme ait görünür anıtsal yapılar bulunmamaktadır."
      },
      "geometry": {
        "type": "Point",
        "coordinates": [
          36.1378635,
          36.1336355
        ]
      }
    },
    {
      "type": "Feature",
      "properties": {
        "name": "Doliche",
        "desc": "An ancient city of Asia Minor (modern Dülük in Turkey).",
        "name_tr": "Doliche",
        "desc_tr": "Küçük Asya'nın antik bir kenti (bugünkü Türkiye'de Dülük)."
      },
      "geometry": {
        "type": "Point",
        "coordinates": [
          37.3452345777,
          37.1277922575
        ]
      }
    },
    {
      "type": "Feature",
      "properties": {
        "name": "Edessa/Antiochia ad Callirhoem",
        "desc": "Edessa/Antiochia ad Callirhoem was an ancient settlement of upper Mesopotamia, refounded by Seleucus I Nikator.",
        "name_tr": "Edessa/Antiochia ad Callirhoem",
        "desc_tr": "Edessa/Antiochia ad Callirhoem, Seleukos I Nikator tarafından yeniden kurulan Yukarı Mezopotamya'nın antik bir yerleşim yeriydi."
      },
      "geometry": {
        "type": "Point",
        "coordinates": [
          38.786696,
          37.148633
        ]
      }
    },
    {
      "type": "Feature",
      "properties": {
        "name": "Eirenopolis/Neronias",
        "desc": "An ancient place, cited: BAtlas 67 C2 Eirenopolis/Neronias",
        "name_tr": "Eirenopolis/Neronias",
        "desc_tr": "Antik bölge, Ref.: BAtlas 67 C2 Eirenopolis/Neronias"
      },
      "geometry": {
        "type": "Point",
        "coordinates": [
          36.4669675,
          37.2513675
        ]
      }
    },
    {
      "type": "Feature",
      "properties": {
        "name": "Epiphaneia ad Euphratem",
        "desc": "An ancient place, cited: BAtlas 67 F2 Epiphaneia ad Euphratem",
        "name_tr": "Epiphaneia ad Euphratem",
        "desc_tr": "Antik Kenti, Ref.: BAtlas 67 F2 Epiphaneia ad Euphratem"
      },
      "geometry": {
        "type": "Point",
        "coordinates": [
          37.877961,
          37.098167
        ]
      }
    },
    {
      "type": "Feature",
      "properties": {
        "name": "Eski Hisar",
        "desc": "An ancient place, cited: BAtlas 67 G2 Eski Hisar",
        "name_tr": "Eski Hisar",
        "desc_tr": "Antik Kenti, Ref.: BAtlas 67 G2 Eski Hisar"
      },
      "geometry": {
        "type": "Point",
        "coordinates": [
          38.091262,
          37.279583
        ]
      }
    },
    {
      "type": "Feature",
      "properties": {
        "name": "Eskişehir",
        "desc": "An ancient place, cited: BAtlas 67 C2 Eskişehir",
        "name_tr": "Eskişehir",
        "desc_tr": "Antik Kenti, Ref.: BAtlas 67 C2 Eskişehir"
      },
      "geometry": {
        "type": "Point",
        "coordinates": [
          36.248917,
          37.087181
        ]
      }
    },
    {
      "type": "Feature",
      "properties": {
        "name": "Carchemish",
        "desc": "An ancient city that was part of the Mitanni, Hittite, and Neo-Assyrian Empires (Kargamiš in Hittite; commonly Carchemish). The site was occupied as early as the Neolithic and Chalcolithic periods; evidence for Early Bronze Age cist tombs begins ca. 2400 BC. It was a key commercial center during the time of Ebla and Mari. The Mitanni controlled the site from the sixteenth to the fourteenth centuries and was conquered by Šuppiluliuma ca. 1350 B.C. A famous battle, attested in the Bible, was fought at the site in 605 BC between the Babylonian army under Nebuchadnezzar II and that of the Egyptian Pharaoh Necho II.",
        "name_tr": "Carchemish",
        "desc_tr": "Mitanni, Hitit ve Yeni Asur İmparatorlukları'nın (Hititçede Kargamiš; yaygın olarak Kargamış) parçası olan antik bir şehir. Bölge, Neolitik ve Kalkolitik dönemler kadar erken bir dönemde yerleşim görmüştür; Erken Tunç Çağı'na ait lahit mezarların varlığına dair kanıtlar MÖ 2400 civarında başlar. Ebla ve Mari dönemlerinde önemli bir ticaret merkeziydi. Mitanniler, bölgeyi 16. yüzyıldan 14. yüzyıla kadar kontrol etmiş ve yaklaşık MÖ 1350'de Šuppiluliuma tarafından fethedilmiştir. İncil'de de anlatılan ünlü bir savaş, MÖ 605 yılında II. Nebukadnezar komutasındaki Babil ordusu ile Mısır Firavunu II. Necho komutasındaki ordu arasında bu bölgede gerçekleşmiştir."
      },
      "geometry": {
        "type": "Point",
        "coordinates": [
          38.0149205197,
          36.8294229533
        ]
      }
    },
    {
      "type": "Feature",
      "properties": {
        "name": "Fadana",
        "desc": "An ancient place, cited: BAtlas 67 H3 Fadana",
        "name_tr": "Fadana",
        "desc_tr": "Antik Kenti, Ref.: BAtlas 67 H3 Fadana"
      },
      "geometry": {
        "type": "Point",
        "coordinates": [
          38.970322,
          36.924628
        ]
      }
    },
    {
      "type": "Feature",
      "properties": {
        "name": "Georgia",
        "desc": "An ancient place, cited: BAtlas 67 B4 Georgia",
        "name_tr": "Georgia",
        "desc_tr": "Antik Kenti, Ref.: BAtlas 67 B4 Georgia"
      },
      "geometry": {
        "type": "Point",
        "coordinates": [
          35.802464,
          36.291066
        ]
      }
    },
    {
      "type": "Feature",
      "properties": {
        "name": "Gephyra",
        "desc": "An ancient place, cited: BAtlas 67 C4 Gephyra",
        "name_tr": "Gephyra",
        "desc_tr": "Antik Kenti, Ref.: BAtlas 67 C4 Gephyra"
      },
      "geometry": {
        "type": "Point",
        "coordinates": [
          36.352594,
          36.249652
        ]
      }
    },
    {
      "type": "Feature",
      "properties": {
        "name": "Germanikeia",
        "desc": "An ancient city located in the northern Syrian region of Commagene mentioned. Modern Maraş.",
        "name_tr": "Germanikeia",
        "desc_tr": "Bahsi geçen antik kent, Kuzey Suriye'deki Kommagene bölgesinde yer almaktadır. Günümüzdeki Maraş."
      },
      "geometry": {
        "type": "Point",
        "coordinates": [
          36.9264045,
          37.5841372
        ]
      }
    },
    {
      "type": "Feature",
      "properties": {
        "name": "Hierapolis/Kastabala",
        "desc": "A city of Cilicia with Hittite origins, Hierapolis/Kastabala later became part of the Cilician satrapy of the Achaemenid Empire and, later, part of the Roman empire.",
        "name_tr": "Hierapolis/Kastabala",
        "desc_tr": "Hitit kökenli Kilikya kenti olan Hierapolis/Kastabala, daha sonra Ahameniş İmparatorluğu'nun Kilikya satraplığı, daha sonra da Roma imparatorluğunun sınırları içine girmiştir."
      },
      "geometry": {
        "type": "Point",
        "coordinates": [
          36.1873455,
          37.176408
        ]
      }
    },
    {
      "type": "Feature",
      "properties": {
        "name": "Hydatos Potamoi/Seleukeia Pieria",
        "desc": "The capital city of Seleucus I Nicator, established ca. 300 BC.",
        "name_tr": "Hydatos Potamoi/Seleukeia Pieria",
        "desc_tr": "MÖ 300 civarında kurulan Seleukos I Nikator'un başkenti."
      },
      "geometry": {
        "type": "Point",
        "coordinates": [
          35.9285965,
          36.1212645
        ]
      }
    },
    {
      "type": "Feature",
      "properties": {
        "name": "Imma",
        "desc": "An ancient place, cited: BAtlas 67 D4 Imma",
        "name_tr": "Imma",
        "desc_tr": "Antik Kenti, Ref.: BAtlas 67 D4 Imma"
      },
      "geometry": {
        "type": "Point",
        "coordinates": [
          36.569262,
          36.241237
        ]
      }
    },
    {
      "type": "Feature",
      "properties": {
        "name": "Issus/Nikopolis",
        "desc": "An ancient port city of Cilicia at the apex of the gulf that bore its name (Issicus Sinus).",
        "name_tr": "Issus/Nikopolis",
        "desc_tr": "İsmini (Issicus Sinus) taşıyan körfezin zirvesinde yer alan Kilikya'nın antik liman kenti."
      },
      "geometry": {
        "type": "Point",
        "coordinates": [
          36.1570387516,
          36.8536681114
        ]
      }
    },
    {
      "type": "Feature",
      "properties": {
        "name": "Karayılan",
        "desc": "An ancient place, cited: BAtlas 67 C3 Karayılan",
        "name_tr": "Karayılan",
        "desc_tr": "Antik Kenti, Ref.: BAtlas 67 C3 Karayılan"
      },
      "geometry": {
        "type": "Point",
        "coordinates": [
          36.226882,
          36.711543
        ]
      }
    },
    {
      "type": "Feature",
      "properties": {
        "name": "*Kirkota",
        "desc": "An ancient place, cited: BAtlas 67 B3 *Kirkota",
        "name_tr": "*Kirkota",
        "desc_tr": "Antik Kenti, Ref.: BAtlas 67 B3 *Kirkota"
      },
      "geometry": {
        "type": "Point",
        "coordinates": [
          35.68204,
          36.945008
        ]
      }
    },
    {
      "type": "Feature",
      "properties": {
        "name": "Lacotena",
        "desc": "An ancient place, cited: BAtlas 67 H1 Lacotena",
        "name_tr": "Lacotena",
        "desc_tr": "Antik Kenti, Ref.: BAtlas 67 H1 Lacotena"
      },
      "geometry": {
        "type": "Point",
        "coordinates": [
          38.613281,
          37.989649
        ]
      }
    },
    {
      "type": "Feature",
      "properties": {
        "name": "Lidar",
        "desc": "Lidar or Lidar Höyük is an archaeological site located in southeastern Anatolia, to the northwest of Sanliurfa, Türkiye, and just southwest of the village of Lidar (district of Bozova). This settlement mound measured roughly 200x240 meters and stood 25 m high. Its remains are now inundated by the Atatürk Dam.",
        "name_tr": "Lidar",
        "desc_tr": "Lidar veya Lidar Höyük, Güneydoğu Anadolu Bölgesi'nde, Türkiye'nin Şanlıurfa ilinin kuzeybatısında ve Lidar köyünün (Bozova ilçesi) hemen güneybatısında bulunan bir arkeolojik alandır. Bu yerleşim höyüğü yaklaşık 200x240 metre ölçülerinde ve 25 metre yüksekliğindedir. Kalıntıları günümüzde Atatürk Barajı suları altında kalmıştır."
      },
      "geometry": {
        "type": "Point",
        "coordinates": [
          38.4806,
          37.4733
        ]
      }
    },
    {
      "type": "Feature",
      "properties": {
        "name": "Meleagrum",
        "desc": "An ancient place, cited: BAtlas 67 C3 Meleagrum",
        "name_tr": "Meleagrum",
        "desc_tr": "Antik Kenti, Ref.: BAtlas 67 C3 Meleagrum"
      },
      "geometry": {
        "type": "Point",
        "coordinates": [
          36.385636,
          36.519966
        ]
      }
    },
    {
      "type": "Feature",
      "properties": {
        "name": "Meroe",
        "desc": "An ancient place, cited: BAtlas 67 C4 Meroe",
        "name_tr": "Meroe",
        "desc_tr": "Antik Kenti, Ref.: BAtlas 67 C4 Meroe"
      },
      "geometry": {
        "type": "Point",
        "coordinates": [
          36.261826,
          36.2496
        ]
      }
    },
    {
      "type": "Feature",
      "properties": {
        "name": "al-Mina",
        "desc": "An ancient place, cited: BAtlas 67 B4 al-Mina",
        "name_tr": "al-Mina",
        "desc_tr": "Antik Kenti, Ref.: BAtlas 67 B4 al-Mina"
      },
      "geometry": {
        "type": "Point",
        "coordinates": [
          35.973533,
          36.061425
        ]
      }
    },
    {
      "type": "Feature",
      "properties": {
        "name": "Mopsou(h)estia/Seleukeia pros to Pyramo",
        "desc": "Mopsou(h)estia/Seleukeia pros to Pyramo was an ancient settlement in Cilicia Pedias (now modern Yakapınar, Turkey).",
        "name_tr": "Mopsou(h)estia/Seleukeia pros to Pyramo",
        "desc_tr": "Mopsou(h)estia/Seleukeia, Pyramo'ya yakın Kilikya Pedias'ında (günümüzde Yakapınar, Türkiye) bulunan antik bir yerleşim yeriydi."
      },
      "geometry": {
        "type": "Point",
        "coordinates": [
          35.6223738026,
          36.9580404953
        ]
      }
    },
    {
      "type": "Feature",
      "properties": {
        "name": "Moumoustra",
        "desc": "An ancient place, cited: BAtlas 67 B2 Moumoustra",
        "name_tr": "Moumoustra",
        "desc_tr": "Antik Kenti, Ref.: BAtlas 67 B2 Moumoustra"
      },
      "geometry": {
        "type": "Point",
        "coordinates": [
          35.957475,
          37.215011
        ]
      }
    },
    {
      "type": "Feature",
      "properties": {
        "name": "Myriand(r)os",
        "desc": "Myriand(r)os was an ancient Phoenician port near modern İskenderun, Turkey.",
        "name_tr": "Myriand(r)os",
        "desc_tr": "Myriand(r)os, günümüzde Türkiye'nin İskenderun kenti yakınlarında bulunan antik bir Fenike limanıydı."
      },
      "geometry": {
        "type": "Point",
        "coordinates": [
          36.110356,
          36.565848
        ]
      }
    },
    {
      "type": "Feature",
      "properties": {
        "name": "Nicopolis",
        "desc": "An ancient place, cited: BAtlas 67 D2 Nicopolis",
        "name_tr": "Nicopolis",
        "desc_tr": "Antik Kenti, Ref.: BAtlas 67 D2 Nicopolis"
      },
      "geometry": {
        "type": "Point",
        "coordinates": [
          36.6325185,
          37.0262595
        ]
      }
    },
    {
      "type": "Feature",
      "properties": {
        "name": "Nisibyn/Ad Zociandem?",
        "desc": "An ancient place, cited: BAtlas 67 F2 Nisibyn/Ad Zociandem?",
        "name_tr": "Nisibyn/Ad Zociandem?",
        "desc_tr": "Antik Kenti, Ref.: BAtlas 67 F2 Nisibyn/Ad Zociandem?"
      },
      "geometry": {
        "type": "Point",
        "coordinates": [
          37.788277,
          37.009788
        ]
      }
    },
    {
      "type": "Feature",
      "properties": {
        "name": "Nisus/Cesum",
        "desc": "An ancient place, cited: BAtlas 67 F1 Nisus/Cesum",
        "name_tr": "Nisus/Cesum",
        "desc_tr": "Alıntı yapılan eski bir yer: BAtlas 67 F1 Nisus/Cesum"
      },
      "geometry": {
        "type": "Point",
        "coordinates": [
          37.860099,
          37.691289
        ]
      }
    },
    {
      "type": "Feature",
      "properties": {
        "name": "‘Octacuscum’",
        "desc": "An ancient place, cited: BAtlas 67 F1 ‘Octacuscum’",
        "name_tr": "‘Octacuscum’",
        "desc_tr": "Antik Kenti, Ref.: BAtlas 67 F1 'Octacuscum'"
      },
      "geometry": {
        "type": "Point",
        "coordinates": [
          37.861863,
          37.693389
        ]
      }
    },
    {
      "type": "Feature",
      "properties": {
        "name": "Oeniandos/Epiphaneia",
        "desc": "An ancient place, cited: BAtlas 67 C3 Oeniandos/Epiphaneia",
        "name_tr": "Oeniandos/Epiphaneia",
        "desc_tr": "Antik Kenti, Ref.: BAtlas 67 C3 Oeniandos/Epiphaneia"
      },
      "geometry": {
        "type": "Point",
        "coordinates": [
          36.1544146667,
          36.9618923333
        ]
      }
    },
    {
      "type": "Feature",
      "properties": {
        "name": "İşhan",
        "desc": "A village in Turkey, the site of a late antique Georgian church constructed in the 7th century. ",
        "name_tr": "İşhan",
        "desc_tr": "Türkiye'de bir köy, 7. yüzyılda inşa edilmiş geç antik Gürcü kilisesinin bulunduğu yer. "
      },
      "geometry": {
        "type": "Point",
        "coordinates": [
          41.7478390073,
          40.7875139859
        ]
      }
    },
    {
      "type": "Feature",
      "properties": {
        "name": "Kevenli",
        "desc": "A village in the modern Van Province in southeast Turkey. It is a find place for Urartian inscriptions, and may possibly be identifiable as ancient Arṣuniuni.",
        "name_tr": "Kevenli",
        "desc_tr": "Türkiye'nin güneydoğusunda, modern Van ilinde bir köy. Urartu yazıtlarının bulunduğu bir yer ve muhtemelen antik Arṣuniuni olarak tanımlanabilir."
      },
      "geometry": {
        "type": "Point",
        "coordinates": [
          43.4458078,
          38.47542725
        ]
      }
    },
    {
      "type": "Feature",
      "properties": {
        "name": "Aşıklı Höyük",
        "desc": "Aşıklı Höyük is an ancient settlement mound located in central Cappadocia that was first settled in the Aceramic Neolithic period, ca. 8000 B.C.",
        "name_tr": "Aşıklı Höyük",
        "desc_tr": "Aşıklı Höyük, Kapadokya'nın merkezinde yer alan ve ilk yerleşimin MÖ 8000 civarında Akeramik Neolitik dönemde gerçekleştiği antik bir yerleşim höyüğüdür."
      },
      "geometry": {
        "type": "Point",
        "coordinates": [
          34.2302441591,
          38.3493209571
        ]
      }
    },
    {
      "type": "Feature",
      "properties": {
        "name": "Lutibu",
        "desc": "Lutibu is a fortified city in Sam'alla that is mentioned in royal inscriptions of the Assyrian king Shalmaneser III (r. 858-824 BC). It is often identified with Sakçagözü (Coba Höyük), which is ca. 20 km northeast of Sam'al (Zincirli Höyük).",
        "name_tr": "Lutibu",
        "desc_tr": "Lutibu, Asur Kralı III. Salmanaser'in (MÖ 858-824) kraliyet yazıtlarında adı geçen Sam'alla'da müstahkem bir şehirdir. Genellikle Sam'al'ın (Zincirli Höyük) yaklaşık 20 km kuzeydoğusunda bulunan Sakçagözü (Coba Höyük) ile özdeşleştirilir."
      },
      "geometry": {
        "type": "Point",
        "coordinates": [
          36.8912000275,
          37.1865724698
        ]
      }
    },
    {
      "type": "Feature",
      "properties": {
        "name": "Ellibir",
        "desc": "A fortress in the vicinity of Til-garimmu fortified by the Assyrian king Sargon II (r. 721-705 BC) against Kasku.",
        "name_tr": "Ellibir",
        "desc_tr": "Asur Kralı Sargon II (MÖ 721-705) tarafından Kasku'ya karşı güçlendirilen Til-garimmu civarındaki bir kale."
      },
      "geometry": {
        "type": "Point",
        "coordinates": [
          37.25749,
          38.722928
        ]
      }
    },
    {
      "type": "Feature",
      "properties": {
        "name": "Šindarara",
        "desc": "A fortress in the vicinity of Til-garimmu fortified by the Assyrian king Sargon II (r. 721-705 BC) against Kasku.",
        "name_tr": "Šindarara",
        "desc_tr": "Asur Kralı Sargon II (MÖ 721-705) tarafından Kasku'ya karşı güçlendirilen Til-garimmu civarındaki bir kale."
      },
      "geometry": {
        "type": "Point",
        "coordinates": [
          37.8807432,
          39.4703799
        ]
      }
    },
    {
      "type": "Feature",
      "properties": {
        "name": "Uršu/Waršuwa",
        "desc": "Uršu/Waršuwa was an Assyrian trading colony (kārum) located on the route between Aššur and Kaneš. This important city is attested in Eblaite and Sumerian sources, including an inscription of Gudea of Lagaš that describes the rebuilding of the temple of the god Ningirsu at Girsu; numerous Old Assyrian and Old Babylonian texts; and Hittite sources, for example, the annals of king Hattusili I, a literary composition generally referred to as ‘The Siege of Uršu,’ a treaty between the Hittite king and Sunassura of Kizzuwatna, and a land grant to a nobleman (Sahurunuwa).",
        "name_tr": "Uršu/Waršuwa",
        "desc_tr": "Uršu/Waršuwa, Asur ve Kaneš arasındaki yol üzerinde bulunan bir Asur ticaret kolonisiydi (kārum). Bu önemli şehir, Lagašlı Gudea'nın Girsu'daki tanrı Ningirsu tapınağının yeniden inşasını anlatan bir yazıtı; çok sayıda Eski Asur ve Eski Babil metni; ve Hitit kaynakları da dahil olmak üzere Ebla ve Sümer kaynaklarında yer almaktadır. Bunlar arasında, Kral I. Hattuşili'nin yıllıkları, genellikle &quot;Uršu Kuşatması&quot; olarak anılan edebi bir yapıt, Hitit kralı ile Kizzuwatna'lı Sunassura arasında yapılan bir antlaşma ve bir soyluya verilen toprak hibesi (Sahurunuwa) yer almaktadır."
      },
      "geometry": {
        "type": "Point",
        "coordinates": [
          37.25,
          37.25
        ]
      }
    },
    {
      "type": "Feature",
      "properties": {
        "name": "Körzüt (Arapzengi) Kalesi",
        "desc": "Körzüt is the modern Turkish name of an Urartean fortress situated on a rock spur at the southern end of the Muradiye/Berkri plain, about 3 km north of the modern village of Uluşar (Korsot/Gortsut), in the Muradiye district of Van province in Turkey. According to an inscription of the Urartean King Minua (9th / 8th century BCE), the fortress was built by Minua.",
        "name_tr": "Körzüt (Arapzengi) Kalesi",
        "desc_tr": "Körzüt, Türkiye'nin Van ilinin Muradiye ilçesinde, bugünkü Uluşar (Korsot/Gortsut) köyünün yaklaşık 3 km kuzeyinde, Muradiye/Berkri ovasının güney ucundaki bir kayalık çıkıntıda bulunan bir Urartu kalesinin modern Türkçe adıdır. Urartu Kralı Minua'nın (MÖ 9./8. yüzyıl) bir yazıtına göre, kale Minua tarafından inşa ettirilmiştir."
      },
      "geometry": {
        "type": "Point",
        "coordinates": [
          43.7448027,
          38.9131265
        ]
      }
    },
    {
      "type": "Feature",
      "properties": {
        "name": "Kavuncu",
        "desc": "Kavuncu is a modern settlement situated near Van in the southeast of Turkey. Here a cylindrical stone (probably a column base) with an inscription of the Urartian king Minua, son of Išpuini (9/8th century BCE) was found (CTU I A 5-53 B).",
        "name_tr": "Kavuncu",
        "desc_tr": "Kavuncu, Türkiye'nin güneydoğusunda, Van yakınlarında bulunan modern bir yerleşim yeridir. Burada, üzerinde Urartu kralı Minua'nın (MÖ 9/8. yüzyıl) İšpuini oğlu olduğuna dair bir yazıt bulunan silindirik bir taş (muhtemelen bir sütun kaidesi) bulunmuştur (CTU IA 5-53 B)."
      },
      "geometry": {
        "type": "Point",
        "coordinates": [
          43.4767586,
          38.5124956
        ]
      }
    },
    {
      "type": "Feature",
      "properties": {
        "name": "Kaisaran Rock Relief",
        "desc": "Kaisaran (Kaissaran, Kayseran Ekece) is a modern mountain village in the mountains east of the Keşiş Gölü (\"Priest Lake\"), an artificial lake created by Rusa, son of Erimena (probably 8th century BCE). At an elevation of 2,780 m above the village (more than an hour’s difficult ascent) a rock inscription of probably the same ruler was found in the late 19th century. Another rock inscription and a stela of Rusa, son of Erimena have been found in other places in the vicinity of the lake. These are the rock inscriptions situated in Erek Dağ (CTU I A 14-3) and the so-called Keşiş Göl stela (CTU I A 14-1) whose upper part has been found at Gövelek.",
        "name_tr": "Kaisaran Rock Relief",
        "desc_tr": "Kaisaran (Kaissaran, Kayseran Ekece), Erimena oğlu Rusa tarafından (muhtemelen MÖ 8. yüzyıl) yaratılan yapay bir göl olan Keşiş Gölü'nün (&quot;Rahip Gölü&quot;) doğusundaki dağlarda yer alan modern bir dağ köyüdür. Köyün 2.780 m yukarısında (bir saatten fazla süren zorlu bir tırmanışla), muhtemelen aynı hükümdara ait bir kaya yazıtı 19. yüzyılın sonlarında bulunmuştur. Erimena oğlu Rusa'ya ait bir başka kaya yazıtı ve bir stela, gölün çevresindeki diğer yerlerde de bulunmuştur. Bunlar, Erek Dağı'nda (CTU IA 14-3) bulunan kaya yazıtları ve üst kısmı Gövelek'te bulunan Keşiş Göl stelidir (CTU IA 14-1)."
      },
      "geometry": {
        "type": "Point",
        "coordinates": [
          43.6446,
          38.466
        ]
      }
    },
    {
      "type": "Feature",
      "properties": {
        "name": "Waḫšušana",
        "desc": "A place from the TAVO Index",
        "name_tr": "Waḫšušana",
        "desc_tr": "TAVO Endeksinden bir yer"
      },
      "geometry": {
        "type": "Point",
        "coordinates": [
          32.5,
          37.5
        ]
      }
    },
    {
      "type": "Feature",
      "properties": {
        "name": "Priene/‘Lince’?",
        "desc": "Priene/‘Lince’? was an ancient Greek city of Ionia on an escarpment of Mycale Mons.",
        "name_tr": "Priene/‘Lince’?",
        "desc_tr": "Priene/'Lince'?, Mycale Mons'un bir yamacında yer alan İyonya'ya bağlı antik bir Yunan kentiydi."
      },
      "geometry": {
        "type": "Point",
        "coordinates": [
          27.2965836687,
          37.6607802765
        ]
      }
    },
    {
      "type": "Feature",
      "properties": {
        "name": "Pyrnos",
        "desc": "An ancient place, cited: BAtlas 61 G4 Pyrnos",
        "name_tr": "Pyrnos",
        "desc_tr": "Antik Kenti, Ref.: BAtlas 61 G4 Pyrnos"
      },
      "geometry": {
        "type": "Point",
        "coordinates": [
          28.445529,
          36.885007
        ]
      }
    },
    {
      "type": "Feature",
      "properties": {
        "name": "Sarniç",
        "desc": "An ancient place, cited: BAtlas 61 G3 Sarniç",
        "name_tr": "Sarniç",
        "desc_tr": "Antik Kenti, Ref.: BAtlas 61 G3 Sarniç"
      },
      "geometry": {
        "type": "Point",
        "coordinates": [
          28.148127,
          37.081316
        ]
      }
    },
    {
      "type": "Feature",
      "properties": {
        "name": "Si(b)de",
        "desc": "An ancient place, cited: BAtlas 61 F3 Si(b)de",
        "name_tr": "Si(b)de",
        "desc_tr": "Antik Kenti, Ref.: BAtlas 61 F3 Si(b)de"
      },
      "geometry": {
        "type": "Point",
        "coordinates": [
          27.5398754,
          37.0279774
        ]
      }
    },
    {
      "type": "Feature",
      "properties": {
        "name": "Skolopoeis",
        "desc": "Skolopoeis was a settlement of Ionia. Herodotus notes the presence of a sanctuary sacred to the Eleusinian Demeter. The ancient place was located near Doğanbey in Asiatic Turkey.",
        "name_tr": "Skolopoeis",
        "desc_tr": "Skolopoeis, İyonya'da bir yerleşim yeriydi. Herodot, Eleusisli Demeter'e adanmış bir tapınağın varlığından bahseder. Antik yer, Asya Anadolu'sunda Doğanbey yakınlarında bulunuyordu."
      },
      "geometry": {
        "type": "Point",
        "coordinates": [
          27.213678,
          37.626598
        ]
      }
    },
    {
      "type": "Feature",
      "properties": {
        "name": "Stadia",
        "desc": "An ancient place, cited: BAtlas 61 F4 Stadia",
        "name_tr": "Stadia",
        "desc_tr": "Antik Kenti, Ref.: BAtlas 61 F4 Stadia"
      },
      "geometry": {
        "type": "Point",
        "coordinates": [
          27.648272,
          36.742208
        ]
      }
    },
    {
      "type": "Feature",
      "properties": {
        "name": "Stratonikeia",
        "desc": "An ancient city in Caria founded by Antiochus I Soter, according to Strabo. The city had several phases, including a period of Rhodian influence, before coming under the umbrella of Roman administration. The city was elaborately embellished with monumental programs of public art and architecture. ",
        "name_tr": "Stratonikeia",
        "desc_tr": "Strabon'a göre, I. Antiochus Soter tarafından kurulan Karya'daki antik bir şehir. Şehir, Roma yönetimi altına girmeden önce Rodos etkisi de dahil olmak üzere çeşitli evreler geçirdi. Şehir, anıtsal kamusal sanat ve mimari programlarıyla özenle bezenmişti. "
      },
      "geometry": {
        "type": "Point",
        "coordinates": [
          28.061849,
          37.3137095
        ]
      }
    },
    {
      "type": "Feature",
      "properties": {
        "name": "Syangela",
        "desc": "An ancient place, cited: BAtlas 61 F3 Syangela",
        "name_tr": "Syangela",
        "desc_tr": "Antik Kenti, Ref.: BAtlas 61 F3 Syangela"
      },
      "geometry": {
        "type": "Point",
        "coordinates": [
          27.570356,
          37.050371
        ]
      }
    },
    {
      "type": "Feature",
      "properties": {
        "name": "Syrna",
        "desc": "An ancient settlement in Caria. Epigraphic finds place it somewhere in the vicinity of the modern village of Bayır in Turkey's Muğla province.",
        "name_tr": "Syrna",
        "desc_tr": "Karya'da antik bir yerleşim yeri. Epigrafik buluntulara göre, Türkiye'nin Muğla ilindeki Bayır köyünün yakınlarında bir yerde bulunuyor."
      },
      "geometry": {
        "type": "Point",
        "coordinates": [
          28.179243,
          36.7143936
        ]
      }
    },
    {
      "type": "Feature",
      "properties": {
        "name": "Teichioussa",
        "desc": "An ancient place, cited: BAtlas 61 E3 Teichioussa",
        "name_tr": "Teichioussa",
        "desc_tr": "Alıntılanan eski bir yer: BAtlas 61 E3 Teichioussa"
      },
      "geometry": {
        "type": "Point",
        "coordinates": [
          27.457993,
          37.353179
        ]
      }
    },
    {
      "type": "Feature",
      "properties": {
        "name": "Telmissos",
        "desc": "An ancient place, cited: BAtlas 61 E3 Telmissos",
        "name_tr": "Telmissos",
        "desc_tr": "Antik Kenti, Ref.: BAtlas 61 E3 Telmissos"
      },
      "geometry": {
        "type": "Point",
        "coordinates": [
          27.322999,
          37.035615
        ]
      }
    },
    {
      "type": "Feature",
      "properties": {
        "name": "Tendeba",
        "desc": "An ancient place, cited: BAtlas 61 G3 Tendeba",
        "name_tr": "Tendeba",
        "desc_tr": "Antik Kenti, Ref.: BAtlas 61 G3 Tendeba"
      },
      "geometry": {
        "type": "Point",
        "coordinates": [
          28.221031,
          37.277111
        ]
      }
    },
    {
      "type": "Feature",
      "properties": {
        "name": "Termera",
        "desc": "An ancient place, cited: BAtlas 61 E4 Termera",
        "name_tr": "Termera",
        "desc_tr": "Antik Kenti, Ref.: BAtlas 61 E4 Termera"
      },
      "geometry": {
        "type": "Point",
        "coordinates": [
          27.298363,
          36.995872
        ]
      }
    },
    {
      "type": "Feature",
      "properties": {
        "name": "Thasthara",
        "desc": "An ancient place, cited: BAtlas 61 F2 Thasthara",
        "name_tr": "Thasthara",
        "desc_tr": "Antik Kenti, Ref.: BAtlas 61 F2 Thasthara"
      },
      "geometry": {
        "type": "Point",
        "coordinates": [
          27.643214,
          37.593737
        ]
      }
    },
    {
      "type": "Feature",
      "properties": {
        "name": "Theangela",
        "desc": "An ancient place, cited: BAtlas 61 F3 Theangela",
        "name_tr": "Theangela",
        "desc_tr": "Antik Kenti, Ref.: BAtlas 61 F3 Theangela"
      },
      "geometry": {
        "type": "Point",
        "coordinates": [
          27.596132,
          37.0436
        ]
      }
    },
    {
      "type": "Feature",
      "properties": {
        "name": "Thera",
        "desc": "An ancient place, cited: BAtlas 61 G3 Thera",
        "name_tr": "Thera",
        "desc_tr": "Antik Kenti, Ref.: BAtlas 61 G3 Thera"
      },
      "geometry": {
        "type": "Point",
        "coordinates": [
          28.287125,
          37.139481
        ]
      }
    },
    {
      "type": "Feature",
      "properties": {
        "name": "Thyaira",
        "desc": "An ancient place, cited: BAtlas 61 F1 Thyaira",
        "name_tr": "Thyaira",
        "desc_tr": "Antik Kenti, Ref.: BAtlas 61 F1 Thyaira"
      },
      "geometry": {
        "type": "Point",
        "coordinates": [
          27.744117,
          38.085927
        ]
      }
    },
    {
      "type": "Feature",
      "properties": {
        "name": "Thyssanous",
        "desc": "An ancient place, cited: BAtlas 61 G4 Thyssanous",
        "name_tr": "Thyssanous",
        "desc_tr": "Antik Kenti, Ref.: BAtlas 61 G4 Thyssanous"
      },
      "geometry": {
        "type": "Point",
        "coordinates": [
          28.095361,
          36.649738
        ]
      }
    },
    {
      "type": "Feature",
      "properties": {
        "name": "*Tlos/Gelos",
        "desc": "An ancient place, cited: BAtlas 61 G4 *Tlos/Gelos",
        "name_tr": "*Tlos/Gelos",
        "desc_tr": "Antik Kenti, Ref.: BAtlas 61 G4 *Tlos/Twins"
      },
      "geometry": {
        "type": "Point",
        "coordinates": [
          28.077022,
          36.601967
        ]
      }
    },
    {
      "type": "Feature",
      "properties": {
        "name": "Tralles/Dia/Seleuceia ad Maeandrum/Kaisareia",
        "desc": "Tralles/Dia/Seleuceia ad Maeandrum/Kaisareia was an ancient city founded by Argives and Trallians that then fell under the sway of the Persian Empire and, later, Hellenistic kings.",
        "name_tr": "Tralles/Dia/Seleuceia ad Maeandrum/Kaisareia",
        "desc_tr": "Tralles/Dia/Seleuceia ad Maeandrum/Kaisareia, Argoslular ve Trallyalılar tarafından kurulan, daha sonra Pers İmparatorluğu'nun ve daha sonra Helenistik kralların egemenliğine giren antik bir kenttir."
      },
      "geometry": {
        "type": "Point",
        "coordinates": [
          27.8346031262,
          37.8598379245
        ]
      }
    },
    {
      "type": "Feature",
      "properties": {
        "name": "Triopion",
        "desc": "An ancient place, cited: BAtlas 61 E4 Triopion",
        "name_tr": "Triopion",
        "desc_tr": "Antik Kenti, Ref.: BAtlas 61 E4 Triopion"
      },
      "geometry": {
        "type": "Point",
        "coordinates": [
          27.493021,
          36.684805
        ]
      }
    },
    {
      "type": "Feature",
      "properties": {
        "name": "Tymnos",
        "desc": "An ancient place, cited: BAtlas 61 G4 Tymnos",
        "name_tr": "Tymnos",
        "desc_tr": "Antik Kenti, Ref.: BAtlas 61 G4 Tymnos"
      },
      "geometry": {
        "type": "Point",
        "coordinates": [
          28.062243,
          36.690466
        ]
      }
    },
    {
      "type": "Feature",
      "properties": {
        "name": "Xystis",
        "desc": "An ancient place, cited: BAtlas 61 G3 Xystis",
        "name_tr": "Xystis",
        "desc_tr": "Antik Kenti, Ref.: BAtlas 61 G3 Xystis"
      },
      "geometry": {
        "type": "Point",
        "coordinates": [
          28.465184,
          37.485556
        ]
      }
    },
    {
      "type": "Feature",
      "properties": {
        "name": "*Abouadeineita",
        "desc": "An ancient place, cited: BAtlas 62 E2 *Abouadeineita",
        "name_tr": "*Abouadeineita",
        "desc_tr": "Antik Kenti, Ref.: BAtlas 62 E2 *Abouadeineita"
      },
      "geometry": {
        "type": "Point",
        "coordinates": [
          30.542331,
          39.528949
        ]
      }
    },
    {
      "type": "Feature",
      "properties": {
        "name": "Aizanoi",
        "desc": "Aizanoi was an ancient Roman city located in western Anatolia.",
        "name_tr": "Aizanoi",
        "desc_tr": "Aizanoi, Batı Anadolu'da bulunan antik bir Roma kentiydi."
      },
      "geometry": {
        "type": "Point",
        "coordinates": [
          29.609445,
          39.201251
        ]
      }
    },
    {
      "type": "Feature",
      "properties": {
        "name": "Akmonia",
        "desc": "An ancient place, cited: BAtlas 62 C4 Akmonia",
        "name_tr": "Akmonia",
        "desc_tr": "Antik Kenti, Ref.: BAtlas 62 C4 Akmonia"
      },
      "geometry": {
        "type": "Point",
        "coordinates": [
          29.7739539667,
          38.6596983333
        ]
      }
    },
    {
      "type": "Feature",
      "properties": {
        "name": "Akören",
        "desc": "An ancient place, cited: BAtlas 62 E2 Akören",
        "name_tr": "Akören",
        "desc_tr": "Antik Kenti, Ref.: BAtlas 62 E2 Akören"
      },
      "geometry": {
        "type": "Point",
        "coordinates": [
          30.646995,
          39.637436
        ]
      }
    },
    {
      "type": "Feature",
      "properties": {
        "name": "*Alia",
        "desc": "An ancient place, cited: BAtlas 62 C4 *Alia",
        "name_tr": "*Alia",
        "desc_tr": "Antik Kenti, Ref.: BAtlas 62 C4 *Alia"
      },
      "geometry": {
        "type": "Point",
        "coordinates": [
          29.913185,
          38.907367
        ]
      }
    },
    {
      "type": "Feature",
      "properties": {
        "name": "*Aliana",
        "desc": "An ancient place, cited: BAtlas 62 B3 *Aliana",
        "name_tr": "*Aliana",
        "desc_tr": "Antik Kenti, Ref.: BAtlas 62 B3 *Aliana"
      },
      "geometry": {
        "type": "Point",
        "coordinates": [
          29.28327,
          39.275792
        ]
      }
    },
    {
      "type": "Feature",
      "properties": {
        "name": "Amorion",
        "desc": "A Hellenistic and Roman settlement that eventually prospered under the Byzantine Empire, Amorion began minting its own coins in the second century BCE. Its decline comes following a sacking in the ninth century at the hands of Caliph Al-Mu'tasim.",
        "name_tr": "Amorion",
        "desc_tr": "Helenistik ve Roma yerleşimlerinden biri olan ve Bizans İmparatorluğu döneminde refaha kavuşan Amorion, MÖ 2. yüzyılda kendi paralarını basmaya başladı. 9. yüzyılda Halife Mu'tasım tarafından yağmalanmasının ardından gerilemeye başladı."
      },
      "geometry": {
        "type": "Point",
        "coordinates": [
          31.2959439908,
          39.0194184288
        ]
      }
    },
    {
      "type": "Feature",
      "properties": {
        "name": "Ankyra",
        "desc": "An ancient place, cited: BAtlas 62 A3 Ankyra",
        "name_tr": "Ankyra",
        "desc_tr": "Antik Kenti, Ref.: BAtlas 62 A3 Ankyra"
      },
      "geometry": {
        "type": "Point",
        "coordinates": [
          28.8550855,
          39.1558245
        ]
      }
    },
    {
      "type": "Feature",
      "properties": {
        "name": "Antiochia/Col. Caesarea",
        "desc": "An ancient city in Pisidia.",
        "name_tr": "Antiochia/Col. Caesarea",
        "desc_tr": "Pisidya'da antik bir kent."
      },
      "geometry": {
        "type": "Point",
        "coordinates": [
          31.1898699486,
          38.3053740186
        ]
      }
    },
    {
      "type": "Feature",
      "properties": {
        "name": "Appia",
        "desc": "An ancient place, cited: BAtlas 62 C3 Appia",
        "name_tr": "Appia",
        "desc_tr": "Antik Kenti, Ref.: BAtlas 62 C3 Appia"
      },
      "geometry": {
        "type": "Point",
        "coordinates": [
          29.9834497,
          39.0245954
        ]
      }
    },
    {
      "type": "Feature",
      "properties": {
        "name": "*Appolena",
        "desc": "An ancient place, cited: BAtlas 62 F4 *Appolena",
        "name_tr": "*Appolena",
        "desc_tr": "Antik Kenti, Ref.: BAtlas 62 F4 *Appolena"
      },
      "geometry": {
        "type": "Point",
        "coordinates": [
          31.147865,
          38.959452
        ]
      }
    },
    {
      "type": "Feature",
      "properties": {
        "name": "Aragokome",
        "desc": "An ancient place, cited: BAtlas 62 D3 Aragokome",
        "name_tr": "Aragokome",
        "desc_tr": "Antik Kenti, Ref.: BAtlas 62 D3 Aragokome"
      },
      "geometry": {
        "type": "Point",
        "coordinates": [
          30.169512,
          39.071967
        ]
      }
    },
    {
      "type": "Feature",
      "properties": {
        "name": "Araukome",
        "desc": "An ancient place, cited: BAtlas 62 D3 Araukome",
        "name_tr": "Araukome",
        "desc_tr": "Antik Kenti, Ref.: BAtlas 62 D3 Araukome"
      },
      "geometry": {
        "type": "Point",
        "coordinates": [
          30.040127,
          39.154577
        ]
      }
    },
    {
      "type": "Feature",
      "properties": {
        "name": "Ariandos",
        "desc": "An ancient place, cited: BAtlas 62 A4 Ariandos",
        "name_tr": "Ariandos",
        "desc_tr": "Antik Kenti, Ref.: BAtlas 62 A4 Ariandos"
      },
      "geometry": {
        "type": "Point",
        "coordinates": [
          28.768545,
          38.890068
        ]
      }
    },
    {
      "type": "Feature",
      "properties": {
        "name": "Ariste?",
        "desc": "An ancient place, cited: BAtlas 62 A3 Ariste?",
        "name_tr": "Ariste?",
        "desc_tr": "Antik Kenti, Ref.: BAtlas 62 A3 Ariste?"
      },
      "geometry": {
        "type": "Point",
        "coordinates": [
          28.835122,
          39.448726
        ]
      }
    },
    {
      "type": "Feature",
      "properties": {
        "name": "Arra",
        "desc": "An ancient place, cited: BAtlas 62 G4 Arra",
        "name_tr": "Arra",
        "desc_tr": "Antik Kenti, Ref.: BAtlas 62 G4 Arra"
      },
      "geometry": {
        "type": "Point",
        "coordinates": [
          31.939387,
          38.61636
        ]
      }
    },
    {
      "type": "Feature",
      "properties": {
        "name": "Atlıhisar",
        "desc": "An ancient place, cited: BAtlas 62 E5 Atlıhisar",
        "name_tr": "Atlıhisar",
        "desc_tr": "Antik Kenti, Ref.: BAtlas 62 E5 Atlıhisar"
      },
      "geometry": {
        "type": "Point",
        "coordinates": [
          30.577874,
          38.464109
        ]
      }
    },
    {
      "type": "Feature",
      "properties": {
        "name": "Atyochorion",
        "desc": "An ancient settlement in Phrygia on the Maeander river that was known to have sanctuaries dedicated to Apollo Lairmenos and to Zeus Trossou. It was probably located at or near modern Akkent in Çal, Turkey.",
        "name_tr": "Atyochorion",
        "desc_tr": "Maeander Nehri kıyısındaki Frigya'da, Apollo Lairmenos ve Zeus Trossou'ya adanmış tapınakların bulunduğu bilinen antik bir yerleşim yeri. Muhtemelen Türkiye'nin Çal ilçesindeki günümüz Akkent'inde veya yakınında bulunuyordu."
      },
      "geometry": {
        "type": "Point",
        "coordinates": [
          29.3792472,
          38.1521275
        ]
      }
    },
    {
      "type": "Feature",
      "properties": {
        "name": "Aulutrene",
        "desc": "An ancient place, cited: BAtlas 62 D5 Aulutrene",
        "name_tr": "Aulutrene",
        "desc_tr": "Antik Kenti, Ref.: BAtlas 62 D5 Aulutrene"
      },
      "geometry": {
        "type": "Point",
        "coordinates": [
          30.274625,
          38.07629
        ]
      }
    },
    {
      "type": "Feature",
      "properties": {
        "name": "Aurokra",
        "desc": "An ancient place, cited: BAtlas 62 F4 Aurokra",
        "name_tr": "Aurokra",
        "desc_tr": "Antik Kenti, Ref.: BAtlas 62 F4 Aurokra"
      },
      "geometry": {
        "type": "Point",
        "coordinates": [
          31.19882,
          38.531995
        ]
      }
    },
    {
      "type": "Feature",
      "properties": {
        "name": "*Azareis/*Ezareis",
        "desc": "An ancient place, cited: BAtlas 62 G5 *Azareis/*Ezareis",
        "name_tr": "*Azareis/*Ezareis",
        "desc_tr": "Antik Kenti, Ref.: BAtlas 62 G5 *Azariis/*Ezariis"
      },
      "geometry": {
        "type": "Point",
        "coordinates": [
          31.658318,
          38.353927
        ]
      }
    },
    {
      "type": "Feature",
      "properties": {
        "name": "Babdalai",
        "desc": "An ancient place, cited: BAtlas 62 C4 Babdalai",
        "name_tr": "Babdalai",
        "desc_tr": "Antik Kenti, Ref.: BAtlas 62 C4 Babdalai"
      },
      "geometry": {
        "type": "Point",
        "coordinates": [
          29.538588,
          38.543079
        ]
      }
    },
    {
      "type": "Feature",
      "properties": {
        "name": "Bagis",
        "desc": "An ancient place, cited: BAtlas 62 B4 Bagis",
        "name_tr": "Bagis",
        "desc_tr": "Antik Kenti, Ref.: BAtlas 62 B4 Bagis"
      },
      "geometry": {
        "type": "Point",
        "coordinates": [
          29.16084635,
          38.6575327
        ]
      }
    },
    {
      "type": "Feature",
      "properties": {
        "name": "Bağlıca",
        "desc": "An ancient place, cited: BAtlas 62 F3 Bağlıca",
        "name_tr": "Bağlıca",
        "desc_tr": "An ancient place, cited: BAtlas 62 F3 Bağlıca"
      },
      "geometry": {
        "type": "Point",
        "coordinates": [
          31.131228,
          39.155758
        ]
      }
    },
    {
      "type": "Feature",
      "properties": {
        "name": "*Banboulena",
        "desc": "An ancient place, cited: BAtlas 62 E5 *Banboulena",
        "name_tr": "*Banboulena",
        "desc_tr": "Antik Kenti, Ref.: BAtlas 62 E5 *Banboulena"
      },
      "geometry": {
        "type": "Point",
        "coordinates": [
          30.582172,
          38.258267
        ]
      }
    },
    {
      "type": "Feature",
      "properties": {
        "name": "Beudos (Palaion)",
        "desc": "An ancient place, cited: BAtlas 62 E4 Beudos (Palaion)",
        "name_tr": "Beudos (Palaion)",
        "desc_tr": "Antik Kenti, Ref.: BAtlas 62 E4 Beudos (Palaion)"
      },
      "geometry": {
        "type": "Point",
        "coordinates": [
          30.642464,
          38.547839
        ]
      }
    },
    {
      "type": "Feature",
      "properties": {
        "name": "*Birgena",
        "desc": "An ancient place, cited: BAtlas 62 D3 *Birgena",
        "name_tr": "*Birgena",
        "desc_tr": "Antik Kenti, Ref.: BAtlas 62 D3 *Birgena"
      },
      "geometry": {
        "type": "Point",
        "coordinates": [
          30.185373,
          39.046379
        ]
      }
    },
    {
      "type": "Feature",
      "properties": {
        "name": "Blaundos",
        "desc": "An ancient place, cited: BAtlas 62 B5 Blaundos",
        "name_tr": "Blaundos",
        "desc_tr": "Antik Kenti, Ref.: BAtlas 62 B5 Blaundos"
      },
      "geometry": {
        "type": "Point",
        "coordinates": [
          29.2090059,
          38.3575842
        ]
      }
    },
    {
      "type": "Feature",
      "properties": {
        "name": "Brouzos",
        "desc": "An ancient place, cited: BAtlas 62 D4 Brouzos",
        "name_tr": "Brouzos",
        "desc_tr": "Antik Kenti, Ref.: BAtlas 62 D4 Brouzos"
      },
      "geometry": {
        "type": "Point",
        "coordinates": [
          30.1744786333,
          38.5299613333
        ]
      }
    },
    {
      "type": "Feature",
      "properties": {
        "name": "Çizikdam",
        "desc": "An ancient place, cited: BAtlas 62 B4 Çizikdam",
        "name_tr": "Çizikdam",
        "desc_tr": "Antik Kenti, Ref.: BATlas 62 B4 Çizikdam"
      },
      "geometry": {
        "type": "Point",
        "coordinates": [
          29.273889,
          38.569363
        ]
      }
    },
    {
      "type": "Feature",
      "properties": {
        "name": "(Col. Iulia Aug. Felix) Germa",
        "desc": "An ancient place, cited: BAtlas 62 G2 (Col. Iulia Aug. Felix) Germa",
        "name_tr": "(Col. Iulia Aug. Felix) Germa",
        "desc_tr": "Alıntı yapılan eski bir yer: BAtlas 62 G2 (Albay Iulia Aug. Felix) Germa"
      },
      "geometry": {
        "type": "Point",
        "coordinates": [
          31.6285363,
          39.5329225
        ]
      }
    },
    {
      "type": "Feature",
      "properties": {
        "name": "Derbent",
        "desc": "An ancient place, cited: BAtlas 62 F4 Derbent",
        "name_tr": "Derbent",
        "desc_tr": "Antik Kenti, Ref.: BAtlas 62 F4 Derbent"
      },
      "geometry": {
        "type": "Point",
        "coordinates": [
          31.022253,
          38.928129
        ]
      }
    },
    {
      "type": "Feature",
      "properties": {
        "name": "Diokleia",
        "desc": "An ancient place, cited: BAtlas 62 C4 Diokleia",
        "name_tr": "Diokleia",
        "desc_tr": "Antik Kenti, Ref.: BAtlas 62 C4 Diokleia"
      },
      "geometry": {
        "type": "Point",
        "coordinates": [
          29.88814,
          38.6638015
        ]
      }
    },
    {
      "type": "Feature",
      "properties": {
        "name": "Dionysoupolis",
        "desc": "An ancient place, cited: BAtlas 62 B5 Dionysoupolis",
        "name_tr": "Dionysoupolis",
        "desc_tr": "Antik Kenti, Ref.: BAtlas 62 B5 Dionysoupolis"
      },
      "geometry": {
        "type": "Point",
        "coordinates": [
          29.411864,
          38.233858
        ]
      }
    },
    {
      "type": "Feature",
      "properties": {
        "name": "Dioskome",
        "desc": "An ancient place, cited: BAtlas 62 C4 Dioskome",
        "name_tr": "Dioskome",
        "desc_tr": "Alıntı yapılan eski bir yer: BAtlas 62 C4 Dioskome"
      },
      "geometry": {
        "type": "Point",
        "coordinates": [
          29.595458,
          38.630906
        ]
      }
    },
    {
      "type": "Feature",
      "properties": {
        "name": "Dokimeion",
        "desc": "An ancient place, cited: BAtlas 62 E4 Dokimeion",
        "name_tr": "Dokimeion",
        "desc_tr": "Antik Kenti, Ref.: BAtlas 62 E4 Dokimeion"
      },
      "geometry": {
        "type": "Point",
        "coordinates": [
          30.7524503667,
          38.8627673
        ]
      }
    },
    {
      "type": "Feature",
      "properties": {
        "name": "Dorylaion",
        "desc": "Dorylaion was an important city in the north of Phrygia (modern Eskişehir in Turkey).",
        "name_tr": "Dorylaion",
        "desc_tr": "Dorylaion, Frigya'nın (bugünkü Eskişehir) kuzeyinde önemli bir kentti."
      },
      "geometry": {
        "type": "Point",
        "coordinates": [
          30.51684,
          39.77489
        ]
      }
    },
    {
      "type": "Feature",
      "properties": {
        "name": "Eibeos",
        "desc": "An ancient place, cited: BAtlas 62 C4 Eibeos",
        "name_tr": "Eibeos",
        "desc_tr": "Antik Kenti, Ref.: BAtlas 62 C4 Eibeos"
      },
      "geometry": {
        "type": "Point",
        "coordinates": [
          29.713282,
          38.5731625
        ]
      }
    },
    {
      "type": "Feature",
      "properties": {
        "name": "Eiokome",
        "desc": "An ancient place, cited: BAtlas 62 D3 Eiokome",
        "name_tr": "Eiokome",
        "desc_tr": "Antik Kenti, Ref.: BAtlas 62 D3 Eiokome"
      },
      "geometry": {
        "type": "Point",
        "coordinates": [
          30.31044,
          39.386076
        ]
      }
    },
    {
      "type": "Feature",
      "properties": {
        "name": "Emoddi/*Pereudos",
        "desc": "An ancient place, cited: BAtlas 62 A4 Emoddi/*Pereudos",
        "name_tr": "Emoddi/*Pereudos",
        "desc_tr": "Antik Kenti, Ref.: BAtlas 62 A4 Emoddi/*Pereudos"
      },
      "geometry": {
        "type": "Point",
        "coordinates": [
          28.579284,
          38.673395
        ]
      }
    },
    {
      "type": "Feature",
      "properties": {
        "name": "Erten",
        "desc": "An ancient place, cited: BAtlas 62 E3 Erten",
        "name_tr": "Erten",
        "desc_tr": "Antik Kenti, Ref.: BAtlas 62 E3 Erten"
      },
      "geometry": {
        "type": "Point",
        "coordinates": [
          30.826196,
          39.209552
        ]
      }
    },
    {
      "type": "Feature",
      "properties": {
        "name": "*Etsyena",
        "desc": "An ancient place, cited: BAtlas 62 E4 *Etsyena",
        "name_tr": "*Etsyena",
        "desc_tr": "Antik Kenti, Ref.: BAtlas 62 E4 *Etsyena"
      },
      "geometry": {
        "type": "Point",
        "coordinates": [
          30.927938,
          38.990614
        ]
      }
    },
    {
      "type": "Feature",
      "properties": {
        "name": "Eudoxias?",
        "desc": "An ancient place, cited: BAtlas 62 G3 Eudoxias?",
        "name_tr": "Eudoxias?",
        "desc_tr": "Antik Kenti, Ref.: BAtlas 62 G3 Eudoxias?"
      },
      "geometry": {
        "type": "Point",
        "coordinates": [
          31.746248,
          39.455074
        ]
      }
    },
    {
      "type": "Feature",
      "properties": {
        "name": "Eukarpia",
        "desc": "An ancient place, cited: BAtlas 62 D5 Eukarpia",
        "name_tr": "Eukarpia",
        "desc_tr": "Antik Kenti, Ref.: BAtlas 62 D5 Eukarpia"
      },
      "geometry": {
        "type": "Point",
        "coordinates": [
          30.10502055,
          38.4823698
        ]
      }
    },
    {
      "type": "Feature",
      "properties": {
        "name": "Fulvia/Eumeneia",
        "desc": "An ancient place, cited: BAtlas 62 C5 Fulvia/Eumeneia",
        "name_tr": "Fulvia/Eumeneia",
        "desc_tr": "Antik Kenti, Ref.: BAtlas 62 C5 Fulvia/Eumeneia"
      },
      "geometry": {
        "type": "Point",
        "coordinates": [
          29.8486215,
          38.320018
        ]
      }
    },
    {
      "type": "Feature",
      "properties": {
        "name": "Germia/Myriangeloi",
        "desc": "An ancient place, cited: BAtlas 62 G3 Germia/Myriangeloi",
        "name_tr": "Germia/Myriangeloi",
        "desc_tr": "Antik bölge, Ref.: BAtlas 62 G3 Germia/Myriangeloi"
      },
      "geometry": {
        "type": "Point",
        "coordinates": [
          31.8464415,
          39.326711
        ]
      }
    },
    {
      "type": "Feature",
      "properties": {
        "name": "Goeleon",
        "desc": "An ancient place, cited: BAtlas 62 G3 Goeleon",
        "name_tr": "Goeleon",
        "desc_tr": "Antik Kenti, Ref.: BAtlas 62 G3 Goeleon"
      },
      "geometry": {
        "type": "Point",
        "coordinates": [
          31.812937,
          39.302554
        ]
      }
    },
    {
      "type": "Feature",
      "properties": {
        "name": "Gordion/Vindia?",
        "desc": "The capital city of ancient Phrygia, the ruins of Gordion are located near the modern village of Yassıhüyük about 10km east of the Turkish city of Polatlı.",
        "name_tr": "Gordion/Vindia?",
        "desc_tr": "Antik Frigya'nın başkenti olan Gordion'un kalıntıları, Türkiye'nin Polatlı şehrinin yaklaşık 10 km doğusunda, Yassıhüyük köyünün yakınında bulunmaktadır."
      },
      "geometry": {
        "type": "Point",
        "coordinates": [
          31.9784831233,
          39.6503052703
        ]
      }
    },
    {
      "type": "Feature",
      "properties": {
        "name": "Hadrianeia",
        "desc": "An ancient place, cited: BAtlas 62 A2 Hadrianeia",
        "name_tr": "Hadrianeia",
        "desc_tr": "Antik Kenti, Ref.: BAtlas 62 A2 Hadrianeia"
      },
      "geometry": {
        "type": "Point",
        "coordinates": [
          28.633583,
          39.58982
        ]
      }
    },
    {
      "type": "Feature",
      "properties": {
        "name": "Hadrianoi",
        "desc": "An ancient place, cited: BAtlas 62 A2 Hadrianoi",
        "name_tr": "Hadrianoi",
        "desc_tr": "Antik Kenti, Ref.: BAtlas 62 A2 Hadrianoi"
      },
      "geometry": {
        "type": "Point",
        "coordinates": [
          28.998851,
          39.906135
        ]
      }
    },
    {
      "type": "Feature",
      "properties": {
        "name": "Hadrianoupolis",
        "desc": "An ancient place, cited: BAtlas 62 G5 Hadrianoupolis",
        "name_tr": "Hadrianoupolis",
        "desc_tr": "Antik Kenti, Ref.: BAtlas 62 G5 Hadrianoupolis"
      },
      "geometry": {
        "type": "Point",
        "coordinates": [
          31.6396155,
          38.226166
        ]
      }
    },
    {
      "type": "Feature",
      "properties": {
        "name": "Halokome?",
        "desc": "An ancient place, cited: BAtlas 62 A4 Halokome?",
        "name_tr": "Halokome?",
        "desc_tr": "Antik Kenti, Ref.: BAtlas 62 A4 Halokome?"
      },
      "geometry": {
        "type": "Point",
        "coordinates": [
          28.611201,
          38.840804
        ]
      }
    },
    {
      "type": "Feature",
      "properties": {
        "name": "Hasanlar",
        "desc": "An ancient place, cited: BAtlas 62 B3 Hasanlar",
        "name_tr": "Hasanlar",
        "desc_tr": "Antik Kenti, Ref.: BAtlas 62 B3 Hasanlar"
      },
      "geometry": {
        "type": "Point",
        "coordinates": [
          29.181245,
          39.257153
        ]
      }
    },
    {
      "type": "Feature",
      "properties": {
        "name": "Hierapolis/Koçhisar",
        "desc": "Hierapolis in Phrygia, now Koçhisar, Sandıklı, was was part of the Phrygian Pentapolis.",
        "name_tr": "Hierapolis/Koçhisar",
        "desc_tr": "Frigya'daki Hierapolis, günümüzde Koçhisar, Sandıklı olarak bilinen yer, Frigya Pentapolis'inin bir parçasıydı."
      },
      "geometry": {
        "type": "Point",
        "coordinates": [
          30.197699,
          38.461767
        ]
      }
    },
    {
      "type": "Feature",
      "properties": {
        "name": "*Homadena",
        "desc": "An ancient place, cited: BAtlas 62 C5 *Homadena",
        "name_tr": "*Homadena",
        "desc_tr": "Antik Kenti, Ref.: BAtlas 62 C5 *Homadena"
      },
      "geometry": {
        "type": "Point",
        "coordinates": [
          29.992079,
          38.236415
        ]
      }
    },
    {
      "type": "Feature",
      "properties": {
        "name": "*Iaza",
        "desc": "An ancient place, cited: BAtlas 62 A4 *Iaza",
        "name_tr": "*Iaza",
        "desc_tr": "Antik Kenti, Ref.: BAtlas 62 A4 *Iaza"
      },
      "geometry": {
        "type": "Point",
        "coordinates": [
          28.606799,
          38.586969
        ]
      }
    },
    {
      "type": "Feature",
      "properties": {
        "name": "Ipsos",
        "desc": "An ancient place, cited: BAtlas 62 E4 Ipsos",
        "name_tr": "Ipsos",
        "desc_tr": "Antik Kenti, Ref.: BAtlas 62 E4 Ipsos"
      },
      "geometry": {
        "type": "Point",
        "coordinates": [
          30.549206,
          38.856193
        ]
      }
    },
    {
      "type": "Feature",
      "properties": {
        "name": "Iskome?",
        "desc": "An ancient place, cited: BAtlas 62 D3 Iskome?",
        "name_tr": "Iskome?",
        "desc_tr": "Antik Kenti, Ref.: BAtlas 62 D3 Iskome?"
      },
      "geometry": {
        "type": "Point",
        "coordinates": [
          30.027724,
          39.057144
        ]
      }
    },
    {
      "type": "Feature",
      "properties": {
        "name": "Kadoi",
        "desc": "An ancient place, cited: BAtlas 62 B3 Kadoi",
        "name_tr": "Kadoi",
        "desc_tr": "Antik Kenti, Ref.: BAtlas 62 B3 Kadoi"
      },
      "geometry": {
        "type": "Point",
        "coordinates": [
          29.402473,
          39.0141695
        ]
      }
    },
    {
      "type": "Feature",
      "properties": {
        "name": "*Kagyetteia",
        "desc": "An ancient place, cited: BAtlas 62 B5 *Kagyetteia",
        "name_tr": "*Kagyetteia",
        "desc_tr": "Antik kenti, Ref.: BAtlas 62 B5 *Kagyetteia"
      },
      "geometry": {
        "type": "Point",
        "coordinates": [
          29.289333,
          38.168734
        ]
      }
    },
    {
      "type": "Feature",
      "properties": {
        "name": "*Karmena",
        "desc": "An ancient place, cited: BAtlas 62 E5 *Karmena",
        "name_tr": "*Karmena",
        "desc_tr": "Antik kenti, Ref.: BAtlas 62 E5 *Karmena"
      },
      "geometry": {
        "type": "Point",
        "coordinates": [
          30.741353,
          38.325884
        ]
      }
    },
    {
      "type": "Feature",
      "properties": {
        "name": "*Kaualena",
        "desc": "An ancient place, cited: BAtlas 62 B4 *Kaualena",
        "name_tr": "*Kaualena",
        "desc_tr": "Antik kenti, Ref.: BAtlas 62 B4 *Kaualena"
      },
      "geometry": {
        "type": "Point",
        "coordinates": [
          29.384641,
          38.596028
        ]
      }
    },
    {
      "type": "Feature",
      "properties": {
        "name": "Kidyessos",
        "desc": "An ancient place, cited: BAtlas 62 D4 Kidyessos",
        "name_tr": "Kidyessos",
        "desc_tr": "Antik Kenti, Ref.: BAtlas 62 D4 Kidyessos"
      },
      "geometry": {
        "type": "Point",
        "coordinates": [
          30.1908445,
          38.74297
        ]
      }
    },
    {
      "type": "Feature",
      "properties": {
        "name": "Klaneos?",
        "desc": "An ancient place, cited: BAtlas 62 G4 Klaneos?",
        "name_tr": "Klaneos?",
        "desc_tr": "Antik Kenti, Ref.: BAtlas 62 G4 Klaneos?"
      },
      "geometry": {
        "type": "Point",
        "coordinates": [
          31.834923,
          38.623418
        ]
      }
    },
    {
      "type": "Feature",
      "properties": {
        "name": "Kleros Politike",
        "desc": "An ancient place, cited: BAtlas 62 C4 Kleros Politike",
        "name_tr": "Kleros Politike",
        "desc_tr": "Antik Kenti, Ref.: BAtlas 62 C4 Kleros Politike"
      },
      "geometry": {
        "type": "Point",
        "coordinates": [
          29.958265,
          38.534915
        ]
      }
    },
    {
      "type": "Feature",
      "properties": {
        "name": "Koresa",
        "desc": "An ancient place, cited: BAtlas 62 A4 Koresa",
        "name_tr": "Koresa",
        "desc_tr": "Antik Kenti, Ref.: BAtlas 62 A4 Koresa"
      },
      "geometry": {
        "type": "Point",
        "coordinates": [
          28.585778,
          38.624086
        ]
      }
    },
    {
      "type": "Feature",
      "properties": {
        "name": "Kotiaeion",
        "desc": "An ancient place, cited: BAtlas 62 C3 Kotiaeion",
        "name_tr": "Kotiaeion",
        "desc_tr": "Antik kenti, Ref.: BAtlas 62 C3 Kotiaeion"
      },
      "geometry": {
        "type": "Point",
        "coordinates": [
          29.98451115,
          39.41814785
        ]
      }
    },
    {
      "type": "Feature",
      "properties": {
        "name": "Kouara?",
        "desc": "An ancient place, cited: BAtlas 62 A4 Kouara?",
        "name_tr": "Kouara?",
        "desc_tr": "Antik Kenti, Ref.: BAtlas 62 A4 Kouara?"
      },
      "geometry": {
        "type": "Point",
        "coordinates": [
          28.693248,
          38.581202
        ]
      }
    },
    {
      "type": "Feature",
      "properties": {
        "name": "Lagania/Anastasioupolis",
        "desc": "An ancient place, cited: BAtlas 62 H2 Lagania/Anastasioupolis",
        "name_tr": "Lagania/Anastasioupolis",
        "desc_tr": "Antik Kenti, Ref.: BAtlas 62 H2 Lagania/Anastasioupolis"
      },
      "geometry": {
        "type": "Point",
        "coordinates": [
          31.9622515,
          40.0219715
        ]
      }
    },
    {
      "type": "Feature",
      "properties": {
        "name": "*Lageina",
        "desc": "An ancient place, cited: BAtlas 62 G5 *Lageina",
        "name_tr": "*Lageina",
        "desc_tr": "Antik Kenti, Ref.: BAtlas 62 G5 *Lageina"
      },
      "geometry": {
        "type": "Point",
        "coordinates": [
          31.920419,
          38.281206
        ]
      }
    },
    {
      "type": "Feature",
      "properties": {
        "name": "Lalandos",
        "desc": "An ancient place, cited: BAtlas 62 F3 Lalandos",
        "name_tr": "Lalandos",
        "desc_tr": "Antik Kenti, Ref.: BAtlas 62 F3 Lalandos"
      },
      "geometry": {
        "type": "Point",
        "coordinates": [
          31.083257,
          39.063475
        ]
      }
    },
    {
      "type": "Feature",
      "properties": {
        "name": "Lamounia",
        "desc": "An ancient place, cited: BAtlas 62 D2 Lamounia",
        "name_tr": "Lamounia",
        "desc_tr": "Antik Kenti, Ref.: BAtlas 62 D2 Lamounia"
      },
      "geometry": {
        "type": "Point",
        "coordinates": [
          29.991594,
          39.924832
        ]
      }
    },
    {
      "type": "Feature",
      "properties": {
        "name": "*Lankena",
        "desc": "An ancient place, cited: BAtlas 62 C4 *Lankena",
        "name_tr": "*Lankena",
        "desc_tr": "Antik Kenti, Ref.: BAtlas 62 C4 *Lankena"
      },
      "geometry": {
        "type": "Point",
        "coordinates": [
          29.906358,
          38.876554
        ]
      }
    },
    {
      "type": "Feature",
      "properties": {
        "name": "Lyendos",
        "desc": "An ancient place, cited: BAtlas 62 B4 Lyendos",
        "name_tr": "Lyendos",
        "desc_tr": "Antik Kenti, Ref.: BAtlas 62 B4 Lyendos"
      },
      "geometry": {
        "type": "Point",
        "coordinates": [
          29.250768,
          38.716821
        ]
      }
    },
    {
      "type": "Feature",
      "properties": {
        "name": "Malos",
        "desc": "An ancient place, cited: BAtlas 62 E3 Malos",
        "name_tr": "Malos",
        "desc_tr": "Alıntı yapılan eski bir yer: BAtlas 62 E3 Malos"
      },
      "geometry": {
        "type": "Point",
        "coordinates": [
          30.753551,
          39.0892335
        ]
      }
    },
    {
      "type": "Feature",
      "properties": {
        "name": "Mantalos",
        "desc": "An ancient place, cited: BAtlas 62 C3 Mantalos",
        "name_tr": "Mantalos",
        "desc_tr": "Antik Kenti, Ref.: BAtlas 62 C3 Mantalos"
      },
      "geometry": {
        "type": "Point",
        "coordinates": [
          29.960783,
          39.181077
        ]
      }
    },
    {
      "type": "Feature",
      "properties": {
        "name": "Marlakkou Kome",
        "desc": "An ancient place, cited: BAtlas 62 D2 Marlakkou Kome",
        "name_tr": "Marlakkou Kome",
        "desc_tr": "Antik Kenti, Ref.: BAtlas 62 D2 Marlakkou Kome"
      },
      "geometry": {
        "type": "Point",
        "coordinates": [
          30.504952,
          39.572231
        ]
      }
    },
    {
      "type": "Feature",
      "properties": {
        "name": "Meiros",
        "desc": "An ancient place, cited: BAtlas 62 D3 Meiros",
        "name_tr": "Meiros",
        "desc_tr": "Antik Kenti, Ref.: BAtlas 62 D3 Meiros"
      },
      "geometry": {
        "type": "Point",
        "coordinates": [
          30.376179,
          39.2051885
        ]
      }
    },
    {
      "type": "Feature",
      "properties": {
        "name": "Meiros Megale",
        "desc": "An ancient place, cited: BAtlas 62 D3 Meiros Megale",
        "name_tr": "Meiros Megale",
        "desc_tr": "Alıntılanan eski bir yer: BAtlas 62 D3 Meiros Megale"
      },
      "geometry": {
        "type": "Point",
        "coordinates": [
          30.309537,
          39.291972
        ]
      }
    },
    {
      "type": "Feature",
      "properties": {
        "name": "Metropolis (Oyneş)",
        "desc": "An ancient settlement in Phrygia, located at modern Oyneş in Turkey's Eskişehir province.",
        "name_tr": "Metropolis (Oyneş)",
        "desc_tr": "Türkiye'nin Eskişehir ilinin Oyneş ilçesinde bulunan Frigya'nın antik yerleşim yeri."
      },
      "geometry": {
        "type": "Point",
        "coordinates": [
          30.62798715,
          39.17150235
        ]
      }
    },
    {
      "type": "Feature",
      "properties": {
        "name": "Metropolis",
        "desc": "Metropolis was a city located in southern Phrygia.",
        "name_tr": "Metropolis",
        "desc_tr": "Metropolis, Frigya'nın güneyinde yer alan bir kentti."
      },
      "geometry": {
        "type": "Point",
        "coordinates": [
          30.490599,
          38.241194
        ]
      }
    },
    {
      "type": "Feature",
      "properties": {
        "name": "Midaion",
        "desc": "A city in Phrygia named after its legendary founder, king Midas.",
        "name_tr": "Midaion",
        "desc_tr": "Efsanevi kurucusu Kral Midas'ın adını taşıyan Frigya'daki bir şehir."
      },
      "geometry": {
        "type": "Point",
        "coordinates": [
          30.84518185,
          39.80007435
        ]
      }
    },
    {
      "type": "Feature",
      "properties": {
        "name": "Mossyna",
        "desc": "An ancient place, cited: BAtlas 62 B5 Mossyna",
        "name_tr": "Mossyna",
        "desc_tr": "Antik Kenti, Ref.: BAtlas 62 B5 Mossyna"
      },
      "geometry": {
        "type": "Point",
        "coordinates": [
          29.298552,
          38.095586
        ]
      }
    },
    {
      "type": "Feature",
      "properties": {
        "name": "*Motaleia",
        "desc": "An ancient place, cited: BAtlas 62 B5 *Motaleia",
        "name_tr": "*Motaleia",
        "desc_tr": "Antik kenti, Ref.: BAtlas 62 B5 *Motaleia"
      },
      "geometry": {
        "type": "Point",
        "coordinates": [
          29.208527,
          38.116617
        ]
      }
    },
    {
      "type": "Feature",
      "properties": {
        "name": "Motella/Metelloupolis",
        "desc": "An ancient place, cited: BAtlas 62 B5 Motella/Metelloupolis",
        "name_tr": "Motella/Metelloupolis",
        "desc_tr": "Antik Kenti, Ref.: BAtlas 62 B5 Motella/Metelloupolis"
      },
      "geometry": {
        "type": "Point",
        "coordinates": [
          29.307254,
          38.2511215
        ]
      }
    },
    {
      "type": "Feature",
      "properties": {
        "name": "Nais",
        "desc": "An ancient place, cited: BAtlas 62 B5 Nais",
        "name_tr": "Nais",
        "desc_tr": "Antik Kenti, Ref.: BAtlas 62 B5 Nais"
      },
      "geometry": {
        "type": "Point",
        "coordinates": [
          29.211402,
          38.427036
        ]
      }
    },
    {
      "type": "Feature",
      "properties": {
        "name": "Nakoleia",
        "desc": "An ancient place, cited: BAtlas 62 E3 Nakoleia",
        "name_tr": "Nakoleia",
        "desc_tr": "Alıntı yapılan eski bir yer: BAtlas 62 E3 Nakoleia"
      },
      "geometry": {
        "type": "Point",
        "coordinates": [
          30.7072267333,
          39.4583577333
        ]
      }
    },
    {
      "type": "Feature",
      "properties": {
        "name": "*Nisyra",
        "desc": "An ancient place, cited: BAtlas 62 A4 *Nisyra",
        "name_tr": "*Nisyra",
        "desc_tr": "Antik Kenti, Ref.: BAtlas 62 A4 *Nisyra"
      },
      "geometry": {
        "type": "Point",
        "coordinates": [
          28.603039,
          38.54711
        ]
      }
    },
    {
      "type": "Feature",
      "properties": {
        "name": "Orkistos",
        "desc": "An ancient place, cited: BAtlas 62 F3 Orkistos",
        "name_tr": "Orkistos",
        "desc_tr": "Antik Kenti, Ref.: BAtlas 62 F3 Orkistos"
      },
      "geometry": {
        "type": "Point",
        "coordinates": [
          31.257318,
          39.255571
        ]
      }
    },
    {
      "type": "Feature",
      "properties": {
        "name": "Otrous",
        "desc": "An ancient place, cited: BAtlas 62 C5 Otrous",
        "name_tr": "Otrous",
        "desc_tr": "Antik Kenti, Ref.: BAtlas 62 C5 Otrous"
      },
      "geometry": {
        "type": "Point",
        "coordinates": [
          29.958841,
          38.451497
        ]
      }
    },
    {
      "type": "Feature",
      "properties": {
        "name": "*Oueiniata",
        "desc": "An ancient place, cited: BAtlas 62 E5 *Oueiniata",
        "name_tr": "*Oueiniata",
        "desc_tr": "Antik Kenti, Ref.: BAtlas 62 E5 *Oueiniata"
      },
      "geometry": {
        "type": "Point",
        "coordinates": [
          30.699136,
          38.308423
        ]
      }
    },
    {
      "type": "Feature",
      "properties": {
        "name": "Palox?",
        "desc": "An ancient place, cited: BAtlas 62 B2 Palox?",
        "name_tr": "Palox?",
        "desc_tr": "Antik Kenti, Ref.: BAtlas 62 B2 Palox?"
      },
      "geometry": {
        "type": "Point",
        "coordinates": [
          29.484267,
          39.514632
        ]
      }
    },
    {
      "type": "Feature",
      "properties": {
        "name": "Panasion",
        "desc": "An ancient place, cited: BAtlas 62 C4 Panasion",
        "name_tr": "Panasion",
        "desc_tr": "Antik Kenti, Ref.: BAtlas 62 C4 Panasion"
      },
      "geometry": {
        "type": "Point",
        "coordinates": [
          29.753273,
          38.765879
        ]
      }
    },
    {
      "type": "Feature",
      "properties": {
        "name": "Pessinous/Iustinianoupolis",
        "desc": "An ancient city of Asia Minor, today Ballıhisar in Turkey.",
        "name_tr": "Pessinous/Iustinianoupolis",
        "desc_tr": "Küçük Asya'nın antik kenti, bugün Türkiye'de Ballıhisar."
      },
      "geometry": {
        "type": "Point",
        "coordinates": [
          31.5835606226,
          39.3328818668
        ]
      }
    },
    {
      "type": "Feature",
      "properties": {
        "name": "Philomelion",
        "desc": "An ancient place, cited: BAtlas 62 F5 Philomelion",
        "name_tr": "Philomelion",
        "desc_tr": "Antik Kenti, Ref.: BAtlas 62 F5 Philomelion"
      },
      "geometry": {
        "type": "Point",
        "coordinates": [
          31.429822,
          38.356716
        ]
      }
    },
    {
      "type": "Feature",
      "properties": {
        "name": "Phyteia",
        "desc": "An ancient place, cited: BAtlas 62 F4 Phyteia",
        "name_tr": "Phyteia",
        "desc_tr": "Antik Kenti, Ref.: BAtlas 62 F4 Phyteia"
      },
      "geometry": {
        "type": "Point",
        "coordinates": [
          31.065543,
          38.8946235
        ]
      }
    },
    {
      "type": "Feature",
      "properties": {
        "name": "Pissia",
        "desc": "An ancient place, cited: BAtlas 62 G5 Pissia",
        "name_tr": "Pissia",
        "desc_tr": "Antik Kenti, Ref.: BAtlas 62 G5 Pissia"
      },
      "geometry": {
        "type": "Point",
        "coordinates": [
          31.542903,
          38.25813
        ]
      }
    },
    {
      "type": "Feature",
      "properties": {
        "name": "*Plouristreia",
        "desc": "An ancient place, cited: BAtlas 62 E5 *Plouristreia",
        "name_tr": "*Plouristreia",
        "desc_tr": "Antik Kenti, Ref.: BAtlas 62 E5 *Plouristreia"
      },
      "geometry": {
        "type": "Point",
        "coordinates": [
          30.592784,
          38.2103
        ]
      }
    },
    {
      "type": "Feature",
      "properties": {
        "name": "Polybotos",
        "desc": "An ancient place, cited: BAtlas 62 F4 Polybotos",
        "name_tr": "Polybotos",
        "desc_tr": "Antik Kenti, Ref.: BAtlas 62 F4 Polybotos"
      },
      "geometry": {
        "type": "Point",
        "coordinates": [
          31.048534,
          38.712642
        ]
      }
    },
    {
      "type": "Feature",
      "properties": {
        "name": "*Polyntena",
        "desc": "An ancient place, cited: BAtlas 62 D5 *Polyntena",
        "name_tr": "*Polyntena",
        "desc_tr": "Antik kenti, Ref.: BAtlas 62 D5 *Polyntena"
      },
      "geometry": {
        "type": "Point",
        "coordinates": [
          30.420985,
          38.222007
        ]
      }
    },
    {
      "type": "Feature",
      "properties": {
        "name": "*Pontanena",
        "desc": "An ancient place, cited: BAtlas 62 E3 *Pontanena",
        "name_tr": "*Pontanena",
        "desc_tr": "Antik Kenti, Ref.: BAtlas 62 E3 *Pontanena"
      },
      "geometry": {
        "type": "Point",
        "coordinates": [
          30.526799,
          39.352264
        ]
      }
    },
    {
      "type": "Feature",
      "properties": {
        "name": "Prymnessos",
        "desc": "An ancient place, cited: BAtlas 62 E4 Prymnessos",
        "name_tr": "Prymnessos",
        "desc_tr": "Antik Kenti, Ref.: BAtlas 62 E4 Prymnessos"
      },
      "geometry": {
        "type": "Point",
        "coordinates": [
          30.5693948,
          38.69782865
        ]
      }
    },
    {
      "type": "Feature",
      "properties": {
        "name": "Saittai",
        "desc": "An ancient place, cited: BAtlas 62 A4 Saittai",
        "name_tr": "Saittai",
        "desc_tr": "Antik Kenti, Ref.: BAtlas 62 A4 Saittai"
      },
      "geometry": {
        "type": "Point",
        "coordinates": [
          28.624,
          38.703021
        ]
      }
    },
    {
      "type": "Feature",
      "properties": {
        "name": "*Saloudeia?",
        "desc": "An ancient place, cited: BAtlas 62 B5 *Saloudeia?",
        "name_tr": "*Saloudeia?",
        "desc_tr": "Antik kenti, Ref.: BAtlas 62 B5 *Saloudeia?"
      },
      "geometry": {
        "type": "Point",
        "coordinates": [
          29.276183,
          38.121811
        ]
      }
    },
    {
      "type": "Feature",
      "properties": {
        "name": "Sarıçayır",
        "desc": "An ancient place, cited: BAtlas 62 E4 Sarıçayır",
        "name_tr": "Sarıçayır",
        "desc_tr": "Antik Kenti, Ref.: BAtlas 62 E4 Sarıçayır"
      },
      "geometry": {
        "type": "Point",
        "coordinates": [
          30.684067,
          38.994776
        ]
      }
    },
    {
      "type": "Feature",
      "properties": {
        "name": "Sebaste",
        "desc": "An ancient place, cited: BAtlas 62 C5 Sebaste",
        "name_tr": "Sebaste",
        "desc_tr": "Antik Kenti, Ref.: BAtlas 62 C5 Sebaste"
      },
      "geometry": {
        "type": "Point",
        "coordinates": [
          29.655699,
          38.496089
        ]
      }
    },
    {
      "type": "Feature",
      "properties": {
        "name": "*Seilinda",
        "desc": "An ancient place, cited: BAtlas 62 G5 *Seilinda",
        "name_tr": "*Seilinda",
        "desc_tr": "Antik Kenti, Ref.: BAtlas 62 G5 *Seilinda"
      },
      "geometry": {
        "type": "Point",
        "coordinates": [
          31.598807,
          38.20584
        ]
      }
    },
    {
      "type": "Feature",
      "properties": {
        "name": "*Selmena",
        "desc": "An ancient place, cited: BAtlas 62 G4 *Selmena",
        "name_tr": "*Selmena",
        "desc_tr": "Antik Kenti, Ref.: BAtlas 62 G4 *Selmena"
      },
      "geometry": {
        "type": "Point",
        "coordinates": [
          31.750413,
          38.693956
        ]
      }
    },
    {
      "type": "Feature",
      "properties": {
        "name": "*Sereana",
        "desc": "An ancient place, cited: BAtlas 62 E2 *Sereana",
        "name_tr": "*Sereana",
        "desc_tr": "Antik Kenti, Ref.: BAtlas 62 E2 *Sereana"
      },
      "geometry": {
        "type": "Point",
        "coordinates": [
          30.564469,
          39.534575
        ]
      }
    },
    {
      "type": "Feature",
      "properties": {
        "name": "Seydiler",
        "desc": "An ancient place, cited: BAtlas 62 E4 Seydiler",
        "name_tr": "Seydiler",
        "desc_tr": "Antik Kenti, Ref.: BAtlas 62 E4 Seydiler"
      },
      "geometry": {
        "type": "Point",
        "coordinates": [
          30.815898,
          38.89395
        ]
      }
    },
    {
      "type": "Feature",
      "properties": {
        "name": "Seyrecek",
        "desc": "An ancient place, cited: BAtlas 62 E3 Seyrecek",
        "name_tr": "Seyrecek",
        "desc_tr": "Antik Kenti, Ref.: BAtlas 62 E3 Seyrecek"
      },
      "geometry": {
        "type": "Point",
        "coordinates": [
          30.570096,
          39.182796
        ]
      }
    },
    {
      "type": "Feature",
      "properties": {
        "name": "Silandos",
        "desc": "An ancient place, cited: BAtlas 62 A4 Silandos",
        "name_tr": "Silandos",
        "desc_tr": "Antik Kenti, Ref.: BAtlas 62 A4 Silandos"
      },
      "geometry": {
        "type": "Point",
        "coordinates": [
          28.8260256,
          38.75151735
        ]
      }
    },
    {
      "type": "Feature",
      "properties": {
        "name": "*Sittena?",
        "desc": "An ancient place, cited: BAtlas 62 A3 *Sittena?",
        "name_tr": "*Sittena?",
        "desc_tr": "Antik Kenti, Ref.: BAtlas 62 A3 *Sittena?"
      },
      "geometry": {
        "type": "Point",
        "coordinates": [
          28.934002,
          39.457113
        ]
      }
    },
    {
      "type": "Feature",
      "properties": {
        "name": "*Skodrena",
        "desc": "An ancient place, cited: BAtlas 62 A3 *Skodrena",
        "name_tr": "*Skodrena",
        "desc_tr": "Antik Kenti, Ref.: BAtlas 62 A3 *Skodrena"
      },
      "geometry": {
        "type": "Point",
        "coordinates": [
          28.983003,
          39.237523
        ]
      }
    },
    {
      "type": "Feature",
      "properties": {
        "name": "*Soa",
        "desc": "An ancient place, cited: BAtlas 62 D3 *Soa",
        "name_tr": "*Soa",
        "desc_tr": "Antik Kenti, Ref.: BAtlas 62 D3 *Soa"
      },
      "geometry": {
        "type": "Point",
        "coordinates": [
          30.216813,
          39.076771
        ]
      }
    },
    {
      "type": "Feature",
      "properties": {
        "name": "Spaleia",
        "desc": "An ancient place, cited: BAtlas 62 G3 Spaleia",
        "name_tr": "Spaleia",
        "desc_tr": "Antik Kenti, Ref.: BAtlas 62 G3 Spaleia"
      },
      "geometry": {
        "type": "Point",
        "coordinates": [
          31.5565105,
          39.45924
        ]
      }
    },
    {
      "type": "Feature",
      "properties": {
        "name": "Spore?",
        "desc": "An ancient place, cited: BAtlas 62 C3 Spore?",
        "name_tr": "Spore?",
        "desc_tr": "Antik Kenti, Ref.: BAtlas 62 C3 Spore?"
      },
      "geometry": {
        "type": "Point",
        "coordinates": [
          29.869114,
          39.243112
        ]
      }
    },
    {
      "type": "Feature",
      "properties": {
        "name": "Stektorion",
        "desc": "An ancient place, cited: BAtlas 62 D5 Stektorion",
        "name_tr": "Stektorion",
        "desc_tr": "Antik Kenti, Ref.: BAtlas 62 D5 Stektorion"
      },
      "geometry": {
        "type": "Point",
        "coordinates": [
          30.148649,
          38.3323615
        ]
      }
    },
    {
      "type": "Feature",
      "properties": {
        "name": "Sülümenli",
        "desc": "An ancient place, cited: BAtlas 62 E4 Sülümenli",
        "name_tr": "Sülümenli",
        "desc_tr": "Antik Kenti, Ref.: BAtlas 62 E4 Sülümenli"
      },
      "geometry": {
        "type": "Point",
        "coordinates": [
          30.728118,
          38.723473
        ]
      }
    },
    {
      "type": "Feature",
      "properties": {
        "name": "Synaos",
        "desc": "An ancient place, cited: BAtlas 62 A3 Synaos",
        "name_tr": "Synaos",
        "desc_tr": "Antik Kenti, Ref.: BAtlas 62 A3 Synaos"
      },
      "geometry": {
        "type": "Point",
        "coordinates": [
          28.9784543333,
          39.0922016667
        ]
      }
    },
    {
      "type": "Feature",
      "properties": {
        "name": "Synnada",
        "desc": "An ancient place, cited: BAtlas 62 E4 Synnada",
        "name_tr": "Synnada",
        "desc_tr": "Antik Kenti, Ref.: BAtlas 62 E4 Synnada"
      },
      "geometry": {
        "type": "Point",
        "coordinates": [
          30.548095,
          38.5346177667
        ]
      }
    },
    {
      "type": "Feature",
      "properties": {
        "name": "Tabala",
        "desc": "An ancient place, cited: BAtlas 62 A4 Tabala",
        "name_tr": "Tabala",
        "desc_tr": "Antik Kenti, Ref.: BAtlas 62 A4 Tabala"
      },
      "geometry": {
        "type": "Point",
        "coordinates": [
          28.803373,
          38.612168
        ]
      }
    },
    {
      "type": "Feature",
      "properties": {
        "name": "Tamasis",
        "desc": "An ancient place, cited: BAtlas 62 A4 Tamasis",
        "name_tr": "Tamasis",
        "desc_tr": "Antik Kenti, Ref.: BAtlas 62 A4 Tamasis"
      },
      "geometry": {
        "type": "Point",
        "coordinates": [
          28.735963,
          38.796504
        ]
      }
    },
    {
      "type": "Feature",
      "properties": {
        "name": "*Tanaitena",
        "desc": "An ancient place, cited: BAtlas 62 D3 *Tanaitena",
        "name_tr": "*Tanaitena",
        "desc_tr": "Antik Kenti, Ref.: BAtlas 62 D3 *Tanaitena"
      },
      "geometry": {
        "type": "Point",
        "coordinates": [
          30.297696,
          39.077762
        ]
      }
    },
    {
      "type": "Feature",
      "properties": {
        "name": "Tarsis?",
        "desc": "An ancient place, cited: BAtlas 62 A4 Tarsis?",
        "name_tr": "Tarsis?",
        "desc_tr": "Antik Kenti, Ref.: BAtlas 62 A4 Tarsis?"
      },
      "geometry": {
        "type": "Point",
        "coordinates": [
          28.726106,
          38.770397
        ]
      }
    },
    {
      "type": "Feature",
      "properties": {
        "name": "*Taza?",
        "desc": "An ancient place, cited: BAtlas 62 A4 *Taza?",
        "name_tr": "*Taza?",
        "desc_tr": "Antik Kenti, Ref.: BAtlas 62 A4 *Taza?"
      },
      "geometry": {
        "type": "Point",
        "coordinates": [
          28.668896,
          38.674733
        ]
      }
    },
    {
      "type": "Feature",
      "properties": {
        "name": "Temenouthyrai",
        "desc": "An ancient place, cited: BAtlas 62 B4 Temenouthyrai",
        "name_tr": "Temenouthyrai",
        "desc_tr": "Antik Kenti, Ref.: BAtlas 62 B4 Temenouthyrai"
      },
      "geometry": {
        "type": "Point",
        "coordinates": [
          29.4104525,
          38.6794575
        ]
      }
    },
    {
      "type": "Feature",
      "properties": {
        "name": "Terziler",
        "desc": "An ancient place, cited: BAtlas 62 C3 Terziler",
        "name_tr": "Terziler",
        "desc_tr": "Antik Kenti, Ref.: BAtlas 62 C3 Terziler"
      },
      "geometry": {
        "type": "Point",
        "coordinates": [
          29.779751,
          39.133558
        ]
      }
    },
    {
      "type": "Feature",
      "properties": {
        "name": "*Thiounta",
        "desc": "An ancient place, cited: BAtlas 62 B5 *Thiounta",
        "name_tr": "*Thiounta",
        "desc_tr": "Antik Kenti, Ref.: BAtlas 62 B5 *Thiounta"
      },
      "geometry": {
        "type": "Point",
        "coordinates": [
          29.1554125,
          38.113071
        ]
      }
    },
    {
      "type": "Feature",
      "properties": {
        "name": "Tiberioupolis?",
        "desc": "An ancient place, cited: BAtlas 62 B3 Tiberioupolis?",
        "name_tr": "Tiberioupolis?",
        "desc_tr": "Antik Kenti, Ref.: BAtlas 62 B3 Tiberioupolis?"
      },
      "geometry": {
        "type": "Point",
        "coordinates": [
          29.32414,
          39.374622
        ]
      }
    },
    {
      "type": "Feature",
      "properties": {
        "name": "Tolastochora?",
        "desc": "An ancient place, cited: BAtlas 62 G3 Tolastochora?",
        "name_tr": "Tolastochora?",
        "desc_tr": "Alıntı yapılan eski bir yer: BAtlas 62 G3 Tolastochora?"
      },
      "geometry": {
        "type": "Point",
        "coordinates": [
          31.854125,
          39.058379
        ]
      }
    },
    {
      "type": "Feature",
      "properties": {
        "name": "Traianoupolis",
        "desc": "An ancient place, cited: BAtlas 62 C4 Traianoupolis",
        "name_tr": "Traianoupolis",
        "desc_tr": "Antik Kenti, Ref.: BAtlas 62 C4 Traianoupolis"
      },
      "geometry": {
        "type": "Point",
        "coordinates": [
          29.546946,
          38.686451
        ]
      }
    },
    {
      "type": "Feature",
      "properties": {
        "name": "*Trokna",
        "desc": "An ancient place, cited: BAtlas 62 F2 *Trokna",
        "name_tr": "*Trokna",
        "desc_tr": "Antik Kenti, Ref.: BAtlas 62 F2 *Trokna"
      },
      "geometry": {
        "type": "Point",
        "coordinates": [
          31.179942,
          39.517396
        ]
      }
    },
    {
      "type": "Feature",
      "properties": {
        "name": "Tymandos",
        "desc": "An ancient place, cited: BAtlas 62 E5 Tymandos",
        "name_tr": "Tymandos",
        "desc_tr": "Antik Kenti, Ref.: BAtlas 62 E5 Tymandos"
      },
      "geometry": {
        "type": "Point",
        "coordinates": [
          30.607024,
          38.104416
        ]
      }
    },
    {
      "type": "Feature",
      "properties": {
        "name": "Tyr(i)aion?",
        "desc": "An ancient place, cited: BAtlas 62 G5 Tyr(i)aion?",
        "name_tr": "Tyr(i)aion?",
        "desc_tr": "Antik Kenti, Ref.: BAtlas 62 G5 Tyr(i)aion?"
      },
      "geometry": {
        "type": "Point",
        "coordinates": [
          31.904303,
          38.282553
        ]
      }
    },
    {
      "type": "Feature",
      "properties": {
        "name": "Yakakayı Yaylası",
        "desc": "An ancient place, cited: BAtlas 62 E2 Yakakayı Yaylası",
        "name_tr": "Yakakayı Yaylası",
        "desc_tr": "An ancient place, cited: BAtlas 62 E2 Yakakayı Yaylası"
      },
      "geometry": {
        "type": "Point",
        "coordinates": [
          30.780067,
          39.809118
        ]
      }
    },
    {
      "type": "Feature",
      "properties": {
        "name": "Yazılıkaya (Eskişehir)",
        "desc": "Yazılıkaya (also known as 'Midas City') is an archaeological site in Eskişehir Province, Turkey, known for its Phrygian rock-cut monuments.",
        "name_tr": "Yazılıkaya (Eskişehir)",
        "desc_tr": "Yazılıkaya (Midas Şehri olarak da bilinir), Türkiye'nin Eskişehir ilinde bulunan ve Frig kaya oyma anıtlarıyla tanınan bir arkeolojik alandır."
      },
      "geometry": {
        "type": "Point",
        "coordinates": [
          30.7135629,
          39.2002244
        ]
      }
    },
    {
      "type": "Feature",
      "properties": {
        "name": "*Zemmeana",
        "desc": "An ancient place, cited: BAtlas 62 D3 *Zemmeana",
        "name_tr": "*Zemmeana",
        "desc_tr": "Antik Kenti, Ref.: BAtlas 62 D3 *Zemmeana"
      },
      "geometry": {
        "type": "Point",
        "coordinates": [
          30.0826,
          39.108401
        ]
      }
    },
    {
      "type": "Feature",
      "properties": {
        "name": "Zingotos Kome",
        "desc": "An ancient place, cited: BAtlas 62 D3 Zingotos Kome",
        "name_tr": "Zingotos Kome",
        "desc_tr": "Antik Kenti, Ref.: BAtlas 62 D3 Zingotos Kome"
      },
      "geometry": {
        "type": "Point",
        "coordinates": [
          30.097667,
          39.218945
        ]
      }
    },
    {
      "type": "Feature",
      "properties": {
        "name": "Kobedyle",
        "desc": "A settlement mentioned in ancient sources that cannot be precisely located today. It was probably located in the area of modern Turkey called Burçak Ovası (ancient Kastolou Pedion), northeast of Philadelpheia (modern Alaşehir).",
        "name_tr": "Kobedyle",
        "desc_tr": "Antik kaynaklarda adı geçen ancak bugün tam olarak yeri belirlenemeyen bir yerleşim yeri. Muhtemelen günümüz Türkiye'sinde, Philadelpheia'nın (günümüzde Alaşehir) kuzeydoğusunda, Burçak Ovası (antik Kastolou Pedion) olarak adlandırılan bölgede bulunuyordu."
      },
      "geometry": {
        "type": "Point",
        "coordinates": [
          28.75,
          38.75
        ]
      }
    },
    {
      "type": "Feature",
      "properties": {
        "name": "Pepouza",
        "desc": "An ancient place, cited: BAtlas 62 unlocated Pepouza",
        "name_tr": "Pepouza",
        "desc_tr": "Antik bir yer, alıntılandı: BAtlas 62 yeri belirtilmemiş Pepouza"
      },
      "geometry": {
        "type": "Point",
        "coordinates": [
          29.461389,
          38.408056
        ]
      }
    },
    {
      "type": "Feature",
      "properties": {
        "name": "Arinçkus",
        "desc": "The findspot for an Urartian stele.",
        "name_tr": "Arinçkus",
        "desc_tr": "Urartu stelinin buluntu yeri."
      },
      "geometry": {
        "type": "Point",
        "coordinates": [
          43.06556185,
          38.8117505
        ]
      }
    },
    {
      "type": "Feature",
      "properties": {
        "name": "Korucutepe",
        "desc": "An ancient settlement in the Altınova plain (eastern Anatolia). The site was flooded by the construction of the Keban Dam in 1974.",
        "name_tr": "Korucutepe",
        "desc_tr": "Altınova Ovası'nda (Doğu Anadolu) bulunan antik bir yerleşim yeri. 1974 yılında Keban Barajı'nın inşasıyla sular altında kalmıştır."
      },
      "geometry": {
        "type": "Point",
        "coordinates": [
          39.53657,
          38.636943
        ]
      }
    },
    {
      "type": "Feature",
      "properties": {
        "name": "Maşat Höyük",
        "desc": "A Bronze Age Hittite center ca. 100 km east of Boğazkale/Hattusa.",
        "name_tr": "Maşat Höyük",
        "desc_tr": "A Bronze Age Hittite center ca. 100 km east of Boğazkale/Hattusa."
      },
      "geometry": {
        "type": "Point",
        "coordinates": [
          35.762468786,
          40.1481465496
        ]
      }
    },
    {
      "type": "Feature",
      "properties": {
        "name": "*Atuna",
        "desc": "*Atuna is the capital of the kingdom *Atuna in Tabal.",
        "name_tr": "*Atuna",
        "desc_tr": "*Krallığın başkenti Atuna'dır *Tabal'daki Atuna."
      },
      "geometry": {
        "type": "Point",
        "coordinates": [
          34.78687985,
          38.14160705
        ]
      }
    },
    {
      "type": "Feature",
      "properties": {
        "name": "Bulutpınar",
        "desc": "Find place for a Urartian stele.",
        "name_tr": "Bulutpınar",
        "desc_tr": "Urartu stelinin yerini bulun."
      },
      "geometry": {
        "type": "Point",
        "coordinates": [
          42.654928135,
          39.339802785
        ]
      }
    },
    {
      "type": "Feature",
      "properties": {
        "name": "Çelebibağı",
        "desc": "Çelebibağı is a modern city in the Van province in south-east Turkey. Here a stele with an inscription (CTU A 11-1) of the Urartian king Argišti II, son of Rusa (8th / 7th century BCE) was found which reports the creation of an artificial lake in this mountainous region.",
        "name_tr": "Çelebibağı",
        "desc_tr": "Çelebibağı, Türkiye'nin güneydoğusundaki Van ilinde bulunan modern bir şehirdir. Burada, Urartu Kralı II. Argišti'nin (MÖ 8./7. yüzyıl) Rusa oğlu olduğu belirtilen yazıtlı bir stel (CTU A 11-1) bulunmuştur. Bu stelde, bu dağlık bölgede yapay bir göl oluştuğundan bahsedilmektedir."
      },
      "geometry": {
        "type": "Point",
        "coordinates": [
          43.311996,
          38.9846319
        ]
      }
    },
    {
      "type": "Feature",
      "properties": {
        "name": "Alaca Höyük",
        "desc": "A Neolithic and Hittite settlement located to the northeast of Boğazkale.",
        "name_tr": "Alaca Höyük",
        "desc_tr": "Boğazkale'nin kuzeydoğusunda yer alan Neolitik ve Hitit yerleşim yeri."
      },
      "geometry": {
        "type": "Point",
        "coordinates": [
          34.6952413366,
          40.2344849906
        ]
      }
    },
    {
      "type": "Feature",
      "properties": {
        "name": "Hattusa",
        "desc": "The Late Bronze Age capital of the Hittite empire (near modern Boğazkale in Turkey). The site was enrolled as a UNESCO World Heritage Site in 1986.",
        "name_tr": "Hattusa",
        "desc_tr": "Hitit İmparatorluğu'nun Geç Tunç Çağı başkenti (bugün Türkiye'de Boğazkale yakınlarında). 1986 yılında UNESCO Dünya Mirası listesine alınmıştır."
      },
      "geometry": {
        "type": "Point",
        "coordinates": [
          34.6171576225,
          40.0149132097
        ]
      }
    },
    {
      "type": "Feature",
      "properties": {
        "name": "Bey Dağları",
        "desc": "A place from the TAVO Index",
        "name_tr": "Bey Dağları",
        "desc_tr": "TAVO Endeksinden bir yer"
      },
      "geometry": {
        "type": "Point",
        "coordinates": [
          30.25,
          37.25
        ]
      }
    },
    {
      "type": "Feature",
      "properties": {
        "name": "Ṭūr ʿAbdīn",
        "desc": "A place from the TAVO Index",
        "name_tr": "Ṭūr ʿAbdīn",
        "desc_tr": "TAVO Endeksinden bir yer"
      },
      "geometry": {
        "type": "Point",
        "coordinates": [
          41.5,
          37.5
        ]
      }
    },
    {
      "type": "Feature",
      "properties": {
        "name": "Ṭūr ʿAbdīn",
        "desc": "A place from the TAVO Index",
        "name_tr": "Ṭūr ʿAbdīn",
        "desc_tr": "TAVO Endeksinden bir yer"
      },
      "geometry": {
        "type": "Point",
        "coordinates": [
          41.5,
          37.5
        ]
      }
    },
    {
      "type": "Feature",
      "properties": {
        "name": "Gaziantep",
        "desc": "Gaziantep, also referred to as Antep, is located in southeastern Turkey. The site has a long history of settlement that begins in the Neolithic period. The site has a significant Hittite presence. Some scholars suggest it is the site of the Hellenistic city of Antiochia ad Taurum.",
        "name_tr": "Gaziantep",
        "desc_tr": "Gaziantep, diğer adıyla Antep, Türkiye'nin güneydoğusunda yer almaktadır. Bölgenin Neolitik dönemden başlayan uzun bir yerleşim geçmişi vardır. Bölgede önemli bir Hitit varlığı bulunmaktadır. Bazı bilim insanları, Helenistik Antiochia ad Taurum kentinin bulunduğu yer olduğunu ileri sürmektedir."
      },
      "geometry": {
        "type": "Point",
        "coordinates": [
          37.3793085,
          37.0611756
        ]
      }
    },
    {
      "type": "Feature",
      "properties": {
        "name": "Niğde",
        "desc": "A place from the TAVO Index",
        "name_tr": "Niğde",
        "desc_tr": "TAVO Endeksinden bir yer"
      },
      "geometry": {
        "type": "Point",
        "coordinates": [
          34.25,
          37.75
        ]
      }
    },
    {
      "type": "Feature",
      "properties": {
        "name": "Sam'al",
        "desc": "A Hittite and Aramaean city located at Zincirli Höyük in the Anti-Taurus mountains. The site appears in Neo-Assyrian sources as Samʾalla and Aramaic texts as šmʿl (also yʾdy). It is identified with the modern site of Zincirli.",
        "name_tr": "Sam'al",
        "desc_tr": "Anti-Toros Dağları'ndaki Zincirli Höyük'te bulunan bir Hitit ve Arami kenti. Yeni Asur kaynaklarında Samʾalla, Aramice metinlerde ise šmʿl (ayrıca yʾdy) olarak geçmektedir. Günümüzdeki Zincirli Höyük ile özdeşleşmiştir."
      },
      "geometry": {
        "type": "Point",
        "coordinates": [
          36.678330176,
          37.1031937144
        ]
      }
    },
    {
      "type": "Feature",
      "properties": {
        "name": "İnandıktepe",
        "desc": "An important cult center of the Old Hittite period.",
        "name_tr": "İnandıktepe",
        "desc_tr": "Eski Hitit döneminin önemli bir kült merkezi."
      },
      "geometry": {
        "type": "Point",
        "coordinates": [
          33.535239,
          40.3810555
        ]
      }
    },
    {
      "type": "Feature",
      "properties": {
        "name": "Bahçecik",
        "desc": "Bahçecik is a Turkish village situated in the Elazığ Province in eastern Anatolia. In the north of the village, the ruins of an Urartean fortress and a stone inscription of the Urartean ruler Sarduri, son of Arğišti, (8th century BCE) have been found. The inscription (CTU A 9-18) reports that Sarduri built the fortress and gave it the name \"Sardurihinili\" (\"the Sardurian (fortress)\"). The text further reports the construction of a tower temple (\"susi temple\") by the same ruler and the installation of a governor to oversee the western regions that Sarduri conquered during his campaigns.",
        "name_tr": "Bahçecik",
        "desc_tr": "Bahçecik, Doğu Anadolu Bölgesi'ndeki Elazığ ilinde bulunan bir Türk köyüdür. Köyün kuzeyinde, bir Urartu kalesinin kalıntıları ve MÖ 8. yüzyıla tarihlenen Arğišti oğlu Urartu hükümdarı Sarduri'ye ait bir taş yazıt bulunmuştur. Yazıt (CTU A 9-18), Sarduri'nin kaleyi inşa ettirdiğini ve ona &quot;Sardurihinili&quot; (&quot;Sarduri (kale)&quot;) adını verdiğini bildirmektedir. Metin ayrıca, aynı hükümdar tarafından bir kule tapınağı (&quot;susi tapınağı&quot;) inşa ettirildiğini ve Sarduri'nin seferleri sırasında fethettiği batı bölgelerini denetlemek üzere bir vali atandığını belirtmektedir."
      },
      "geometry": {
        "type": "Point",
        "coordinates": [
          40.083061,
          38.901138
        ]
      }
    },
    {
      "type": "Feature",
      "properties": {
        "name": "Artulu",
        "desc": "A city in Tabal mentioned in royal inscriptions of the Assyrian king Shalmaneser III (r. 858-824 BC).",
        "name_tr": "Artulu",
        "desc_tr": "Asur Kralı III. Salmanaser'in (MÖ 858-824) kraliyet yazıtlarında adı geçen Tabal'daki bir şehir."
      },
      "geometry": {
        "type": "Point",
        "coordinates": [
          35.3530502,
          38.3966641
        ]
      }
    },
    {
      "type": "Feature",
      "properties": {
        "name": "Illubru",
        "desc": "Illubru is a city in the western part of Que (kingdom) or in Hilakku that is mentioned in inscriptions of the Assyrian king Sennacherib (r. 704-681 BC). This site is generally connected with classical Lampron, which is likely to be identified with modern Namrun, ca. 20 km northwest of Tarsus.",
        "name_tr": "Illubru",
        "desc_tr": "Illubru, Asur kralı Sanherib'in (MÖ 704-681) yazıtlarında adı geçen Que (krallık) veya Hilakku'nun batı kesiminde bulunan bir şehirdir. Bu alan, genel olarak klasik Lampron ile ilişkilendirilir ve muhtemelen Tarsus'un yaklaşık 20 km kuzeybatısındaki modern Namrun ile özdeşleştirilir."
      },
      "geometry": {
        "type": "Point",
        "coordinates": [
          34.6038403,
          37.1704423
        ]
      }
    },
    {
      "type": "Feature",
      "properties": {
        "name": "Serreion (settlement)",
        "desc": "Possibly an ancient settlement in Thrace that shared its ancient name with the modern Cape Makri and the modern Mt. Zone, which are relatively close to each other. Despite these correspondences, modern scholars have rejected earlier speculation placing the the settlement on the cape and the Barrington Atlas chose to list it only as an \"unlocated toponym\".",
        "name_tr": "Serreion (settlement)",
        "desc_tr": "Muhtemelen Trakya'da, antik adını günümüzdeki Cape Makri ve günümüzdeki Mt. Zone ile paylaşan eski bir yerleşim yeri. Bu benzerliklere rağmen, günümüz bilim insanları, yerleşimin burunda yer aldığına dair önceki spekülasyonları reddetmiş ve Barrington Atlası, yerleşim yerini yalnızca &quot;yerleşim yeri belirlenememiş yer adı&quot; olarak listelemeyi tercih etmiştir."
      },
      "geometry": {
        "type": "Point",
        "coordinates": [
          26.9099553718,
          41.4856931307
        ]
      }
    },
    {
      "type": "Feature",
      "properties": {
        "name": "Adrasteia",
        "desc": "An ancient place, cited: BAtlas 52 A4 Adrasteia",
        "name_tr": "Adrasteia",
        "desc_tr": "Antik Kenti, Ref.: BAtlas 52 A4 Adrasteia"
      },
      "geometry": {
        "type": "Point",
        "coordinates": [
          27.191289,
          40.383655
        ]
      }
    },
    {
      "type": "Feature",
      "properties": {
        "name": "Agrilion",
        "desc": "An ancient place, cited: BAtlas 52 F4 Agrilion",
        "name_tr": "Agrilion",
        "desc_tr": "Antik Kenti, Ref.: BAtlas 52 F4 Agrilion"
      },
      "geometry": {
        "type": "Point",
        "coordinates": [
          29.751201,
          40.178685
        ]
      }
    },
    {
      "type": "Feature",
      "properties": {
        "name": "Apollonia ad Rhyndacum",
        "desc": "An ancient place, cited: BAtlas 52 D4 Apollonia ad Rhyndacum",
        "name_tr": "Apollonia ad Rhyndacum",
        "desc_tr": "Antik Kenti, Ref.: BAtlas 52 D4 Apollonia ad Rhyndacum"
      },
      "geometry": {
        "type": "Point",
        "coordinates": [
          28.6808035,
          40.175097
        ]
      }
    },
    {
      "type": "Feature",
      "properties": {
        "name": "Aproi/Col. Claudia Aprensis/Nova Theodosiopolis",
        "desc": "An ancient place, cited: BAtlas 52 A3 Aproi/Col. Claudia Aprensis/Nova Theodosiopolis",
        "name_tr": "Aproi/Col. Claudia Aprensis/Nova Theodosiopolis",
        "desc_tr": "Antik Kenti, Ref.: BAtlas 52 A3 Aproi/Col. Claudia Aprensis/Nova Theodosiopolis"
      },
      "geometry": {
        "type": "Point",
        "coordinates": [
          27.1073556,
          40.9269409
        ]
      }
    },
    {
      "type": "Feature",
      "properties": {
        "name": "Artace",
        "desc": "An ancient place, cited: BAtlas 52 B4 Artace",
        "name_tr": "Artace",
        "desc_tr": "Antik Kenti, Ref.: BAtlas 52 B4 Artace"
      },
      "geometry": {
        "type": "Point",
        "coordinates": [
          27.796268,
          40.402952
        ]
      }
    },
    {
      "type": "Feature",
      "properties": {
        "name": "Artaiouteichos",
        "desc": "An ancient place, cited: BAtlas 52 C4 Artaiouteichos",
        "name_tr": "Artaiouteichos",
        "desc_tr": "Antik Kenti, Ref.: BAtlas 52 C4 Artaiouteichos"
      },
      "geometry": {
        "type": "Point",
        "coordinates": [
          28.478392,
          40.366649
        ]
      }
    },
    {
      "type": "Feature",
      "properties": {
        "name": "Artanes",
        "desc": "An ancient place, cited: BAtlas 52 F2 Artanes",
        "name_tr": "Artanes",
        "desc_tr": "Antik Kenti, Ref.: BAtlas 52 F2 Artanes"
      },
      "geometry": {
        "type": "Point",
        "coordinates": [
          29.604165,
          41.17132
        ]
      }
    },
    {
      "type": "Feature",
      "properties": {
        "name": "Astakos",
        "desc": "An ancient place, cited: BAtlas 52 F3 Astakos",
        "name_tr": "Astakos",
        "desc_tr": "Antik Kenti, Ref.: BAtlas 52 F3 Astakos"
      },
      "geometry": {
        "type": "Point",
        "coordinates": [
          29.928794,
          40.714558
        ]
      }
    },
    {
      "type": "Feature",
      "properties": {
        "name": "Athyras",
        "desc": "An ancient place, cited: BAtlas 52 D2 Athyras",
        "name_tr": "Athyras",
        "desc_tr": "Antik Kenti, Ref.: BAtlas 52 D2 Athyras"
      },
      "geometry": {
        "type": "Point",
        "coordinates": [
          28.589971,
          41.034016
        ]
      }
    },
    {
      "type": "Feature",
      "properties": {
        "name": "Aureliane",
        "desc": "An ancient place, cited: BAtlas 52 F4 Aureliane",
        "name_tr": "Aureliane",
        "desc_tr": "Antik Kenti, Ref.: BAtlas 52 F4 Aureliane"
      },
      "geometry": {
        "type": "Point",
        "coordinates": [
          29.808751,
          40.404585
        ]
      }
    },
    {
      "type": "Feature",
      "properties": {
        "name": "*Baradendromia",
        "desc": "An ancient place, cited: BAtlas 52 G3 *Baradendromia",
        "name_tr": "*Baradendromia",
        "desc_tr": "Antik Kenti, Ref.: BAtlas 52 G3 *Baradendromia"
      },
      "geometry": {
        "type": "Point",
        "coordinates": [
          30.026045,
          40.98169
        ]
      }
    },
    {
      "type": "Feature",
      "properties": {
        "name": "Baris",
        "desc": "An ancient place, cited: BAtlas 52 B4 Baris",
        "name_tr": "Baris",
        "desc_tr": "Antik Kenti, Ref.: BAtlas 52 B4 Baris"
      },
      "geometry": {
        "type": "Point",
        "coordinates": [
          27.655361,
          40.102177
        ]
      }
    },
    {
      "type": "Feature",
      "properties": {
        "name": "Basilica Therma",
        "desc": "An ancient place, cited: BAtlas 52 E4 Basilica Therma",
        "name_tr": "Basilica Therma",
        "desc_tr": "Antik Kenti, Ref.: BAtlas 52 E4 Basilica Therma"
      },
      "geometry": {
        "type": "Point",
        "coordinates": [
          29.042755,
          40.205714
        ]
      }
    },
    {
      "type": "Feature",
      "properties": {
        "name": "Basilinoupolis",
        "desc": "An ancient place, cited: BAtlas 52 F3 Basilinoupolis",
        "name_tr": "Basilinoupolis",
        "desc_tr": "Antik Kenti, Ref.: BAtlas 52 F3 Basilinoupolis"
      },
      "geometry": {
        "type": "Point",
        "coordinates": [
          29.558621,
          40.607148
        ]
      }
    },
    {
      "type": "Feature",
      "properties": {
        "name": "Bathys Limen",
        "desc": "An ancient place, cited: BAtlas 52 B3 Bathys Limen",
        "name_tr": "Bathys Limen",
        "desc_tr": "Antik Kenti, Ref.: BAtlas 52 B3 Bathys Limen"
      },
      "geometry": {
        "type": "Point",
        "coordinates": [
          27.785319,
          40.51253
        ]
      }
    },
    {
      "type": "Feature",
      "properties": {
        "name": "Berg(o)ule/Arkadioupolis",
        "desc": "An ancient place, cited: BAtlas 52 A2 Berg(o)ule/Arkadioupolis",
        "name_tr": "Berg(o)ule/Arkadioupolis",
        "desc_tr": "Antik Kenti, Ref.: BAtlas 52 A2 Berg(o)ule/Arkadioupolis"
      },
      "geometry": {
        "type": "Point",
        "coordinates": [
          27.352699,
          41.4017405
        ]
      }
    },
    {
      "type": "Feature",
      "properties": {
        "name": "Bizye",
        "desc": "An ancient place, cited: BAtlas 52 B1 Bizye",
        "name_tr": "Bizye",
        "desc_tr": "Antik Kenti, Ref.: BAtlas 52 B1 Bizye"
      },
      "geometry": {
        "type": "Point",
        "coordinates": [
          27.765289,
          41.572702
        ]
      }
    },
    {
      "type": "Feature",
      "properties": {
        "name": "Brylleion/Myrleia/Apamea/Col. Iulia Concordia",
        "desc": "Brylleion/Myrleia/Apamea/Col. Iulia Concordia was a city in Bithynia founded originally by the Colophonians.",
        "name_tr": "Brylleion/Myrleia/Apamea/Col. Iulia Concordia",
        "desc_tr": "Brylleion/Myrleia/Apamea/Col. Iulia Concordia, başlangıçta Kolofonlular tarafından kurulan Bithynia'da bir şehirdi."
      },
      "geometry": {
        "type": "Point",
        "coordinates": [
          28.88274275,
          40.37557275
        ]
      }
    },
    {
      "type": "Feature",
      "properties": {
        "name": "Burtudizon",
        "desc": "An ancient place, cited: BAtlas 52 A2 Burtudizon",
        "name_tr": "Burtudizon",
        "desc_tr": "Antik Kenti, Ref.: BAtlas 52 A2 Burtudizon"
      },
      "geometry": {
        "type": "Point",
        "coordinates": [
          27.092423,
          41.427933
        ]
      }
    },
    {
      "type": "Feature",
      "properties": {
        "name": "*Byzapena",
        "desc": "An ancient place, cited: BAtlas 52 F3 *Byzapena",
        "name_tr": "*Byzapena",
        "desc_tr": "Antik Kenti, Ref.: BAtlas 52 F3 *Byzapena"
      },
      "geometry": {
        "type": "Point",
        "coordinates": [
          29.657367,
          40.906596
        ]
      }
    },
    {
      "type": "Feature",
      "properties": {
        "name": "[Charioupolis]",
        "desc": "An ancient place, cited: BAtlas 52 A2 [Charioupolis]",
        "name_tr": "[Charioupolis]",
        "desc_tr": "Antik Kenti, Ref.: BAtlas 52 A2 [Charioupolis]"
      },
      "geometry": {
        "type": "Point",
        "coordinates": [
          27.105597,
          41.214111
        ]
      }
    },
    {
      "type": "Feature",
      "properties": {
        "name": "*Charmidea",
        "desc": "An ancient place, cited: BAtlas 52 E4 *Charmidea",
        "name_tr": "*Charmidea",
        "desc_tr": "Antik Kenti, Ref.: BAtlas 52 E4 *Charmidea"
      },
      "geometry": {
        "type": "Point",
        "coordinates": [
          29.294538,
          40.459405
        ]
      }
    },
    {
      "type": "Feature",
      "properties": {
        "name": "Chelai",
        "desc": "An ancient place, cited: BAtlas 52 G2 Chelai",
        "name_tr": "Chelai",
        "desc_tr": "Antik Kenti, Ref.: BAtlas 52 G2 Chelai"
      },
      "geometry": {
        "type": "Point",
        "coordinates": [
          30.337495,
          41.183009
        ]
      }
    },
    {
      "type": "Feature",
      "properties": {
        "name": "*Chelaita",
        "desc": "An ancient place, cited: BAtlas 52 F2 *Chelaita",
        "name_tr": "*Chelaita",
        "desc_tr": "Antik Kenti, Ref.: BAtlas 52 F2 *Chelaita"
      },
      "geometry": {
        "type": "Point",
        "coordinates": [
          29.619435,
          41.17573
        ]
      }
    },
    {
      "type": "Feature",
      "properties": {
        "name": "Cyzicus",
        "desc": "An ancient city of Mysia in Anatolia, perhaps founded by the Corinthians in 756 BC and then again by the Milesians ca. 675 BC. Its advantageous position in the Propontis made it a major commercial centre. In the 5th century BC it was part of the Delian League and in the Hellenistic Age it was close to the Attalid kings. In the Imperial period, it became an assize centre (conventus) of the province of Asia.",
        "name_tr": "Cyzicus",
        "desc_tr": "Anadolu'da, muhtemelen MÖ 756'da Korintliler ve yaklaşık MÖ 675'te tekrar Miletliler tarafından kurulan antik bir Mysia kenti. Propontis'teki avantajlı konumu onu önemli bir ticaret merkezi haline getirmiştir. MÖ 5. yüzyılda Delos Birliği'nin bir parçasıydı ve Helenistik Çağ'da Attalos krallarına yakındı. İmparatorluk döneminde ise Asya eyaletinin bir asliye mahkemesi (conventus) haline geldi."
      },
      "geometry": {
        "type": "Point",
        "coordinates": [
          27.883191,
          40.3855645
        ]
      }
    },
    {
      "type": "Feature",
      "properties": {
        "name": "*Dabla",
        "desc": "An ancient place, cited: BAtlas 52 F4 *Dabla",
        "name_tr": "*Dabla",
        "desc_tr": "Antik Kenti, Ref.: BAtlas 52 F4 *Dabla"
      },
      "geometry": {
        "type": "Point",
        "coordinates": [
          29.978903,
          40.011385
        ]
      }
    },
    {
      "type": "Feature",
      "properties": {
        "name": "Daphnous",
        "desc": "An ancient place, cited: BAtlas 52 D4 Daphnous",
        "name_tr": "Daphnous",
        "desc_tr": "Antik Kenti, Ref.: BAtlas 52 D4 Daphnous"
      },
      "geometry": {
        "type": "Point",
        "coordinates": [
          28.588844,
          40.171739
        ]
      }
    },
    {
      "type": "Feature",
      "properties": {
        "name": "Daskyleion",
        "desc": "Daskyleion (modern Hisartepe at Ergili in Turkey) was the capital of the Persian satrapy of Phrygia from the sixth century BC until the conquests of Alexander the Great.",
        "name_tr": "Daskyleion",
        "desc_tr": "Daskyleion (bugün Türkiye'de Ergili'deki Hisartepe), MÖ 6. yüzyıldan Büyük İskender'in fetihlerine kadar Pers Frigya satraplığının başkentiydi."
      },
      "geometry": {
        "type": "Point",
        "coordinates": [
          28.0507383634,
          40.1324945443
        ]
      }
    },
    {
      "type": "Feature",
      "properties": {
        "name": "Daunion Teichos",
        "desc": "An ancient place, cited: BAtlas 52 C2 Daunion Teichos",
        "name_tr": "Daunion Teichos",
        "desc_tr": "Antik Kenti, Ref.: BAtlas 52 C2 Daunion Teichos"
      },
      "geometry": {
        "type": "Point",
        "coordinates": [
          28.038408,
          41.053506
        ]
      }
    },
    {
      "type": "Feature",
      "properties": {
        "name": "Delkos",
        "desc": "An ancient place, cited: BAtlas 52 D2 Delkos",
        "name_tr": "Delkos",
        "desc_tr": "Antik Kenti, Ref.: BAtlas 52 D2 Delkos"
      },
      "geometry": {
        "type": "Point",
        "coordinates": [
          28.678392,
          41.299878
        ]
      }
    },
    {
      "type": "Feature",
      "properties": {
        "name": "*Desa",
        "desc": "An ancient place, cited: BAtlas 52 G2 *Desa",
        "name_tr": "*Desa",
        "desc_tr": "Antik Kenti, Ref.: BAtlas 52 G2 *Desa"
      },
      "geometry": {
        "type": "Point",
        "coordinates": [
          30.165528,
          41.068984
        ]
      }
    },
    {
      "type": "Feature",
      "properties": {
        "name": "Didymateiche",
        "desc": "An ancient place, cited: BAtlas 52 A4 Didymateiche",
        "name_tr": "Didymateiche",
        "desc_tr": "Antik Kenti, Ref.: BAtlas 52 A4 Didymateiche"
      },
      "geometry": {
        "type": "Point",
        "coordinates": [
          27.274404,
          40.286031
        ]
      }
    },
    {
      "type": "Feature",
      "properties": {
        "name": "Diolkides",
        "desc": "An ancient place, cited: BAtlas 52 F3 Diolkides",
        "name_tr": "Diolkides",
        "desc_tr": "Antik Kenti, Ref.: BAtlas 52 F3 Diolkides"
      },
      "geometry": {
        "type": "Point",
        "coordinates": [
          29.860234,
          40.72268
        ]
      }
    },
    {
      "type": "Feature",
      "properties": {
        "name": "Drepanon/Helenopolis",
        "desc": "An ancient place, cited: BAtlas 52 F3 Drepanon/Helenopolis",
        "name_tr": "Drepanon/Helenopolis",
        "desc_tr": "Antik Kenti, Ref.: BAtlas 52 F3 Drepanon/Helenopolis"
      },
      "geometry": {
        "type": "Point",
        "coordinates": [
          29.502087,
          40.721717
        ]
      }
    },
    {
      "type": "Feature",
      "properties": {
        "name": "Dr(o)usipara",
        "desc": "An ancient place, cited: BAtlas 52 B2 Dr(o)usipara",
        "name_tr": "Dr(o)usipara",
        "desc_tr": "Antik Kenti, Ref.: BAtlas 52 B2 Dr(o)usipara"
      },
      "geometry": {
        "type": "Point",
        "coordinates": [
          27.543955,
          41.300089
        ]
      }
    },
    {
      "type": "Feature",
      "properties": {
        "name": "Eikote",
        "desc": "An ancient place, cited: BAtlas 52 E4 Eikote",
        "name_tr": "Eikote",
        "desc_tr": "Antik Kenti, Ref.: BAtlas 52 E4 Eikote"
      },
      "geometry": {
        "type": "Point",
        "coordinates": [
          29.129058,
          40.280026
        ]
      }
    },
    {
      "type": "Feature",
      "properties": {
        "name": "*Eirakla",
        "desc": "An ancient place, cited: BAtlas 52 G4 *Eirakla",
        "name_tr": "*Eirakla",
        "desc_tr": "Antik Kenti, Ref.: BAtlas 52 G4 *Eirakla"
      },
      "geometry": {
        "type": "Point",
        "coordinates": [
          30.180503,
          40.33761
        ]
      }
    },
    {
      "type": "Feature",
      "properties": {
        "name": "Elaia",
        "desc": "An ancient place, cited: BAtlas 52 F3 Elaia",
        "name_tr": "Elaia",
        "desc_tr": "Antik Kenti, Ref.: BAtlas 52 F3 Elaia"
      },
      "geometry": {
        "type": "Point",
        "coordinates": [
          29.785796,
          40.748896
        ]
      }
    },
    {
      "type": "Feature",
      "properties": {
        "name": "Elekosmioi",
        "desc": "An ancient place, cited: BAtlas 52 E4 Elekosmioi",
        "name_tr": "Elekosmioi",
        "desc_tr": "Antik Kenti, Ref.: BAtlas 52 E4 Elekosmioi"
      },
      "geometry": {
        "type": "Point",
        "coordinates": [
          29.03797,
          40.35359
        ]
      }
    },
    {
      "type": "Feature",
      "properties": {
        "name": "Geragathe",
        "desc": "An ancient place, cited: BAtlas 52 F3 Geragathe",
        "name_tr": "Geragathe",
        "desc_tr": "Antik Kenti, Ref.: BAtlas 52 F3 Geragathe"
      },
      "geometry": {
        "type": "Point",
        "coordinates": [
          29.945055,
          40.811719
        ]
      }
    },
    {
      "type": "Feature",
      "properties": {
        "name": "Halone",
        "desc": "An ancient place, cited: BAtlas 52 B4 Halone",
        "name_tr": "Halone",
        "desc_tr": "Antik Kenti, Ref.: BAtlas 52 B4 Halone"
      },
      "geometry": {
        "type": "Point",
        "coordinates": [
          27.608878,
          40.48942
        ]
      }
    },
    {
      "type": "Feature",
      "properties": {
        "name": "Harpagion",
        "desc": "An ancient place, cited: BAtlas 52 A4 Harpagion",
        "name_tr": "Harpagion",
        "desc_tr": "Antik Kenti, Ref.: Levha 52 A4 Harpagion"
      },
      "geometry": {
        "type": "Point",
        "coordinates": [
          27.391984,
          40.334274
        ]
      }
    },
    {
      "type": "Feature",
      "properties": {
        "name": "Helge/Caesarea Germanice",
        "desc": "An ancient place, cited: BAtlas 52 D4 Helge/Caesarea Germanice",
        "name_tr": "Helge/Caesarea Germanice",
        "desc_tr": "Alıntı yapılan eski bir yer: BAtlas 52 D4 Helge/Caesarea Germanice"
      },
      "geometry": {
        "type": "Point",
        "coordinates": [
          28.9050992,
          40.17725495
        ]
      }
    },
    {
      "type": "Feature",
      "properties": {
        "name": "Helikore/Nicaea",
        "desc": "Helikore/Nicaea (modern İznik, Turkey) was a Greek city of northwestern Anatolia. It was the site of the First and Second Councils of Nicaea and was the interim capital city of the Byzantine Empire between 1204 and 1261.",
        "name_tr": "Helikore/Nicaea",
        "desc_tr": "Helikore/Nicaea (bugünkü İznik, Türkiye), kuzeybatı Anadolu'da bir Yunan kentiydi. Birinci ve İkinci İznik Konseyleri'ne ev sahipliği yapmış ve 1204-1261 yılları arasında Bizans İmparatorluğu'nun geçici başkenti olmuştur."
      },
      "geometry": {
        "type": "Point",
        "coordinates": [
          29.7146816667,
          40.4290936667
        ]
      }
    },
    {
      "type": "Feature",
      "properties": {
        "name": "Herakleion",
        "desc": "An ancient place, cited: BAtlas 52 F3 Herakleion",
        "name_tr": "Herakleion",
        "desc_tr": "Antik kenti, Ref.: BAtlas 52 F3 Herakleion"
      },
      "geometry": {
        "type": "Point",
        "coordinates": [
          29.662955,
          40.70093
        ]
      }
    },
    {
      "type": "Feature",
      "properties": {
        "name": "Hermoton/Hermaion",
        "desc": "An ancient place, cited: BAtlas 52 A4 Hermoton/Hermaion",
        "name_tr": "Hermoton/Hermaion",
        "desc_tr": "Antik Kenti, Ref.: BAtlas 52 A4 Hermoton/Hermaion"
      },
      "geometry": {
        "type": "Point",
        "coordinates": [
          27.057312,
          40.326329
        ]
      }
    },
    {
      "type": "Feature",
      "properties": {
        "name": "Kabia",
        "desc": "An ancient place, cited: BAtlas 52 G3 Kabia",
        "name_tr": "Kabia",
        "desc_tr": "Antik Kenti, Ref.: BAtlas 52 G3 Kabia"
      },
      "geometry": {
        "type": "Point",
        "coordinates": [
          30.299985,
          40.500052
        ]
      }
    },
    {
      "type": "Feature",
      "properties": {
        "name": "*Kalasyrta",
        "desc": "An ancient place, cited: BAtlas 52 G3 *Kalasyrta",
        "name_tr": "*Kalasyrta",
        "desc_tr": "Antik Kenti, Ref.: BAtlas 52 G3 *Kalasyrta"
      },
      "geometry": {
        "type": "Point",
        "coordinates": [
          30.026371,
          40.785278
        ]
      }
    },
    {
      "type": "Feature",
      "properties": {
        "name": "Kalpe",
        "desc": "An ancient place, cited: BAtlas 52 G2 Kalpe",
        "name_tr": "Kalpe",
        "desc_tr": "Antik Kenti, Ref.: BAtlas 52 G2 Kalpe"
      },
      "geometry": {
        "type": "Point",
        "coordinates": [
          30.1965195,
          41.1435155
        ]
      }
    },
    {
      "type": "Feature",
      "properties": {
        "name": "*Kassa",
        "desc": "An ancient place, cited: BAtlas 52 G3 *Kassa",
        "name_tr": "*Kassa",
        "desc_tr": "Antik Kenti, Ref.: BAtlas 52 G3 *Kassa"
      },
      "geometry": {
        "type": "Point",
        "coordinates": [
          30.263486,
          40.690513
        ]
      }
    },
    {
      "type": "Feature",
      "properties": {
        "name": "*Kizoura",
        "desc": "An ancient place, cited: BAtlas 52 G4 *Kizoura",
        "name_tr": "*Kizoura",
        "desc_tr": "Antik kenti, Ref.: BAtlas 52 G4 *Kizoura"
      },
      "geometry": {
        "type": "Point",
        "coordinates": [
          30.2556,
          40.469524
        ]
      }
    },
    {
      "type": "Feature",
      "properties": {
        "name": "*Koubaita",
        "desc": "An ancient place, cited: BAtlas 52 F3 *Koubaita",
        "name_tr": "*Koubaita",
        "desc_tr": "Antik Kenti, Ref.: BAtlas 52 F3 *Koubaita"
      },
      "geometry": {
        "type": "Point",
        "coordinates": [
          29.948216,
          40.791113
        ]
      }
    },
    {
      "type": "Feature",
      "properties": {
        "name": "*Kypra",
        "desc": "An ancient place, cited: BAtlas 52 F3 *Kypra",
        "name_tr": "*Kypra",
        "desc_tr": "Antik Kenti, Ref.: BAtlas 52 F3 *Kypra"
      },
      "geometry": {
        "type": "Point",
        "coordinates": [
          29.91593,
          40.900645
        ]
      }
    },
    {
      "type": "Feature",
      "properties": {
        "name": "*Leptoia",
        "desc": "An ancient place, cited: BAtlas 52 G3 *Leptoia",
        "name_tr": "*Leptoia",
        "desc_tr": "Antik Kenti, Ref.: BAtlas 52 G3 *Leptoia"
      },
      "geometry": {
        "type": "Point",
        "coordinates": [
          29.974641,
          40.814452
        ]
      }
    },
    {
      "type": "Feature",
      "properties": {
        "name": "Limnai",
        "desc": "An ancient place, cited: BAtlas 52 F3 Limnai",
        "name_tr": "Limnai",
        "desc_tr": "Antik Kenti, Ref.: BAtlas 52 F3 Limnai"
      },
      "geometry": {
        "type": "Point",
        "coordinates": [
          29.502079,
          40.721716
        ]
      }
    },
    {
      "type": "Feature",
      "properties": {
        "name": "Linon",
        "desc": "An ancient place, cited: BAtlas 52 A4 Linon",
        "name_tr": "Linon",
        "desc_tr": "Antik Kenti, Ref.: BAtlas 52 A4 Linon"
      },
      "geometry": {
        "type": "Point",
        "coordinates": [
          27.196542,
          40.431121
        ]
      }
    },
    {
      "type": "Feature",
      "properties": {
        "name": "Memnonos Kome",
        "desc": "An ancient place, cited: BAtlas 52 B4 Memnonos Kome",
        "name_tr": "Memnonos Kome",
        "desc_tr": "Antik Kenti, Ref.: BAtlas 52 B4 Memnonos Kome"
      },
      "geometry": {
        "type": "Point",
        "coordinates": [
          27.581689,
          40.28219
        ]
      }
    },
    {
      "type": "Feature",
      "properties": {
        "name": "Miletopolis",
        "desc": "An ancient place, cited: BAtlas 52 C4 Miletopolis",
        "name_tr": "Miletopolis",
        "desc_tr": "Antik Kenti, Ref.: BAtlas 52 C4 Miletopolis"
      },
      "geometry": {
        "type": "Point",
        "coordinates": [
          28.316486,
          40.083458
        ]
      }
    },
    {
      "type": "Feature",
      "properties": {
        "name": "Miletouteichos?",
        "desc": "An ancient place, cited: BAtlas 52 C4 Miletouteichos?",
        "name_tr": "Miletouteichos?",
        "desc_tr": "Antik Kenti, Ref.: BAtlas 52 C4 Miletouteichos?"
      },
      "geometry": {
        "type": "Point",
        "coordinates": [
          28.429191,
          40.212943
        ]
      }
    },
    {
      "type": "Feature",
      "properties": {
        "name": "‘Mocasura’?",
        "desc": "An ancient place, cited: BAtlas 52 B2 ‘Mocasura’?",
        "name_tr": "‘Mocasura’?",
        "desc_tr": "Antik kenti, Ref.: BAtlas 52 B2 'Mocasura'?"
      },
      "geometry": {
        "type": "Point",
        "coordinates": [
          27.665494,
          41.038798
        ]
      }
    },
    {
      "type": "Feature",
      "properties": {
        "name": "*Morzapena",
        "desc": "An ancient place, cited: BAtlas 52 G2 *Morzapena",
        "name_tr": "*Morzapena",
        "desc_tr": "Antik Kenti, Ref.: BAtlas 52 G2 *Morzapena"
      },
      "geometry": {
        "type": "Point",
        "coordinates": [
          30.147605,
          41.051223
        ]
      }
    },
    {
      "type": "Feature",
      "properties": {
        "name": "*Mossynea",
        "desc": "An ancient place, cited: BAtlas 52 G4 *Mossynea",
        "name_tr": "*Mossynea",
        "desc_tr": "Antik Kenti, Ref.: BAtlas 52 G4 *Mossynea"
      },
      "geometry": {
        "type": "Point",
        "coordinates": [
          30.375942,
          40.301383
        ]
      }
    },
    {
      "type": "Feature",
      "properties": {
        "name": "Neapolis/Herakleia",
        "desc": "An ancient place, cited: BAtlas 52 A3 Neapolis/Herakleia",
        "name_tr": "Neapolis/Herakleia",
        "desc_tr": "Antik Kenti, Ref.: BAtlas 52 A3 Neapolis/Herakleia"
      },
      "geometry": {
        "type": "Point",
        "coordinates": [
          27.1810735,
          40.638101
        ]
      }
    },
    {
      "type": "Feature",
      "properties": {
        "name": "Neon Teichos",
        "desc": "An ancient place, cited: BAtlas 52 B2 Neon Teichos",
        "name_tr": "Neon Teichos",
        "desc_tr": "Antik Kenti, Ref.: BAtlas 52 B2 Neon Teichos"
      },
      "geometry": {
        "type": "Point",
        "coordinates": [
          27.824531,
          41.017925
        ]
      }
    },
    {
      "type": "Feature",
      "properties": {
        "name": "*Nerola",
        "desc": "An ancient place, cited: BAtlas 52 F3 *Nerola",
        "name_tr": "*Nerola",
        "desc_tr": "Antik Kenti, Ref.: BAtlas 52 F3 *Nerola"
      },
      "geometry": {
        "type": "Point",
        "coordinates": [
          29.850723,
          40.906068
        ]
      }
    },
    {
      "type": "Feature",
      "properties": {
        "name": "Nicomedia",
        "desc": "Nicomedia was founded in 712/11 BC as a Megarian colony named Astacus and was rebuilt by Nicomedes I of Bithynia in 264 BC. The city was an important administrative center of the Roman Empire.",
        "name_tr": "Nicomedia",
        "desc_tr": "Nikomedia, MÖ 712/11 yıllarında Astakos adında bir Megara kolonisi olarak kurulmuş ve MÖ 264 yılında Bithynia Kralı I. Nikomedes tarafından yeniden inşa edilmiştir. Şehir, Roma İmparatorluğu'nun önemli bir idari merkeziydi."
      },
      "geometry": {
        "type": "Point",
        "coordinates": [
          29.919887,
          40.7651905
        ]
      }
    },
    {
      "type": "Feature",
      "properties": {
        "name": "*Oka",
        "desc": "An ancient place, cited: BAtlas 52 G4 *Oka",
        "name_tr": "*Oka",
        "desc_tr": "Antik Kenti, Ref.: BAtlas 52 G4 *Oka"
      },
      "geometry": {
        "type": "Point",
        "coordinates": [
          30.411202,
          40.13231
        ]
      }
    },
    {
      "type": "Feature",
      "properties": {
        "name": "*Ontoraita",
        "desc": "An ancient place, cited: BAtlas 52 H4 *Ontoraita",
        "name_tr": "*Ontoraita",
        "desc_tr": "Alıntılanan eski bir yer: BAtlas 52 H4 *Ontoraita"
      },
      "geometry": {
        "type": "Point",
        "coordinates": [
          30.511025,
          40.257927
        ]
      }
    },
    {
      "type": "Feature",
      "properties": {
        "name": "Ornoi",
        "desc": "An ancient settlement, attested in written sources. Placed by C. Foss (Barrington Atlas) to the south of modern İnecik, Turkey. According to Hierokles, Ornoi was administratively located in the late province of Europe.",
        "name_tr": "Ornoi",
        "desc_tr": "Yazılı kaynaklarda da yer alan antik bir yerleşim yeri. C. Foss (Barrington Atlası) tarafından günümüz Türkiye'sinin İnecik ilçesinin güneyine yerleştirilmiştir. Hierokles'e göre Ornoi, idari olarak Avrupa'nın son eyaleti sınırları içinde yer alıyordu."
      },
      "geometry": {
        "type": "Point",
        "coordinates": [
          27.280325,
          40.914314
        ]
      }
    },
    {
      "type": "Feature",
      "properties": {
        "name": "Otroia",
        "desc": "An ancient place, cited: BAtlas 52 F4 Otroia",
        "name_tr": "Otroia",
        "desc_tr": "Antik Kenti, Ref.: BAtlas 52 F4 Otroia"
      },
      "geometry": {
        "type": "Point",
        "coordinates": [
          29.810629,
          40.284653
        ]
      }
    },
    {
      "type": "Feature",
      "properties": {
        "name": "Parium/Col. Gemella Iulia *Hadriana",
        "desc": "Founded as a Greek city in the Propontis region of Anatolia, perhaps ca. 709 BCE, Persians would come to control Parium in 546 BCE. The city allied itself with Athens during the Peloponnesian War, but was subsequently ruled again by the Persians again. Its long occupation included a Macedonian phase, followed by control exercise by the Seleucids, the Kingdom of Pergamon, the Romans, and the Byzantines.",
        "name_tr": "Parium/Col. Gemella Iulia *Hadriana",
        "desc_tr": "Muhtemelen MÖ 709 civarında Anadolu'nun Propontis bölgesinde bir Yunan şehri olarak kurulan kent, MÖ 546'da Persler tarafından kontrol altına alındı. Şehir, Peloponnesos Savaşı sırasında Atina ile ittifak kurdu, ancak daha sonra tekrar Perslerin yönetimine girdi. Uzun süren işgali, bir Makedonya dönemini ve ardından Seleukoslar, Bergama Krallığı, Romalılar ve Bizanslılar tarafından kontrol uygulamalarını içeriyordu."
      },
      "geometry": {
        "type": "Point",
        "coordinates": [
          27.0702617052,
          40.4236983546
        ]
      }
    },
    {
      "type": "Feature",
      "properties": {
        "name": "Pentephyle/*Triknaita",
        "desc": "An ancient place, cited: BAtlas 52 F3 Pentephyle/*Triknaita",
        "name_tr": "Pentephyle/*Triknaita",
        "desc_tr": "Antik Kenti, Ref.: BAtlas 52 F3 Pentephyle/*Triknaita"
      },
      "geometry": {
        "type": "Point",
        "coordinates": [
          30.003834,
          40.966819
        ]
      }
    },
    {
      "type": "Feature",
      "properties": {
        "name": "Petrozetoi",
        "desc": "An ancient place, cited: BAtlas 52 F3 Petrozetoi",
        "name_tr": "Petrozetoi",
        "desc_tr": "Antik Kenti, Ref.: BAtlas 52 F3 Petrozetoi"
      },
      "geometry": {
        "type": "Point",
        "coordinates": [
          29.88112,
          40.89809
        ]
      }
    },
    {
      "type": "Feature",
      "properties": {
        "name": "Philia",
        "desc": "An ancient place, cited: BAtlas 52 D2 Philia",
        "name_tr": "Philia",
        "desc_tr": "Antik Kenti, Ref.: BAtlas 52 D2 Philia"
      },
      "geometry": {
        "type": "Point",
        "coordinates": [
          28.6795713,
          41.34187915
        ]
      }
    },
    {
      "type": "Feature",
      "properties": {
        "name": "Plakia",
        "desc": "An ancient place, cited: BAtlas 52 C4 Plakia",
        "name_tr": "Plakia",
        "desc_tr": "Antik Kenti, Ref.: BAtlas 52 C4 Plakia"
      },
      "geometry": {
        "type": "Point",
        "coordinates": [
          28.27741,
          40.397648
        ]
      }
    },
    {
      "type": "Feature",
      "properties": {
        "name": "*Ploketta",
        "desc": "An ancient place, cited: BAtlas 52 F4 *Ploketta",
        "name_tr": "*Ploketta",
        "desc_tr": "Antik Kenti, Ref.: BAtlas 52 F4 *Ploketta"
      },
      "geometry": {
        "type": "Point",
        "coordinates": [
          29.77988,
          40.422294
        ]
      }
    },
    {
      "type": "Feature",
      "properties": {
        "name": "Poimanenon",
        "desc": "An ancient place, cited: BAtlas 52 B4 Poimanenon",
        "name_tr": "Poimanenon",
        "desc_tr": "Antik Kenti, Ref.: BAtlas 52 B4 Poimanenon"
      },
      "geometry": {
        "type": "Point",
        "coordinates": [
          27.892299,
          40.07897
        ]
      }
    },
    {
      "type": "Feature",
      "properties": {
        "name": "Prainetos",
        "desc": "An ancient place, cited: BAtlas 52 F3 Prainetos",
        "name_tr": "Prainetos",
        "desc_tr": "Antik Kenti, Ref.: BAtlas 52 F3 Prainetos"
      },
      "geometry": {
        "type": "Point",
        "coordinates": [
          29.618865,
          40.689761
        ]
      }
    },
    {
      "type": "Feature",
      "properties": {
        "name": "*Pratomysia",
        "desc": "An ancient place, cited: BAtlas 52 E3 *Pratomysia",
        "name_tr": "*Pratomysia",
        "desc_tr": "Antik Kenti, Ref.: BAtlas 52 E3 *Pratomysia"
      },
      "geometry": {
        "type": "Point",
        "coordinates": [
          29.343911,
          40.611226
        ]
      }
    },
    {
      "type": "Feature",
      "properties": {
        "name": "*Prepa",
        "desc": "An ancient place, cited: BAtlas 52 F3 *Prepa",
        "name_tr": "*Prepa",
        "desc_tr": "Antik Kenti, Ref.: BAtlas 52 F3 *Prepa"
      },
      "geometry": {
        "type": "Point",
        "coordinates": [
          29.750652,
          40.856523
        ]
      }
    },
    {
      "type": "Feature",
      "properties": {
        "name": "Priapus",
        "desc": "An ancient place, cited: BAtlas 52 A4 Priapus",
        "name_tr": "Priapus",
        "desc_tr": "Antik Kenti, Ref.: BAtlas 52 A4 Priapus"
      },
      "geometry": {
        "type": "Point",
        "coordinates": [
          27.3255087,
          40.4136259
        ]
      }
    },
    {
      "type": "Feature",
      "properties": {
        "name": "*Prindea",
        "desc": "An ancient place, cited: BAtlas 52 G3 *Prindea",
        "name_tr": "*Prindea",
        "desc_tr": "Antik Kenti, Ref.: BAtlas 52 G3 *Prindea"
      },
      "geometry": {
        "type": "Point",
        "coordinates": [
          30.248018,
          40.75315
        ]
      }
    },
    {
      "type": "Feature",
      "properties": {
        "name": "Proconnesus (settlement)",
        "desc": "An ancient place, cited: BAtlas 52 B3 Proconnesus",
        "name_tr": "Proconnesus (settlement)",
        "desc_tr": "Antik Kenti, Ref.: BAtlas 52 B3 Proconnesus"
      },
      "geometry": {
        "type": "Point",
        "coordinates": [
          27.55568,
          40.591686
        ]
      }
    },
    {
      "type": "Feature",
      "properties": {
        "name": "*Pronnaea",
        "desc": "An ancient place, cited: BAtlas 52 F4 *Pronnaea",
        "name_tr": "*Pronnaea",
        "desc_tr": "Alıntılanan eski bir yer: BAtlas 52 F4 *Pronnaea"
      },
      "geometry": {
        "type": "Point",
        "coordinates": [
          29.996971,
          40.011719
        ]
      }
    },
    {
      "type": "Feature",
      "properties": {
        "name": "Prusa",
        "desc": "Human settlement at Prusa began as a site called Cius that came under the control of the king of Bithynia in 202 BC. The city was renamed Prusias and was eventually willed to the Roman Empire in 74 BC by Nicomedes IV, the last King of Bithynia.",
        "name_tr": "Prusa",
        "desc_tr": "Prusa'daki insan yerleşimi, MÖ 202'de Bithynia kralının kontrolüne giren Cius adlı bir yerleşim yeri olarak başladı. Şehir, Prusias olarak yeniden adlandırıldı ve sonunda MÖ 74'te Bithynia'nın son kralı IV. Nikomedes tarafından Roma İmparatorluğu'na bağlandı."
      },
      "geometry": {
        "type": "Point",
        "coordinates": [
          29.0638185,
          40.1828985
        ]
      }
    },
    {
      "type": "Feature",
      "properties": {
        "name": "Prusias ad Mare/Kios",
        "desc": "Prusias ad Mare/Kios was an ancient Greek city on the Propontis. The city joined the Aetolian League and was destroyed by Philip V of Macedon. Prusias I of Bithynia rebuilt the site, naming it for himself.",
        "name_tr": "Prusias ad Mare/Kios",
        "desc_tr": "Prusias ad Mare/Kios, Propontis kıyısındaki antik bir Yunan şehriydi. Şehir, Aetolia Birliği'ne katılmış ve Makedonya Kralı V. Filip tarafından yıkılmıştır. Bithynia Kralı I. Prusias, şehri yeniden inşa ederek kendi adını vermiştir."
      },
      "geometry": {
        "type": "Point",
        "coordinates": [
          29.15639,
          40.432469
        ]
      }
    },
    {
      "type": "Feature",
      "properties": {
        "name": "*Psarela",
        "desc": "An ancient place, cited: BAtlas 52 F3 *Psarela",
        "name_tr": "*Psarela",
        "desc_tr": "Antik Kenti, Ref.: BAtlas 52 F3 *Psarela"
      },
      "geometry": {
        "type": "Point",
        "coordinates": [
          29.65718,
          40.913268
        ]
      }
    },
    {
      "type": "Feature",
      "properties": {
        "name": "Psillion",
        "desc": "An ancient place, cited: BAtlas 52 F2 Psillion",
        "name_tr": "Psillion",
        "desc_tr": "Antik Kenti, Ref.: BAtlas 52 F2 Psillion"
      },
      "geometry": {
        "type": "Point",
        "coordinates": [
          29.847158,
          41.133616
        ]
      }
    },
    {
      "type": "Feature",
      "properties": {
        "name": "Pylai",
        "desc": "An ancient place, cited: BAtlas 52 E3 Pylai",
        "name_tr": "Pylai",
        "desc_tr": "Antik Kenti, Ref.: BAtlas 52 E3 Pylai"
      },
      "geometry": {
        "type": "Point",
        "coordinates": [
          29.273345,
          40.657795
        ]
      }
    },
    {
      "type": "Feature",
      "properties": {
        "name": "Pytheion/Pythia Therma",
        "desc": "An ancient place, cited: BAtlas 52 E3 Pytheion/Pythia Therma",
        "name_tr": "Pytheion/Pythia Therma",
        "desc_tr": "Antik Kenti, Ref.: BAtlas 52 E3 Pytheion/Pythia Therma"
      },
      "geometry": {
        "type": "Point",
        "coordinates": [
          29.223869,
          40.60388
        ]
      }
    },
    {
      "type": "Feature",
      "properties": {
        "name": "Pythopolis",
        "desc": "An ancient place, cited: BAtlas 52 E4 Pythopolis",
        "name_tr": "Pythopolis",
        "desc_tr": "Antik Kenti, Ref.: BAtlas 52 E4 Pythopolis"
      },
      "geometry": {
        "type": "Point",
        "coordinates": [
          29.413577,
          40.396001
        ]
      }
    },
    {
      "type": "Feature",
      "properties": {
        "name": "Rhegion",
        "desc": "An ancient place, cited: BAtlas 52 D3 Rhegion",
        "name_tr": "Rhegion",
        "desc_tr": "Antik Kenti, Ref.: BAtlas 52 D3 Rhegion"
      },
      "geometry": {
        "type": "Point",
        "coordinates": [
          28.77522,
          41.008349
        ]
      }
    },
    {
      "type": "Feature",
      "properties": {
        "name": "Rhoe",
        "desc": "An ancient place, cited: BAtlas 52 G2 Rhoe",
        "name_tr": "Rhoe",
        "desc_tr": "Antik Kenti, Ref.: BAtlas 52 G2 Rhoe"
      },
      "geometry": {
        "type": "Point",
        "coordinates": [
          30.227622,
          41.168505
        ]
      }
    },
    {
      "type": "Feature",
      "properties": {
        "name": "Salmydessos (coastal region)",
        "desc": "A coastal region on the southwest littoral of the Black Sea, south and east of the ancient settlement of Salmydessos (modern Midye/Kıyıköy).",
        "name_tr": "Salmydessos (coastal region)",
        "desc_tr": "Karadeniz'in güneybatı kıyısında, antik Salmydessos yerleşiminin (bugünkü Midye/Kıyıköy) güneyinde ve doğusunda yer alan kıyı bölgesi."
      },
      "geometry": {
        "type": "Point",
        "coordinates": [
          28.3655042784,
          41.453190952
        ]
      }
    },
    {
      "type": "Feature",
      "properties": {
        "name": "Sangaros",
        "desc": "An ancient place, cited: BAtlas 52 E3 Sangaros",
        "name_tr": "Sangaros",
        "desc_tr": "Antik Kenti, Ref.: BAtlas 52 E3 Sangaros"
      },
      "geometry": {
        "type": "Point",
        "coordinates": [
          29.062942,
          40.639267
        ]
      }
    },
    {
      "type": "Feature",
      "properties": {
        "name": "Sarkotyle",
        "desc": "An ancient place, cited: BAtlas 52 F4 Sarkotyle",
        "name_tr": "Sarkotyle",
        "desc_tr": "Antik Kenti, Ref.: BAtlas 52 F4 Sarkotyle"
      },
      "geometry": {
        "type": "Point",
        "coordinates": [
          29.526255,
          40.079298
        ]
      }
    },
    {
      "type": "Feature",
      "properties": {
        "name": "Scylla",
        "desc": "An ancient place, cited: BAtlas 52 C2 Scylla",
        "name_tr": "Scylla",
        "desc_tr": "Antik Kenti, Ref.: BAtlas 52 C2 Scylla"
      },
      "geometry": {
        "type": "Point",
        "coordinates": [
          28.299623,
          41.48537
        ]
      }
    },
    {
      "type": "Feature",
      "properties": {
        "name": "Sirkanos",
        "desc": "An ancient place, cited: BAtlas 52 F3 Sirkanos",
        "name_tr": "Sirkanos",
        "desc_tr": "Antik Kenti, Ref.: BAtlas 52 F3 Sirkanos"
      },
      "geometry": {
        "type": "Point",
        "coordinates": [
          29.683367,
          40.866636
        ]
      }
    },
    {
      "type": "Feature",
      "properties": {
        "name": "Skylake",
        "desc": "An ancient place, cited: BAtlas 52 C4 Skylake",
        "name_tr": "Skylake",
        "desc_tr": "Alıntı yapılan eski bir yer: BAtlas 52 C4 Skylake"
      },
      "geometry": {
        "type": "Point",
        "coordinates": [
          28.388808,
          40.387037
        ]
      }
    },
    {
      "type": "Feature",
      "properties": {
        "name": "*Soka",
        "desc": "An ancient place, cited: BAtlas 52 F3 *Soka",
        "name_tr": "*Soka",
        "desc_tr": "Antik Kenti, Ref.: BAtlas 52 F3 *Soka"
      },
      "geometry": {
        "type": "Point",
        "coordinates": [
          29.870564,
          40.878091
        ]
      }
    },
    {
      "type": "Feature",
      "properties": {
        "name": "Strobilos",
        "desc": "An ancient place, cited: BAtlas 52 E3 Strobilos",
        "name_tr": "Strobilos",
        "desc_tr": "Antik Kenti, Ref.: BAtlas 52 E3 Strobilos"
      },
      "geometry": {
        "type": "Point",
        "coordinates": [
          29.335621,
          40.654483
        ]
      }
    },
    {
      "type": "Feature",
      "properties": {
        "name": "*Syllanta",
        "desc": "An ancient place, cited: BAtlas 52 G4 *Syllanta",
        "name_tr": "*Syllanta",
        "desc_tr": "Antik Kenti, Ref.: BAtlas 52 G4 *Syllanta"
      },
      "geometry": {
        "type": "Point",
        "coordinates": [
          30.321874,
          40.317895
        ]
      }
    },
    {
      "type": "Feature",
      "properties": {
        "name": "Tarsos",
        "desc": "An ancient place, cited: BAtlas 52 G3 Tarsos",
        "name_tr": "Tarsos",
        "desc_tr": "Antik Kenti, Ref.: BAtlas 52 G3 Tarsos"
      },
      "geometry": {
        "type": "Point",
        "coordinates": [
          30.25,
          40.75
        ]
      }
    },
    {
      "type": "Feature",
      "properties": {
        "name": "Tataula",
        "desc": "An ancient place, cited: BAtlas 52 E4 Tataula",
        "name_tr": "Tataula",
        "desc_tr": "Antik Kenti, Ref.: BAtlas 52 E4 Tataula"
      },
      "geometry": {
        "type": "Point",
        "coordinates": [
          29.4399025,
          40.024799
        ]
      }
    },
    {
      "type": "Feature",
      "properties": {
        "name": "Tattaios",
        "desc": "An ancient place, cited: BAtlas 52 G4 Tattaios",
        "name_tr": "Tattaios",
        "desc_tr": "Antik Kenti, Ref.: BAtlas 52 G4 Tattaios"
      },
      "geometry": {
        "type": "Point",
        "coordinates": [
          30.3429555,
          40.286922
        ]
      }
    },
    {
      "type": "Feature",
      "properties": {
        "name": "*Tenba",
        "desc": "An ancient place, cited: BAtlas 52 G2 *Tenba",
        "name_tr": "*Tenba",
        "desc_tr": "Antik Kenti, Ref.: BAtlas 52 G2 *Tenba"
      },
      "geometry": {
        "type": "Point",
        "coordinates": [
          30.030899,
          41.105785
        ]
      }
    },
    {
      "type": "Feature",
      "properties": {
        "name": "Terbos",
        "desc": "An ancient place, cited: BAtlas 52 G3 Terbos",
        "name_tr": "Terbos",
        "desc_tr": "Antik Kenti, Ref.: BAtlas 52 G3 Terbos"
      },
      "geometry": {
        "type": "Point",
        "coordinates": [
          30.018851,
          40.509541
        ]
      }
    },
    {
      "type": "Feature",
      "properties": {
        "name": "*(Tes)Deramoska",
        "desc": "An ancient place, cited: BAtlas 52 F3 *(Tes)Deramoska",
        "name_tr": "*(Tes)Deramoska",
        "desc_tr": "Antik Kenti, Ref.: BAtlas 52 F3 *(Tes)Deramoska"
      },
      "geometry": {
        "type": "Point",
        "coordinates": [
          29.724963,
          40.83924
        ]
      }
    },
    {
      "type": "Feature",
      "properties": {
        "name": "Tetrakomia",
        "desc": "An ancient place, cited: BAtlas 52 F3 Tetrakomia",
        "name_tr": "Tetrakomia",
        "desc_tr": "Antik Kenti, Ref.: BAtlas 52 F3 Tetrakomia"
      },
      "geometry": {
        "type": "Point",
        "coordinates": [
          29.47451,
          40.514307
        ]
      }
    },
    {
      "type": "Feature",
      "properties": {
        "name": "Thrakia Kome",
        "desc": "An ancient place, cited: BAtlas 52 B4 Thrakia Kome",
        "name_tr": "Thrakia Kome",
        "desc_tr": "Antik Kenti, Ref.: BAtlas 52 B4 Thrakia Kome"
      },
      "geometry": {
        "type": "Point",
        "coordinates": [
          27.927064,
          40.361304
        ]
      }
    },
    {
      "type": "Feature",
      "properties": {
        "name": "Tiristasis/Tyrodiza",
        "desc": "An ancient place, cited: BAtlas 52 A3 Tiristasis/Tyrodiza",
        "name_tr": "Tiristasis/Tyrodiza",
        "desc_tr": "Antik Kenti, Ref.: BAtlas 52 A3 Tiristasis/Tyrodiza"
      },
      "geometry": {
        "type": "Point",
        "coordinates": [
          27.114093,
          40.617746
        ]
      }
    },
    {
      "type": "Feature",
      "properties": {
        "name": "Trikomia",
        "desc": "An ancient place, cited: BAtlas 52 G3 Trikomia",
        "name_tr": "Trikomia",
        "desc_tr": "Antik Kenti, Ref.: BAtlas 52 G3 Trikomia"
      },
      "geometry": {
        "type": "Point",
        "coordinates": [
          30.032644,
          40.960845
        ]
      }
    },
    {
      "type": "Feature",
      "properties": {
        "name": "Tzouroulon/Silta?",
        "desc": "An ancient place, cited: BAtlas 52 B2 Tzouroulon/Silta?",
        "name_tr": "Tzouroulon/Silta?",
        "desc_tr": "Antik kenti, Ref.: BAtlas 52 B2 Tzouroulon/Silta?"
      },
      "geometry": {
        "type": "Point",
        "coordinates": [
          27.7953932947,
          41.1666897906
        ]
      }
    },
    {
      "type": "Feature",
      "properties": {
        "name": "Zeleia",
        "desc": "An ancient place, cited: BAtlas 52 B4 Zeleia",
        "name_tr": "Zeleia",
        "desc_tr": "Antik Kenti, Ref.: BAtlas 52 B4 Zeleia"
      },
      "geometry": {
        "type": "Point",
        "coordinates": [
          27.59613655,
          40.20357415
        ]
      }
    },
    {
      "type": "Feature",
      "properties": {
        "name": "Amykos",
        "desc": "An ancient place, cited: BAtlas 53 B2 Amykos",
        "name_tr": "Amykos",
        "desc_tr": "Antik Kenti, Ref.: BAtlas 53 B2 Amykos"
      },
      "geometry": {
        "type": "Point",
        "coordinates": [
          29.091469,
          41.135316
        ]
      }
    },
    {
      "type": "Feature",
      "properties": {
        "name": "Anaplous?/Promotou?",
        "desc": "An ancient place, cited: BAtlas 53 B2 Anaplous?/Promotou?",
        "name_tr": "Anaplous?/Promotou?",
        "desc_tr": "Antik Kenti, Ref.: BAtlas 53 B2 Anaplous?/Promotou?"
      },
      "geometry": {
        "type": "Point",
        "coordinates": [
          29.043018,
          41.067883
        ]
      }
    },
    {
      "type": "Feature",
      "properties": {
        "name": "Blachernai",
        "desc": "An ancient place, cited: BAtlas 53 A2 Blachernai",
        "name_tr": "Blachernai",
        "desc_tr": "Antik Kenti, Ref.: BAtlas 53 A2 Blachernai"
      },
      "geometry": {
        "type": "Point",
        "coordinates": [
          28.94271,
          41.039547
        ]
      }
    },
    {
      "type": "Feature",
      "properties": {
        "name": "Bythias",
        "desc": "An ancient place, cited: BAtlas 53 B2 Bythias",
        "name_tr": "Bythias",
        "desc_tr": "Antik Kenti, Ref.: BAtlas 53 B2 Bythias"
      },
      "geometry": {
        "type": "Point",
        "coordinates": [
          29.035349,
          41.060799
        ]
      }
    },
    {
      "type": "Feature",
      "properties": {
        "name": "Byzantium",
        "desc": "An ancient Greek settlement at the southern end of the Bosphorus where modern-day Istanbul, Turkey now stands. It flourished and grew throughout the Greek and Roman periods. The city was renamed Constantinopolis (q.v.) and much expanded by the fourth-century emperor, Constantine and his successors.",
        "name_tr": "Byzantium",
        "desc_tr": "Boğaz'ın güney ucunda, günümüz İstanbul'unun bulunduğu yerde bulunan antik bir Yunan yerleşimi. Yunan ve Roma dönemlerinde gelişip büyümüştür. Şehir, dördüncü yüzyıl imparatoru Konstantin ve halefleri tarafından Konstantinopolis (bkz.) olarak yeniden adlandırılmış ve büyük ölçüde genişletilmiştir."
      },
      "geometry": {
        "type": "Point",
        "coordinates": [
          28.9738815,
          41.005902
        ]
      }
    },
    {
      "type": "Feature",
      "properties": {
        "name": "Chalcaea",
        "desc": "An ancient place, cited: BAtlas 53 B2 Chalcaea",
        "name_tr": "Chalcaea",
        "desc_tr": "Alıntı yapılan eski bir yer: BAtlas 53 B2 Chalcaea"
      },
      "geometry": {
        "type": "Point",
        "coordinates": [
          29.079825,
          41.188254
        ]
      }
    },
    {
      "type": "Feature",
      "properties": {
        "name": "Chelae",
        "desc": "An ancient place, cited: BAtlas 53 B2 Chelae",
        "name_tr": "Chelae",
        "desc_tr": "Antik Kenti, Ref.: BAtlas 53 B2 Chelae"
      },
      "geometry": {
        "type": "Point",
        "coordinates": [
          29.119739,
          41.187015
        ]
      }
    },
    {
      "type": "Feature",
      "properties": {
        "name": "Chelai/Philemporos",
        "desc": "An ancient place, cited: BAtlas 53 B2 Chelai/Philemporos",
        "name_tr": "Chelai/Philemporos",
        "desc_tr": "Antik Kenti, Ref.: BAtlas 53 B2 Chelai/Philemporos"
      },
      "geometry": {
        "type": "Point",
        "coordinates": [
          29.043942,
          41.078024
        ]
      }
    },
    {
      "type": "Feature",
      "properties": {
        "name": "Constantinopolis",
        "desc": "Capital city of the Eastern Roman Empire, the Latin, and the Ottoman Empires founded by Constantine I in AD 330.",
        "name_tr": "Constantinopolis",
        "desc_tr": "MS 330 yılında I. Konstantin tarafından kurulan Doğu Roma, Latin ve Osmanlı imparatorluklarının başkenti."
      },
      "geometry": {
        "type": "Point",
        "coordinates": [
          28.9656351401,
          41.0065926253
        ]
      }
    },
    {
      "type": "Feature",
      "properties": {
        "name": "Damalis/Bous",
        "desc": "An ancient place, cited: BAtlas 53 B2 Damalis/Bous",
        "name_tr": "Damalis/Bous",
        "desc_tr": "Alıntı yapılan eski bir yer: BAtlas 53 B2 Damalis/Bous"
      },
      "geometry": {
        "type": "Point",
        "coordinates": [
          29.011071,
          41.02526
        ]
      }
    },
    {
      "type": "Feature",
      "properties": {
        "name": "Daphne Mainomene?/Nymphaion?",
        "desc": "An ancient place, cited: BAtlas 53 B2 Daphne Mainomene?/Nymphaion?",
        "name_tr": "Daphne Mainomene?/Nymphaion?",
        "desc_tr": "Antik kenti, Ref.: BAtlas 53 B2 Daphne Mainomene?/Nymphaion?"
      },
      "geometry": {
        "type": "Point",
        "coordinates": [
          29.078667,
          41.153315
        ]
      }
    },
    {
      "type": "Feature",
      "properties": {
        "name": "Dekaton",
        "desc": "An ancient place, cited: BAtlas 53 A3 Dekaton",
        "name_tr": "Dekaton",
        "desc_tr": "Alıntı yapılan eski bir yer: BAtlas 53 A3 Dekaton"
      },
      "geometry": {
        "type": "Point",
        "coordinates": [
          28.810737,
          40.974534
        ]
      }
    },
    {
      "type": "Feature",
      "properties": {
        "name": "Eirenaion",
        "desc": "An ancient place, cited: BAtlas 53 B2 Eirenaion",
        "name_tr": "Eirenaion",
        "desc_tr": "Antik kenti, Ref.: BAtlas 53 B2 Eirenaion"
      },
      "geometry": {
        "type": "Point",
        "coordinates": [
          29.082169,
          41.106975
        ]
      }
    },
    {
      "type": "Feature",
      "properties": {
        "name": "Gomon?",
        "desc": "An ancient place, cited: BAtlas 53 B2 Gomon?",
        "name_tr": "Gomon?",
        "desc_tr": "Antik Kenti, Ref.: BAtlas 53 B2 Gomon?"
      },
      "geometry": {
        "type": "Point",
        "coordinates": [
          29.153392,
          41.216794
        ]
      }
    },
    {
      "type": "Feature",
      "properties": {
        "name": "Henaton",
        "desc": "An ancient place, cited: BAtlas 53 A3 Henaton",
        "name_tr": "Henaton",
        "desc_tr": "Antik Kenti, Ref.: BAtlas 53 A3 Henaton"
      },
      "geometry": {
        "type": "Point",
        "coordinates": [
          28.830716,
          40.975888
        ]
      }
    },
    {
      "type": "Feature",
      "properties": {
        "name": "Himeros",
        "desc": "An ancient place, cited: BAtlas 53 B3 Himeros",
        "name_tr": "Himeros",
        "desc_tr": "Antik kenti, Ref.: BAtlas 53 B3 Himeros"
      },
      "geometry": {
        "type": "Point",
        "coordinates": [
          29.025097,
          40.998516
        ]
      }
    },
    {
      "type": "Feature",
      "properties": {
        "name": "Iasonion/Daphne",
        "desc": "An ancient place, cited: BAtlas 53 B2 Iasonion/Daphne",
        "name_tr": "Iasonion/Daphne",
        "desc_tr": "Antik Kenti, Ref.: BAtlas 53 B2 Iasonion/Daphne"
      },
      "geometry": {
        "type": "Point",
        "coordinates": [
          29.001901,
          41.043598
        ]
      }
    },
    {
      "type": "Feature",
      "properties": {
        "name": "Kalamos",
        "desc": "An ancient place, cited: BAtlas 53 B2 Kalamos",
        "name_tr": "Kalamos",
        "desc_tr": "Antik Kenti, Ref.: BAtlas 53 B2 Kalamos"
      },
      "geometry": {
        "type": "Point",
        "coordinates": [
          29.033624,
          41.056678
        ]
      }
    },
    {
      "type": "Feature",
      "properties": {
        "name": "Kalos Agros",
        "desc": "An ancient place, cited: BAtlas 53 B2 Kalos Agros",
        "name_tr": "Kalos Agros",
        "desc_tr": "Alıntı yapılan eski bir yer: BAtlas 53 B2 Kalos Agros"
      },
      "geometry": {
        "type": "Point",
        "coordinates": [
          29.036633,
          41.155348
        ]
      }
    },
    {
      "type": "Feature",
      "properties": {
        "name": "Kampos",
        "desc": "An ancient place, cited: BAtlas 53 A3 Kampos",
        "name_tr": "Kampos",
        "desc_tr": "Antik Kenti, Ref.: BAtlas 53 A3 Kampos"
      },
      "geometry": {
        "type": "Point",
        "coordinates": [
          28.878683,
          40.983338
        ]
      }
    },
    {
      "type": "Feature",
      "properties": {
        "name": "Kepos",
        "desc": "An ancient place, cited: BAtlas 53 A2 Kepos",
        "name_tr": "Kepos",
        "desc_tr": "Antik Kenti, Ref.: BAtlas 53 A2 Kepos"
      },
      "geometry": {
        "type": "Point",
        "coordinates": [
          28.953206,
          41.022065
        ]
      }
    },
    {
      "type": "Feature",
      "properties": {
        "name": "Kikonion",
        "desc": "An ancient place, cited: BAtlas 53 B2 Kikonion",
        "name_tr": "Kikonion",
        "desc_tr": "Antik kenti, Ref.: BAtlas 53 B2 Kikonion"
      },
      "geometry": {
        "type": "Point",
        "coordinates": [
          29.053148,
          41.050331
        ]
      }
    },
    {
      "type": "Feature",
      "properties": {
        "name": "Kyparodes",
        "desc": "An ancient place, cited: BAtlas 53 B2 Kyparodes",
        "name_tr": "Kyparodes",
        "desc_tr": "Antik Kenti, Ref.: BAtlas 53 B2 Kyparodes"
      },
      "geometry": {
        "type": "Point",
        "coordinates": [
          29.054246,
          41.104446
        ]
      }
    },
    {
      "type": "Feature",
      "properties": {
        "name": "Lasthenes/Leosthenion/Sosthenion",
        "desc": "An ancient place, cited: BAtlas 53 B2 Lasthenes/Leosthenion/Sosthenion",
        "name_tr": "Lasthenes/Leosthenion/Sosthenion",
        "desc_tr": "Antik Kenti, Ref.: BAtlas 53 B2 Lasthenes/Leosthenion/Sosthenion"
      },
      "geometry": {
        "type": "Point",
        "coordinates": [
          29.052603,
          41.115124
        ]
      }
    },
    {
      "type": "Feature",
      "properties": {
        "name": "Mochadion",
        "desc": "An ancient place, cited: BAtlas 53 B2 Mochadion",
        "name_tr": "Mochadion",
        "desc_tr": "Antik Kenti, Ref.: BAtlas 53 B2 Mochadion"
      },
      "geometry": {
        "type": "Point",
        "coordinates": [
          29.119903,
          41.198455
        ]
      }
    },
    {
      "type": "Feature",
      "properties": {
        "name": "Nausikleia",
        "desc": "An ancient place, cited: BAtlas 53 B2 Nausikleia",
        "name_tr": "Nausikleia",
        "desc_tr": "Antik kenti, Ref.: BAtlas 53 B2 Nausikleia"
      },
      "geometry": {
        "type": "Point",
        "coordinates": [
          29.065455,
          41.078182
        ]
      }
    },
    {
      "type": "Feature",
      "properties": {
        "name": "Nausimachion",
        "desc": "An ancient place, cited: BAtlas 53 B2 Nausimachion",
        "name_tr": "Nausimachion",
        "desc_tr": "Antik Kenti, Ref.: BAtlas 53 B2 Nausimachion"
      },
      "geometry": {
        "type": "Point",
        "coordinates": [
          29.053607,
          41.059363
        ]
      }
    },
    {
      "type": "Feature",
      "properties": {
        "name": "Neapolis/Comarodes?",
        "desc": "An ancient place, cited: BAtlas 53 B2 Neapolis/Comarodes?",
        "name_tr": "Neapolis/Comarodes?",
        "desc_tr": "Antik Kenti, Ref.: BAtlas 53 B2 Neapolis/Comarodes?"
      },
      "geometry": {
        "type": "Point",
        "coordinates": [
          29.059723,
          41.12194
        ]
      }
    },
    {
      "type": "Feature",
      "properties": {
        "name": "Palodes",
        "desc": "An ancient place, cited: BAtlas 53 B2 Palodes",
        "name_tr": "Palodes",
        "desc_tr": "Antik Kenti, Ref.: BAtlas 53 B2 Palodes"
      },
      "geometry": {
        "type": "Point",
        "coordinates": [
          29.099572,
          41.123881
        ]
      }
    },
    {
      "type": "Feature",
      "properties": {
        "name": "Paulines",
        "desc": "An ancient place, cited: BAtlas 53 A2 Paulines",
        "name_tr": "Paulines",
        "desc_tr": "Antik Kenti, Ref.: BAtlas 53 A2 Paulines"
      },
      "geometry": {
        "type": "Point",
        "coordinates": [
          28.941721,
          41.04052
        ]
      }
    },
    {
      "type": "Feature",
      "properties": {
        "name": "Pegai/Krenides",
        "desc": "An ancient place, cited: BAtlas 53 A2 Pegai/Krenides",
        "name_tr": "Pegai/Krenides",
        "desc_tr": "Antik Kenti, Ref.: BAtlas 53 A2 Pegai/Krenides"
      },
      "geometry": {
        "type": "Point",
        "coordinates": [
          28.965242,
          41.035504
        ]
      }
    },
    {
      "type": "Feature",
      "properties": {
        "name": "Pege",
        "desc": "An ancient place, cited: BAtlas 53 A3 Pege",
        "name_tr": "Pege",
        "desc_tr": "Antik Kenti, Ref.: BAtlas 53 A3 Pege"
      },
      "geometry": {
        "type": "Point",
        "coordinates": [
          28.915896,
          40.999905
        ]
      }
    },
    {
      "type": "Feature",
      "properties": {
        "name": "Pharmakia/Therapeia",
        "desc": "An ancient place, cited: BAtlas 53 B2 Pharmakia/Therapeia",
        "name_tr": "Pharmakia/Therapeia",
        "desc_tr": "Antik Kenti, Ref.: BAtlas 53 B2 Pharmakia/Therapeia"
      },
      "geometry": {
        "type": "Point",
        "coordinates": [
          29.049999,
          41.133339
        ]
      }
    },
    {
      "type": "Feature",
      "properties": {
        "name": "Phidalia Petra",
        "desc": "An ancient place, cited: BAtlas 53 B2 Phidalia Petra",
        "name_tr": "Phidalia Petra",
        "desc_tr": "Antik Kenti, Ref.: BAtlas 53 B2 Phidalia Petra"
      },
      "geometry": {
        "type": "Point",
        "coordinates": [
          29.050838,
          41.099551
        ]
      }
    },
    {
      "type": "Feature",
      "properties": {
        "name": "Phosphorus",
        "desc": "An ancient place, cited: BAtlas 53 B2 Phosphorus",
        "name_tr": "Phosphorus",
        "desc_tr": "Antik Kenti, Ref.: BAtlas 53 B2 Fosfor"
      },
      "geometry": {
        "type": "Point",
        "coordinates": [
          29.086446,
          41.196606
        ]
      }
    },
    {
      "type": "Feature",
      "properties": {
        "name": "Pitheci Portus",
        "desc": "An ancient place, cited: BAtlas 53 B2 Pitheci Portus",
        "name_tr": "Pitheci Portus",
        "desc_tr": "Antik Kenti, Ref.: BAtlas 53 B2 Pitheci Portus"
      },
      "geometry": {
        "type": "Point",
        "coordinates": [
          29.061516,
          41.129578
        ]
      }
    },
    {
      "type": "Feature",
      "properties": {
        "name": "Poleatikon",
        "desc": "An ancient place, cited: BAtlas 53 B3 Poleatikon",
        "name_tr": "Poleatikon",
        "desc_tr": "Antik Kenti, Ref.: BAtlas 53 B3 Poleatikon"
      },
      "geometry": {
        "type": "Point",
        "coordinates": [
          29.088941,
          40.956377
        ]
      }
    },
    {
      "type": "Feature",
      "properties": {
        "name": "Potamonion",
        "desc": "An ancient place, cited: BAtlas 53 B2 Potamonion",
        "name_tr": "Potamonion",
        "desc_tr": "Antik Kenti, Ref.: BAtlas 53 B2 Potamonion"
      },
      "geometry": {
        "type": "Point",
        "coordinates": [
          29.067005,
          41.082172
        ]
      }
    },
    {
      "type": "Feature",
      "properties": {
        "name": "Pyrrhias Cyon",
        "desc": "An ancient place, cited: BAtlas 53 B2 Pyrrhias Cyon",
        "name_tr": "Pyrrhias Cyon",
        "desc_tr": "Antik Kenti, Ref.: BAtlas 53 B2 Pyrrhias Cyon"
      },
      "geometry": {
        "type": "Point",
        "coordinates": [
          29.049446,
          41.088116
        ]
      }
    },
    {
      "type": "Feature",
      "properties": {
        "name": "Rhebas",
        "desc": "An ancient place, cited: BAtlas 53 B2 Rhebas",
        "name_tr": "Rhebas",
        "desc_tr": "Antik Kenti, Ref.: BAtlas 53 B2 Rhebas"
      },
      "geometry": {
        "type": "Point",
        "coordinates": [
          29.220059,
          41.22441
        ]
      }
    },
    {
      "type": "Feature",
      "properties": {
        "name": "Rhesion",
        "desc": "An ancient place, cited: BAtlas 53 A3 Rhesion",
        "name_tr": "Rhesion",
        "desc_tr": "Antik Kenti, Ref.: BAtlas 53 A3 Rhesion"
      },
      "geometry": {
        "type": "Point",
        "coordinates": [
          28.892028,
          40.984296
        ]
      }
    },
    {
      "type": "Feature",
      "properties": {
        "name": "Semystra",
        "desc": "An ancient place, cited: BAtlas 53 A2 Semystra",
        "name_tr": "Semystra",
        "desc_tr": "Antik Kenti, Ref.: BAtlas 53 A2 Semystra"
      },
      "geometry": {
        "type": "Point",
        "coordinates": [
          28.94536,
          41.065398
        ]
      }
    },
    {
      "type": "Feature",
      "properties": {
        "name": "Aianteion",
        "desc": "An ancient place, cited: BAtlas 53 A2 Aianteion",
        "name_tr": "Aianteion",
        "desc_tr": "Alıntı yapılan eski bir yer: BAtlas 53 A2 Aianteion"
      },
      "geometry": {
        "type": "Point",
        "coordinates": [
          28.982896,
          41.027933
        ]
      }
    },
    {
      "type": "Feature",
      "properties": {
        "name": "Argyropolis/Bytharion?",
        "desc": "An ancient place, cited: BAtlas 53 A2 Argyropolis/Bytharion?",
        "name_tr": "Argyropolis/Bytharion?",
        "desc_tr": "Antik Kenti, Ref.: BAtlas 53 A2 Argyropolis/Bytharion?"
      },
      "geometry": {
        "type": "Point",
        "coordinates": [
          28.980152,
          41.026411
        ]
      }
    },
    {
      "type": "Feature",
      "properties": {
        "name": "Bolos",
        "desc": "An ancient place, cited: BAtlas 53 A2 Bolos",
        "name_tr": "Bolos",
        "desc_tr": "Alıntı yapılan eski bir yer: BAtlas 53 A2 Bolos"
      },
      "geometry": {
        "type": "Point",
        "coordinates": [
          28.97585,
          41.026944
        ]
      }
    },
    {
      "type": "Feature",
      "properties": {
        "name": "Choiragria",
        "desc": "An ancient place, cited: BAtlas 53 A2 Choiragria",
        "name_tr": "Choiragria",
        "desc_tr": "Antik Kenti, Ref.: BAtlas 53 A2 Choiragria"
      },
      "geometry": {
        "type": "Point",
        "coordinates": [
          28.966599,
          41.031338
        ]
      }
    },
    {
      "type": "Feature",
      "properties": {
        "name": "Delphin/Karandas",
        "desc": "An ancient settlement located on the west bank of the Bosporus, just opposite Chrysopolis.",
        "name_tr": "Delphin/Karandas",
        "desc_tr": "Boğaz'ın batı yakasında, Hrisopolis'in hemen karşısında yer alan antik bir yerleşim yeri."
      },
      "geometry": {
        "type": "Point",
        "coordinates": [
          28.986447,
          41.029913
        ]
      }
    },
    {
      "type": "Feature",
      "properties": {
        "name": "Hierion",
        "desc": "An ancient place, cited: BAtlas 53 A2 Hierion",
        "name_tr": "Hierion",
        "desc_tr": "Antik Kenti, Ref.: BAtlas 53 A2 Hierion"
      },
      "geometry": {
        "type": "Point",
        "coordinates": [
          28.975806,
          41.031189
        ]
      }
    },
    {
      "type": "Feature",
      "properties": {
        "name": "Kanopos",
        "desc": "An ancient place, cited: BAtlas 53 A2 Kanopos",
        "name_tr": "Kanopos",
        "desc_tr": "Antik Kenti, Ref.: BAtlas 53 A2 Kanopos"
      },
      "geometry": {
        "type": "Point",
        "coordinates": [
          28.963627,
          41.032779
        ]
      }
    },
    {
      "type": "Feature",
      "properties": {
        "name": "Sykai/Ioustinianai/Ioustinianoupolis",
        "desc": "An ancient place, cited: BAtlas 53 A2 Sykai/Ioustinianai/Ioustinianoupolis",
        "name_tr": "Sykai/Ioustinianai/Ioustinianoupolis",
        "desc_tr": "Antik Kenti, Ref.: BAtlas 53 A2 Sykai/Ioustinianai/Ioustinianoupolis"
      },
      "geometry": {
        "type": "Point",
        "coordinates": [
          28.972982,
          41.023019
        ]
      }
    },
    {
      "type": "Feature",
      "properties": {
        "name": "Ostreodes",
        "desc": "An ancient place, cited: BAtlas 53 A2 Ostreodes",
        "name_tr": "Ostreodes",
        "desc_tr": "Antik Kenti, Ref.: BAtlas 53 A2 Ostreodes"
      },
      "geometry": {
        "type": "Point",
        "coordinates": [
          28.976566,
          41.023812
        ]
      }
    },
    {
      "type": "Feature",
      "properties": {
        "name": "Pazarlı Höyük",
        "desc": "Settlement located about 30 km. from Alaca Höyük in modern Turkey's Çorum province. The site contains structures dated to the Neolithic, Hittite, and Phrygian periods.",
        "name_tr": "Pazarlı Höyük",
        "desc_tr": "Günümüzde Türkiye'nin Çorum ili sınırları içinde yer alan Alaca Höyük'e yaklaşık 30 km uzaklıkta bulunan yerleşim yeri, Neolitik, Hitit ve Frig dönemlerine ait yapılar barındırmaktadır."
      },
      "geometry": {
        "type": "Point",
        "coordinates": [
          34.9516,
          40.3253
        ]
      }
    },
    {
      "type": "Feature",
      "properties": {
        "name": "Huzirina",
        "desc": "The ancient Huzirina, modern Sultantepe, is a Late Neo-Assyrian archeological site, now in Şanlıurfa Province, Turkey.",
        "name_tr": "Huzirina",
        "desc_tr": "Antik Huzirina, günümüzde ise Sultantepe olarak adlandırılan yer, Türkiye'nin Şanlıurfa ilinde bulunan Geç Neo-Asur arkeolojik alanıdır."
      },
      "geometry": {
        "type": "Point",
        "coordinates": [
          38.9063034648,
          37.0501484044
        ]
      }
    },
    {
      "type": "Feature",
      "properties": {
        "name": "Murat Höyük",
        "desc": "Settlement on the Murat River in Eastern Anatolia inhabited in the Early Bronze Age (ca. 2500-2200 BCE), the Early-Middle Iron Age, and the Medieval Period. It is located near, but distinct from, the Urartian and Byzantine site of Murat Tepe.",
        "name_tr": "Murat Höyük",
        "desc_tr": "Doğu Anadolu'da, Murat Nehri kıyısındaki bu yerleşim, Erken Tunç Çağı (yaklaşık MÖ 2500-2200), Erken-Orta Demir Çağı ve Orta Çağ'da yerleşim görmüştür. Urartu ve Bizans dönemine ait Murat Tepe yerleşim alanına yakın, ancak ondan farklıdır."
      },
      "geometry": {
        "type": "Point",
        "coordinates": [
          40.9620021487,
          38.8906068808
        ]
      }
    },
    {
      "type": "Feature",
      "properties": {
        "name": "Dionysopolis",
        "desc": "Attalos II and Eumenes II founded this city, and although its precise location is unknown today, it was located somewhere on the north bank of the Maeander River, near Çal Dag and the Çal Ova.",
        "name_tr": "Dionysopolis",
        "desc_tr": "Attalos II ve Eumenes II tarafından kurulan bu şehrin kesin yeri bugün bilinmemekle birlikte, Çal Dağı ve Çal Ovası yakınlarında, Maeander Nehri'nin kuzey kıyısında bir yerde bulunuyordu."
      },
      "geometry": {
        "type": "Point",
        "coordinates": [
          29.3792472,
          38.1521275
        ]
      }
    },
    {
      "type": "Feature",
      "properties": {
        "name": "Hellenopolis",
        "desc": "Likely founded by Attalos II, Hellenopolis was initially populated by an amalgamation of citizens from several nearby Greek cities, and was located somewhere near the Mysia-Bithynia border.",
        "name_tr": "Hellenopolis",
        "desc_tr": "Büyük olasılıkla II. Attalos tarafından kurulan Hellenopolis, başlangıçta civardaki birkaç Yunan kentinden gelen vatandaşların bir araya gelmesiyle oluşmuştu ve Mysia-Bithynia sınırına yakın bir yerde bulunuyordu."
      },
      "geometry": {
        "type": "Point",
        "coordinates": [
          29.3079013581,
          40.1190592496
        ]
      }
    },
    {
      "type": "Feature",
      "properties": {
        "name": "Dede Harabeleri",
        "desc": "Late Antique rural settlement located in Gaziantep Province, Turkey, less than 2km southeast of the tell at Tilbaşar Kalesi. Salvage excavations were carried out on the site in 2016-2018 prior to the construction of the Doğanpınar Dam.",
        "name_tr": "Dede Harabeleri",
        "desc_tr": "Türkiye'nin Gaziantep ilinde, Tilbaşar Kalesi höyüğünün 2 km güneydoğusunda yer alan Geç Antik Dönem kırsal yerleşimi. Doğanpınar Barajı'nın inşasından önce 2016-2018 yılları arasında alanda kurtarma kazıları gerçekleştirilmiştir."
      },
      "geometry": {
        "type": "Point",
        "coordinates": [
          37.5692630001,
          36.8604546696
        ]
      }
    },
    {
      "type": "Feature",
      "properties": {
        "name": "Muradiye",
        "desc": "Muradiye (Armenian: Berkri) is a modern settlement in the Van Province in the southeast of Turkey. Here a fragmentary stele with an inscription (CTU A 5-16) of the Urartian king Minua (9th / 8th century BCE) has been found, which reports the construction of the \"Canal of Minua\" that is still in use today. The stela is now lost and its exact findspot is unknown.",
        "name_tr": "Muradiye",
        "desc_tr": "Muradiye (Ermenice: Berkri), Türkiye'nin güneydoğusundaki Van ilinde bulunan modern bir yerleşim yeridir. Burada, Urartu kralı Minua'ya (MÖ 9./8. yüzyıl) ait bir yazıtın (CTU A 5-16) bulunduğu parçalı bir stel bulunmuştur. Bu stel, günümüzde hala kullanımda olan &quot;Minua Kanalı&quot;nın inşasını bildirmektedir. Stelin kaybolduğu ve tam olarak nerede bulunduğu bilinmemektedir."
      },
      "geometry": {
        "type": "Point",
        "coordinates": [
          43.7611745,
          38.9902954
        ]
      }
    },
    {
      "type": "Feature",
      "properties": {
        "name": "Ayanis",
        "desc": "Ayanis (or Ayanıs, now Ağartı Kalesi) is an Urartean fortress and settlement located 35 km north of Van on a rocky outcrop 250 m above Lake Van (1867 m above sea level). It was founded in the 7th century BCE under Rusa, son of Argišti, and was named Rusahinili Eidurukai (\"The City of Rusa in front of Mount Eiduru\"). Here two inscriptions of Rusa, son of Argišti (7th century BCE), have been found which report that Rusa cultivated the barren land, built the fortress and the city as well as a “tower temple” (“susi temple”) and a “Gate for the God Haldi” (A 12-01 and A 12-09).",
        "name_tr": "Ayanis",
        "desc_tr": "Ayanis (veya Ayanıs, günümüzde Ağartı Kalesi), Van'ın 35 km kuzeyinde, Van Gölü'nün 250 m (deniz seviyesinden 1867 m) yukarısında, kayalık bir çıkıntıda bulunan bir Urartu kalesi ve yerleşimidir. MÖ 7. yüzyılda Argišti'nin oğlu Rusa tarafından kurulmuş ve Rusahinili Eidurukai (&quot;Eiduru Dağı'nın Önündeki Rusa Şehri&quot;) olarak adlandırılmıştır. Burada, Argišti'nin oğlu Rusa'ya (MÖ 7. yüzyıl) ait iki yazıt bulunmuştur. Bu yazıtlarda Rusa'nın çorak araziyi işlediği, kaleyi ve şehri inşa ettiği, ayrıca bir &quot;kule tapınağı&quot; (&quot;susi tapınağı&quot;) ve &quot;Tanrı Haldi'ye Kapı&quot; inşa ettiği bildirilmektedir (A 12-01 ve A 12-09)."
      },
      "geometry": {
        "type": "Point",
        "coordinates": [
          43.2113185884,
          38.7083055466
        ]
      }
    },
    {
      "type": "Feature",
      "properties": {
        "name": "Kurban Höyük",
        "desc": "Site in eastern Anatolia inhabited from the Neolithic-Middle Bronze Age. The site was excavated in the early 1980s prior to being inundated by the construction of the Atatürk Dam in 1990.",
        "name_tr": "Kurban Höyük",
        "desc_tr": "Doğu Anadolu'da Neolitik-Orta Tunç Çağı'na kadar yerleşim yeri olarak kullanılan alan, 1980'lerin başında kazılmış ve 1990 yılında Atatürk Barajı'nın inşasıyla sular altında kalmıştır."
      },
      "geometry": {
        "type": "Point",
        "coordinates": [
          38.517864,
          37.504341
        ]
      }
    },
    {
      "type": "Feature",
      "properties": {
        "name": "Yeşilalıç rock niche inscription",
        "desc": "The modern village formerly known as Ašotakert and/or Aschrut-Darga is situated ca. 60 km to the east of Van at an altitude of 2600 m above the stream Çaybağı which flows into the river Kotur in Iran. Here a rock niche with an inscription of the Urartian kings Išpuini (9th century BCE) and Minua (9th / 8th century BCE) was found. It reports the construction of a \"susi temple\" of the god Ḫaldi and the establishment of an offering ritual. In this case, the term \"susi temple\" apparently refers to the niche.",
        "name_tr": "Yeşilalıç rock niche inscription",
        "desc_tr": "Eskiden Ašotakert ve/veya Aschrut-Darga olarak bilinen modern köy, Van'ın yaklaşık 60 km doğusunda, İran'da Kotur Nehri'ne akan Çaybağı Deresi'nin 2600 m yukarısında yer almaktadır. Burada, Urartu kralları İşpuini (MÖ 9. yüzyıl) ve Minua'nın (MÖ 9./8. yüzyıl) yazıtlarının bulunduğu bir kaya nişi bulunmuştur. Bu nişte, tanrı Haldi adına bir &quot;susi tapınağı&quot; inşa edildiği ve bir adak ritüeli düzenlendiği anlatılmaktadır. Bu durumda, &quot;susi tapınağı&quot; teriminin bu nişi ifade ettiği anlaşılmaktadır."
      },
      "geometry": {
        "type": "Point",
        "coordinates": [
          44.020451,
          38.438709
        ]
      }
    },
    {
      "type": "Feature",
      "properties": {
        "name": "Hamam (Hamamköy)",
        "desc": "Hamam is a modern Turkish village near Erzurum in the Northeast of Turkey. Here an inscription of the Urartian king Argišti I, son of Minua (eighth century BCE), was found which reports the filling of a grain silo.",
        "name_tr": "Hamam (Hamamköy)",
        "desc_tr": "Hamam, Türkiye'nin kuzeydoğusundaki Erzurum yakınlarında bulunan modern bir Türk köyüdür. Burada, Urartu Kralı I. Argišti'nin (MÖ 8. yüzyıl) Minua'nın oğlu olduğu ve bir tahıl ambarının doldurulduğunu bildiren bir yazıt bulunmuştur."
      },
      "geometry": {
        "type": "Point",
        "coordinates": [
          41.3132819,
          39.90596075
        ]
      }
    },
    {
      "type": "Feature",
      "properties": {
        "name": "Değirmenköy",
        "desc": "Değirmenköy is a modern Turkish settlement with an Urartian fortress situated nearby. Here, a cylindrical stone with an inscription of the Urartian king Minua, son of Išpuini (9th / 8th century BCE) has been found mentioning a \"barzudibiduni building of Minua\" (CTU A 5-64).",
        "name_tr": "Değirmenköy",
        "desc_tr": "Değirmenköy, yakınında bir Urartu kalesi bulunan modern bir Türk yerleşim yeridir. Burada, Urartu kralı Minua'nın (MÖ 9./8. yüzyıl) İšpuini oğlu olduğu ve &quot;Minua'nın barzudibiduni yapısından&quot; bahsettiği bir yazıtın bulunduğu silindirik bir taş bulunmuştur (CTU A 5-64)."
      },
      "geometry": {
        "type": "Point",
        "coordinates": [
          43.5151485,
          38.5129985
        ]
      }
    },
    {
      "type": "Feature",
      "properties": {
        "name": "Blakeia",
        "desc": "A settlement attested in Aristotle's Kymaion Politeia. Its precise location is unknown today but it was located within Cymian territory.",
        "name_tr": "Blakeia",
        "desc_tr": "Aristoteles'in Kymaion Politeia'sında adı geçen bir yerleşim yeri. Kesin konumu bugün bilinmemekle birlikte, Kyma topraklarında yer alıyordu."
      },
      "geometry": {
        "type": "Point",
        "coordinates": [
          26.9392185,
          38.760689
        ]
      }
    },
    {
      "type": "Feature",
      "properties": {
        "name": "Kasımoğlu",
        "desc": "Kasımoğlu (Ghusnents) is a modern settlement situated 30 km north of Van in the southeast of Turkey. Here a stela with a military account of the Urartian kings Išpuini and Minua (9th / 8th century BCE) was found (CTU A 3-5).",
        "name_tr": "Kasımoğlu",
        "desc_tr": "Kasımoğlu (Ghusnents), Türkiye'nin güneydoğusunda, Van'ın 30 km kuzeyinde yer alan modern bir yerleşim yeridir. Burada, Urartu kralları İşpuini ve Minua'nın (MÖ 9./8. yüzyıl) askeri kayıtlarını içeren bir stel bulunmuştur (CTU A 3-5)."
      },
      "geometry": {
        "type": "Point",
        "coordinates": [
          43.415673,
          38.6846693
        ]
      }
    },
    {
      "type": "Feature",
      "properties": {
        "name": "Seyitömer Höyük",
        "desc": "Settlement in west-central Anatolia inhabited in the Early-Middle Bronze Age (3000-1700 BCE) and again during the Achaemind and Roman periods (500 BCE-395 CE).",
        "name_tr": "Seyitömer Höyük",
        "desc_tr": "Batı-Orta Anadolu'da Erken-Orta Tunç Çağı'nda (MÖ 3000-1700) ve ardından Ahameniş ve Roma dönemlerinde (MÖ 500-MS 395) yerleşim gören yerleşim."
      },
      "geometry": {
        "type": "Point",
        "coordinates": [
          29.8636911108,
          39.5810115951
        ]
      }
    },
    {
      "type": "Feature",
      "properties": {
        "name": "Sirkeli Höyük",
        "desc": "Settlement in Cilicia inhabited from the Chalcolithic Period (ca. 5000 BCE) to the Hellenistic/early Roman period (100 CE).",
        "name_tr": "Sirkeli Höyük",
        "desc_tr": "Kilikya'da yerleşim Kalkolitik Dönem'den (MÖ 5000 civarı) Helenistik/Erken Roma Dönemi'ne (MS 100) kadar sürmüştür."
      },
      "geometry": {
        "type": "Point",
        "coordinates": [
          35.743802033,
          37.0032060675
        ]
      }
    },
    {
      "type": "Feature",
      "properties": {
        "name": "Kocapınar",
        "desc": "Find place for cuneiform inscription.",
        "name_tr": "Kocapınar",
        "desc_tr": "Çivi yazısının yerini bulun."
      },
      "geometry": {
        "type": "Point",
        "coordinates": [
          43.2027615,
          39.0996836
        ]
      }
    },
    {
      "type": "Feature",
      "properties": {
        "name": "Yalçınkaya",
        "desc": "Yalçınkaya is a modern settlement about 8km to the south of Patnos in the Ağrı province in eastern Turkey. In the courtyard of Kızılkaya Church (today Yalçınkaya) a stele with an inscription of the Urartian king Minua (9th / 8th century BCE) was found.",
        "name_tr": "Yalçınkaya",
        "desc_tr": "Yalçınkaya, Türkiye'nin doğusundaki Ağrı ilinde, Patnos'un yaklaşık 8 km güneyinde yer alan modern bir yerleşim yeridir. Kızılkaya Kilisesi'nin (bugünkü Yalçınkaya) avlusunda, Urartu Kralı Minua'ya (MÖ 9./8. yüzyıl) ait bir yazıtın bulunduğu bir stel bulunmuştur."
      },
      "geometry": {
        "type": "Point",
        "coordinates": [
          42.84830285,
          39.1770325
        ]
      }
    },
    {
      "type": "Feature",
      "properties": {
        "name": "Aşağı Pınar",
        "desc": "A Neolithic site in Eastern Thrace near the town of Kırklareli.",
        "name_tr": "Aşağı Pınar",
        "desc_tr": "Doğu Trakya'da Kırklareli ilçesi yakınlarında Neolitik bir yerleşim yeri."
      },
      "geometry": {
        "type": "Point",
        "coordinates": [
          27.2256055655,
          41.721294016
        ]
      }
    },
    {
      "type": "Feature",
      "properties": {
        "name": "Kalatepe",
        "desc": "A Chalcolithic mound near the village of Büyükgülücek, 15 km. north of Alaca Höyük.",
        "name_tr": "Kalatepe",
        "desc_tr": "Alaca Höyük'ün 15 km kuzeyindeki Büyükgülücek köyü yakınlarında Kalkolitik Çağ'a ait bir höyük."
      },
      "geometry": {
        "type": "Point",
        "coordinates": [
          34.7455,
          40.3407
        ]
      }
    },
    {
      "type": "Feature",
      "properties": {
        "name": "Hirbemerdon Tepe",
        "desc": "A settlement in the upper Tigris River Valley inhabited from the Chalcolithic period through the Iron Age.",
        "name_tr": "Hirbemerdon Tepe",
        "desc_tr": "Kalkolitik Çağ'dan Demir Çağı'na kadar yerleşimin görüldüğü Dicle Nehri Vadisi'nin yukarı kesiminde yer alan yerleşim."
      },
      "geometry": {
        "type": "Point",
        "coordinates": [
          41.0136834691,
          37.7773629851
        ]
      }
    },
    {
      "type": "Feature",
      "properties": {
        "name": "Acropolis of Selinus",
        "desc": "The fortified Acropolis of Selinus in Rough Cilicia.",
        "name_tr": "Acropolis of Selinus",
        "desc_tr": "Dağlık Kilikya'daki Selinus'un surlu Akropolü."
      },
      "geometry": {
        "type": "Point",
        "coordinates": [
          32.2827682514,
          36.2584780941
        ]
      }
    },
    {
      "type": "Feature",
      "properties": {
        "name": "Abarnis",
        "desc": "An ancient place, cited: BAtlas 51 H4 Abarnis",
        "name_tr": "Abarnis",
        "desc_tr": "Antik Kenti, Ref.: BAtlas 51 H4 Abarnis"
      },
      "geometry": {
        "type": "Point",
        "coordinates": [
          26.734359,
          40.378253
        ]
      }
    },
    {
      "type": "Feature",
      "properties": {
        "name": "Abydos",
        "desc": "A city of Mysia located on the Hellespont.",
        "name_tr": "Abydos",
        "desc_tr": "Hellespont kıyısında bulunan Mysia kenti."
      },
      "geometry": {
        "type": "Point",
        "coordinates": [
          26.4113127626,
          40.19421564
        ]
      }
    },
    {
      "type": "Feature",
      "properties": {
        "name": "Agora",
        "desc": "An ancient place, cited: BAtlas 51 H3 Agora",
        "name_tr": "Agora",
        "desc_tr": "Antik Kenti, Ref.: BAtlas 51 H3 Agora"
      },
      "geometry": {
        "type": "Point",
        "coordinates": [
          26.786353,
          40.513545
        ]
      }
    },
    {
      "type": "Feature",
      "properties": {
        "name": "Aianteion",
        "desc": "Aianteion was a port town in the Troad located near the putative Tomb of Ajax, with which it shared a name.",
        "name_tr": "Aianteion",
        "desc_tr": "Aianteion, Troas'ta, Aias'ın mezarının yakınında bulunan ve aynı adı paylaştığı bir liman kentiydi."
      },
      "geometry": {
        "type": "Point",
        "coordinates": [
          26.2370257,
          39.9815943
        ]
      }
    },
    {
      "type": "Feature",
      "properties": {
        "name": "Ainos",
        "desc": "An ancient city located at modern Enez in Turkey, Ainos was probably an Aeolian colony sent from Mytilene or Cyme in the 7th century BCE.",
        "name_tr": "Ainos",
        "desc_tr": "Günümüzde Türkiye'nin Enez ilçesinde bulunan antik kent Ainos, büyük olasılıkla MÖ 7. yüzyılda Midilli veya Kyme'den gönderilen bir Aiol kolonisiydi."
      },
      "geometry": {
        "type": "Point",
        "coordinates": [
          26.085729,
          40.7248985
        ]
      }
    },
    {
      "type": "Feature",
      "properties": {
        "name": "Alopekonnesos",
        "desc": "An ancient place, cited: BAtlas 51 G4 Alopekonnesos",
        "name_tr": "Alopekonnesos",
        "desc_tr": "Antik Kenti, Ref.: BAtlas 51 G4 Alopekonnesos"
      },
      "geometry": {
        "type": "Point",
        "coordinates": [
          26.249544,
          40.313939
        ]
      }
    },
    {
      "type": "Feature",
      "properties": {
        "name": "Aphrodisias/Col. Flaviopolis",
        "desc": "An ancient place, cited: BAtlas 51 H3 Aphrodisias/Col. Flaviopolis",
        "name_tr": "Aphrodisias/Col. Flaviopolis",
        "desc_tr": "Antik Kenti, Ref.: BAtlas 51 H3 Aphrodisias/Col. Flaviopolis"
      },
      "geometry": {
        "type": "Point",
        "coordinates": [
          26.834645,
          40.538708
        ]
      }
    },
    {
      "type": "Feature",
      "properties": {
        "name": "Arisbe",
        "desc": "Arisbe was an ancient city of the Troad, possibly to be identified with modern Musakoy in Turkey. It was a colony of Miletus according to Anaximenes of Lampsacus.",
        "name_tr": "Arisbe",
        "desc_tr": "Arisbe, Troas Bölgesi'nde bulunan ve muhtemelen Türkiye'deki Musaköy ile özdeşleştirilen antik bir şehirdi. Lampsakoslu Anaksimenes'e göre ise bir Milet kolonisiydi."
      },
      "geometry": {
        "type": "Point",
        "coordinates": [
          26.535763,
          40.19429
        ]
      }
    },
    {
      "type": "Feature",
      "properties": {
        "name": "Astyra",
        "desc": "An ancient place, cited: BAtlas 51 H4 Astyra",
        "name_tr": "Astyra",
        "desc_tr": "Antik Kenti, Ref.: BAtlas 51 H4 Astyra"
      },
      "geometry": {
        "type": "Point",
        "coordinates": [
          26.682841,
          40.043192
        ]
      }
    },
    {
      "type": "Feature",
      "properties": {
        "name": "Dardanos",
        "desc": "Dardanos was a city of the Troad.",
        "name_tr": "Dardanos",
        "desc_tr": "Dardanos, Troas Bölgesi'nin bir kentiydi."
      },
      "geometry": {
        "type": "Point",
        "coordinates": [
          26.37442,
          40.079727
        ]
      }
    },
    {
      "type": "Feature",
      "properties": {
        "name": "Deris",
        "desc": "An ancient place, cited: BAtlas 51 H3 Deris",
        "name_tr": "Deris",
        "desc_tr": "Antik Kenti, Ref.: BAtlas 51 H3 Deris"
      },
      "geometry": {
        "type": "Point",
        "coordinates": [
          26.808976,
          40.657809
        ]
      }
    },
    {
      "type": "Feature",
      "properties": {
        "name": "Drabos",
        "desc": "An ancient place, cited: BAtlas 51 G4 Drabos",
        "name_tr": "Drabos",
        "desc_tr": "Antik Kenti, Ref.: BAtlas 51 G4 Drabos"
      },
      "geometry": {
        "type": "Point",
        "coordinates": [
          26.335897,
          40.358138
        ]
      }
    },
    {
      "type": "Feature",
      "properties": {
        "name": "Hadrianoupolis",
        "desc": "An ancient place, cited: BAtlas 51 H1 Hadrianoupolis",
        "name_tr": "Hadrianoupolis",
        "desc_tr": "Antik Kenti, Ref.: BAtlas 51 H1 Hadrianoupolis"
      },
      "geometry": {
        "type": "Point",
        "coordinates": [
          26.562891,
          41.676459
        ]
      }
    },
    {
      "type": "Feature",
      "properties": {
        "name": "Ide",
        "desc": "An ancient place, cited: BAtlas 51 H3 Ide",
        "name_tr": "Ide",
        "desc_tr": "Antik Kenti, Ref.: BAtlas 51 H3 Ide"
      },
      "geometry": {
        "type": "Point",
        "coordinates": [
          26.689216,
          40.504079
        ]
      }
    },
    {
      "type": "Feature",
      "properties": {
        "name": "Imbros (settlement)",
        "desc": "An ancient settlement (modern Kaleköy on the Turkish island of Gökçeada).",
        "name_tr": "Imbros (settlement)",
        "desc_tr": "An ancient settlement (modern Kaleköy on the Turkish island of Gökçeada)."
      },
      "geometry": {
        "type": "Point",
        "coordinates": [
          25.90081465,
          40.2333027
        ]
      }
    },
    {
      "type": "Feature",
      "properties": {
        "name": "Kardia/Lysimacheia",
        "desc": "An ancient place, cited: BAtlas 51 H3 Kardia/Lysimacheia",
        "name_tr": "Kardia/Lysimacheia",
        "desc_tr": "Antik Kenti, Ref.: BAtlas 51 H3 Kardia/Lysimacheia"
      },
      "geometry": {
        "type": "Point",
        "coordinates": [
          26.75081,
          40.548232
        ]
      }
    },
    {
      "type": "Feature",
      "properties": {
        "name": "Kobrys",
        "desc": "An ancient place, cited: BAtlas 51 H3 Kobrys",
        "name_tr": "Kobrys",
        "desc_tr": "Antik Kenti, Ref.: BAtlas 51 H3 Kobrys"
      },
      "geometry": {
        "type": "Point",
        "coordinates": [
          26.848989,
          40.589514
        ]
      }
    },
    {
      "type": "Feature",
      "properties": {
        "name": "Kolonai",
        "desc": "An ancient settlement of Mysia, located about 3 kilometers northwest of modern Beyçayırı in the Marmara region of Turkey.",
        "name_tr": "Kolonai",
        "desc_tr": "Türkiye'nin Marmara Bölgesi'nde, bugünkü Beyçayırı ilçesinin yaklaşık 3 kilometre kuzeybatısında yer alan Mysia'nın antik yerleşim yeri."
      },
      "geometry": {
        "type": "Point",
        "coordinates": [
          26.91075,
          40.280834
        ]
      }
    },
    {
      "type": "Feature",
      "properties": {
        "name": "Kremaste",
        "desc": "An ancient place, cited: BAtlas 51 H4 Kremaste",
        "name_tr": "Kremaste",
        "desc_tr": "Antik Kenti, Ref.: BAtlas 51 H4 Kremaste"
      },
      "geometry": {
        "type": "Point",
        "coordinates": [
          26.529575,
          40.090314
        ]
      }
    },
    {
      "type": "Feature",
      "properties": {
        "name": "Kypasis",
        "desc": "An ancient place, cited: BAtlas 51 H3 Kypasis",
        "name_tr": "Kypasis",
        "desc_tr": "Antik Kenti, Ref.: BAtlas 51 H3 Kypasis"
      },
      "geometry": {
        "type": "Point",
        "coordinates": [
          26.841143,
          40.625134
        ]
      }
    },
    {
      "type": "Feature",
      "properties": {
        "name": "Kypsela",
        "desc": "An ancient place, cited: BAtlas 51 G3 Kypsela",
        "name_tr": "Kypsela",
        "desc_tr": "Antik Kenti, Ref.: BAtlas 51 G3 Kypsela"
      },
      "geometry": {
        "type": "Point",
        "coordinates": [
          26.3920505,
          40.9245125
        ]
      }
    },
    {
      "type": "Feature",
      "properties": {
        "name": "Limnai",
        "desc": "An ancient place, cited: BAtlas 51 G4 Limnai",
        "name_tr": "Limnai",
        "desc_tr": "Antik Kenti, Ref.: BAtlas 51 G4 Limnai"
      },
      "geometry": {
        "type": "Point",
        "coordinates": [
          26.272679,
          40.27056
        ]
      }
    },
    {
      "type": "Feature",
      "properties": {
        "name": "Nike",
        "desc": "An ancient place, cited: BAtlas 51 H1 Nike",
        "name_tr": "Nike",
        "desc_tr": "Antik Kenti, Ref.: BAtlas 51 H1 Nike"
      },
      "geometry": {
        "type": "Point",
        "coordinates": [
          26.852251,
          41.594606
        ]
      }
    },
    {
      "type": "Feature",
      "properties": {
        "name": "Paion",
        "desc": "An ancient place, cited: BAtlas 51 H3 Paion",
        "name_tr": "Paion",
        "desc_tr": "Antik Kenti, Ref.: BAtlas 51 H3 Paion"
      },
      "geometry": {
        "type": "Point",
        "coordinates": [
          26.639597,
          40.505429
        ]
      }
    },
    {
      "type": "Feature",
      "properties": {
        "name": "Paisos",
        "desc": "An ancient place, cited: BAtlas 51 H4 Paisos",
        "name_tr": "Paisos",
        "desc_tr": "Alıntı yapılan eski bir yer: BAtlas 51 H4 Paisos"
      },
      "geometry": {
        "type": "Point",
        "coordinates": [
          26.787097,
          40.400225
        ]
      }
    },
    {
      "type": "Feature",
      "properties": {
        "name": "Palaiperkote",
        "desc": "An ancient place, cited: BAtlas 51 H4 Palaiperkote",
        "name_tr": "Palaiperkote",
        "desc_tr": "Antik Kenti, Ref.: BAtlas 51 H4 Palaiperkote"
      },
      "geometry": {
        "type": "Point",
        "coordinates": [
          26.686456,
          40.23637
        ]
      }
    },
    {
      "type": "Feature",
      "properties": {
        "name": "Perkote",
        "desc": "An ancient place, cited: BAtlas 51 H4 Perkote",
        "name_tr": "Perkote",
        "desc_tr": "Alıntı yapılan eski bir yer: BAtlas 51 H4 Perkote"
      },
      "geometry": {
        "type": "Point",
        "coordinates": [
          26.588806,
          40.273913
        ]
      }
    },
    {
      "type": "Feature",
      "properties": {
        "name": "Pityoussa/Lampsacus",
        "desc": "A Greek city located on the eastern side of the Hellespont.",
        "name_tr": "Pityoussa/Lampsacus",
        "desc_tr": "Hellespont'un doğu yakasında yer alan bir Yunan kenti."
      },
      "geometry": {
        "type": "Point",
        "coordinates": [
          26.699162,
          40.346685
        ]
      }
    },
    {
      "type": "Feature",
      "properties": {
        "name": "Dağönü",
        "desc": "Once known as İririn or Érérin and now known as Dağönü, this modern Turkish village located in the Van Province of eastern Turkey at the eastern coast of Lake Van lies ca. 10 km north of Ayanis. Here a stela with an inscription of the Urartian king Minua (9th / 8th century BCE) has been found (CTU I A 5-18).",
        "name_tr": "Dağönü",
        "desc_tr": "Bir zamanlar İririn veya Érérin olarak bilinen ve günümüzde Dağönü olarak bilinen bu modern Türk köyü, Türkiye'nin doğusundaki Van ilinde, Van Gölü'nün doğu kıyısında, Ayanis'in yaklaşık 10 km kuzeyinde yer almaktadır. Burada, Urartu kralı Minua'ya (MÖ 9./8. yüzyıl) ait bir yazıtın bulunduğu bir stel bulunmuştur (CTU IA 5-18)."
      },
      "geometry": {
        "type": "Point",
        "coordinates": [
          43.2461964,
          38.75795725
        ]
      }
    },
    {
      "type": "Feature",
      "properties": {
        "name": "Gövelek",
        "desc": "Gövelek is a village situated 27 km to the east of Van in the southeast of Turkey. Here the upper part of a stela with an inscription of Rusa, son of Erimena (presumably last quarter of 8th century BCE) was found. It reports his military success and describes deportations from the city Ṭušpa, the building of the city Rusaḫinili, and the creation of an artificial lake called \"Lake of Rusa\". The lake was supposed to ensure the water supply for the capital Ṭušpa (modern Van Kalesi), a function it still performs today. The lower part of the stela has been found at the shore of the lake.",
        "name_tr": "Gövelek",
        "desc_tr": "Gövelek, Türkiye'nin güneydoğusunda, Van'ın 27 km doğusunda bulunan bir köydür. Burada, Erimena oğlu Rusa'ya ait (muhtemelen MÖ 8. yüzyılın son çeyreğine ait) bir yazıtın bulunduğu bir stelin üst kısmı bulunmuştur. Stelin üst kısmı, Rusa'nın askeri başarılarını ve Ṭušpa şehrinden sürgünleri, Rusaḫinili şehrinin kuruluşunu ve &quot;Rusa Gölü&quot; adı verilen yapay bir gölün oluşumunu anlatır. Gölün, başkent Ṭušpa'nın (modern Van Kalesi) su teminini sağladığı varsayılır ve bu işlevi bugün de sürdürmektedir. Stelin alt kısmı ise göl kıyısında bulunmuştur."
      },
      "geometry": {
        "type": "Point",
        "coordinates": [
          43.6211795,
          38.53239445
        ]
      }
    },
    {
      "type": "Feature",
      "properties": {
        "name": "Çamlıdere",
        "desc": "Modern name for an otherwise unnamed ancient settlement. It may have been a possession of the Ptolemies, Rhodes, and the Attalid kingdom, and was at least peripherally involved with Rome's war against Aristonikos as a Roman ally.",
        "name_tr": "Çamlıdere",
        "desc_tr": "Adı bilinmeyen antik bir yerleşimin modern adı. Ptolemaioslar, Rodos ve Attalos krallıklarının bir mülkü olmuş olabilir ve Roma'nın Aristonikos'a karşı Roma müttefiki olarak yürüttüğü savaşta en azından yüzeysel olarak rol oynamıştır."
      },
      "geometry": {
        "type": "Point",
        "coordinates": [
          28.31395,
          37.67134
        ]
      }
    },
    {
      "type": "Feature",
      "properties": {
        "name": "Ada / Adalar",
        "desc": "Ada / Adalar is a village in Southeast Anatolia. It is located a few kilometres southwest of Malazgirt in the Turkish province Muş. Nearby is a rock inscription of the Urartian King Minua (ca. 810-785/80 BCE), in which he reports the construction of a Canal named \"Canal of Minua\", which is still in use today. In Late Antiquity, the canal was attributed to the legendary Queen Semiramis by the Armenian historian Movses Khorenatsi (ca. 410–490s).",
        "name_tr": "Ada / Adalar",
        "desc_tr": "Ada / Adalar, Güneydoğu Anadolu Bölgesi'nde bir köydür. Muş ili sınırları içinde, Malazgirt'in birkaç kilometre güneybatısında yer alır. Yakınlarda, Urartu Kralı Minua'nın (yaklaşık MÖ 810-785/80) bir kaya yazıtı bulunur. Yazıtta, günümüzde hâlâ kullanılan &quot;Minua Kanalı&quot; adlı bir kanalın inşasından bahsedilmektedir. Geç Antik Çağ'da kanal, Ermeni tarihçi Movses Khorenatsi (yaklaşık MÖ 410-490'lar) tarafından efsanevi Kraliçe Semiramis'e atfedilmiştir."
      },
      "geometry": {
        "type": "Point",
        "coordinates": [
          42.51638585,
          39.12341625
        ]
      }
    },
    {
      "type": "Feature",
      "properties": {
        "name": "Başkale",
        "desc": "Başkale (Turkish \"Main Castle\") is a town and district located in Van Province in south-eastern Turkey. According to an inscription in the Urartean language of the Urartean king Minua (9th/8th century BCE) on a stone block (A 5-52) the fortress located here was built by Minua and was given the name \"City of the God Haldi\".",
        "name_tr": "Başkale",
        "desc_tr": "Başkale (Türkçe &quot;Ana Kale&quot;), Türkiye'nin güneydoğusundaki Van ilinde bulunan bir ilçe ve kasabadır. Urartu kralı Minua'nın (MÖ 9./8. yüzyıl) Urartu dilindeki bir taş blok üzerindeki yazıtına (A 5-52) göre, burada bulunan kale Minua tarafından inşa ettirilmiş ve &quot;Tanrı Haldi'nin Şehri&quot; adı verilmiştir."
      },
      "geometry": {
        "type": "Point",
        "coordinates": [
          44.0180863,
          38.0444545
        ]
      }
    },
    {
      "type": "Feature",
      "properties": {
        "name": "Limantepe",
        "desc": "The site of a Bronze Age port settlement near Urla, Turkey.",
        "name_tr": "Limantepe",
        "desc_tr": "Türkiye'nin Urla kenti yakınlarında Tunç Çağı'na ait bir liman yerleşiminin bulunduğu yer."
      },
      "geometry": {
        "type": "Point",
        "coordinates": [
          26.7757515675,
          38.3626877424
        ]
      }
    },
    {
      "type": "Feature",
      "properties": {
        "name": "*Ištunda",
        "desc": "*Ištunda is a city(-state) in Tabal. It is mentioned in eighth-century-BC Assyrian sources, especially in royal inscriptions of Tiglath-pileser III (r. 744-727 BC).",
        "name_tr": "*Ištunda",
        "desc_tr": "*Ištunda, Tabal'da bir şehir(-devlet)tir. MÖ 8. yüzyıl Asur kaynaklarında, özellikle III. Tiglat-pileser'in (MÖ 744-727) kraliyet yazıtlarında adı geçmektedir."
      },
      "geometry": {
        "type": "Point",
        "coordinates": [
          34.333333,
          37.666667
        ]
      }
    },
    {
      "type": "Feature",
      "properties": {
        "name": "Lusanda",
        "desc": "Lusanda is a fortified city in Que, probably in the eastern part of the Cilician plain. The city is mentioned with Abarnani and Kisuatni in royal inscriptions of the Assyrian king Shalmaneser III (r. 858-824 BC).",
        "name_tr": "Lusanda",
        "desc_tr": "Lusanda, muhtemelen Kilikya ovasının doğu kesiminde, Que'de bulunan müstahkem bir şehirdir. Şehir, Asur kralı III. Şalmaneser'in (MÖ 858-824) kraliyet yazıtlarında Abarnani ve Kisuatni ile birlikte anılmaktadır."
      },
      "geometry": {
        "type": "Point",
        "coordinates": [
          37.1139646,
          38.2616336
        ]
      }
    },
    {
      "type": "Feature",
      "properties": {
        "name": "Kisuatni",
        "desc": "Kisuatni is a fortified city in Que, probably in the eastern part of the Cilician plain. The city is mentioned with Abarnani and Lusanda in royal inscriptions of the Assyrian king Shalmaneser III (r. 858-824 BC).",
        "name_tr": "Kisuatni",
        "desc_tr": "Kisuatni, muhtemelen Kilikya ovasının doğu kesiminde, Que'de bulunan müstahkem bir şehirdir. Şehir, Asur kralı III. Şalmaneser'in (MÖ 858-824) kraliyet yazıtlarında Abarnani ve Lusanda ile birlikte anılmaktadır."
      },
      "geometry": {
        "type": "Point",
        "coordinates": [
          36.046606,
          36.98053
        ]
      }
    },
    {
      "type": "Feature",
      "properties": {
        "name": "Büklükale",
        "desc": "Hittite city.",
        "name_tr": "Büklükale",
        "desc_tr": "Hitit şehri."
      },
      "geometry": {
        "type": "Point",
        "coordinates": [
          33.427711895,
          39.5838416526
        ]
      }
    },
    {
      "type": "Feature",
      "properties": {
        "name": "Hurkum (Dilkaya)",
        "desc": "Hurkum (Dilkaya) is a modern village situated on the southern shore of Lake Van in the Southeast of Turkey near Ishanikom. In its church, a re-used column base with an inscription of the Urartian king Minua, son of Išpuini (9th / 8th century BCE) was found which reports the building of a banquet hall (CTU A 5-65C). Two other column bases with the same inscription have been found in a private house near the historic center of Van (CTU A 5-65A) and in a church of the monastery of Warrak Kilisa or Yedikilise (CTU A 5-65B).",
        "name_tr": "Hurkum (Dilkaya)",
        "desc_tr": "Hürkum (Dilkaya), Türkiye'nin güneydoğusunda, Van Gölü'nün güney kıyısında, İşanikom yakınlarında yer alan modern bir köydür. Kilisede, Urartu kralı ve İşpuini oğlu Minua'ya (MÖ 9./8. yüzyıl) ait bir yazıtın bulunduğu, bir ziyafet salonunun inşa edildiğini gösteren, yeniden kullanılmış bir sütun kaidesi bulunmuştur (CTU A 5-65C). Aynı yazıtın bulunduğu iki sütun kaidesi daha, Van'ın tarihi merkezine yakın bir özel evde (CTU A 5-65A) ve Varrak Kilisa veya Yedikilise Manastırı'nın bir kilisesinde (CTU A 5-65B) bulunmuştur."
      },
      "geometry": {
        "type": "Point",
        "coordinates": [
          43.1457862,
          38.3614024
        ]
      }
    },
    {
      "type": "Feature",
      "properties": {
        "name": "Alalaḫ",
        "desc": "A major Late Bronze Age city in the Amuq River Valley, inhabited during the Second Millennium BCE until about the 12th century BCE.",
        "name_tr": "Alalaḫ",
        "desc_tr": "Amuq Nehri Vadisi'nde bulunan, MÖ 2. binyıldan MÖ 12. yüzyıla kadar yerleşim gören önemli bir Geç Tunç Çağı kenti."
      },
      "geometry": {
        "type": "Point",
        "coordinates": [
          36.3838319203,
          36.2380754487
        ]
      }
    },
    {
      "type": "Feature",
      "properties": {
        "name": "Kululu Kalesi",
        "desc": "Kululu Kalesi is a proposed location of ancient Artulu.",
        "name_tr": "Kululu Kalesi",
        "desc_tr": "Kululu Kalesi, antik Artulu'nun bulunduğu yer olarak öneriliyor."
      },
      "geometry": {
        "type": "Point",
        "coordinates": [
          36.1335874,
          38.9696782
        ]
      }
    },
    {
      "type": "Feature",
      "properties": {
        "name": "Bozca",
        "desc": "A modern village in the Avanos district of Turkey's Nevşehir province. Bozca is one of the proposed locations of ancient *Atuna.",
        "name_tr": "Bozca",
        "desc_tr": "Türkiye'nin Nevşehir ilinin Avanos ilçesine bağlı modern bir köy. Bozca, antik *Atuna'nın bulunduğu önerilen yerlerden biridir."
      },
      "geometry": {
        "type": "Point",
        "coordinates": [
          35.0095977,
          38.7622881
        ]
      }
    },
    {
      "type": "Feature",
      "properties": {
        "name": "Bozkurt",
        "desc": "Settlement inhabited from the middle-late Chalcolithic to the Urartian Kingdom in the middle Iron Age. The site is located on the southwest slope linking Mount Ağrı with the Doğubayazıt Plain in Eastern Turkey. Bozkurt comprises a complex of sites, including one mound, two cemeteries, two fortresses, and an outpost-road station.",
        "name_tr": "Bozkurt",
        "desc_tr": "Orta-Geç Kalkolitik Çağ'dan Orta Demir Çağı'ndaki Urartu Krallığı'na kadar yerleşim yeri. Alan, Doğu Anadolu'da Ağrı Dağı'nı Doğubayazıt Ovası'na bağlayan güneybatı yamacında yer almaktadır. Bozkurt, bir höyük, iki mezarlık, iki kale ve bir karakol-yol istasyonundan oluşan bir yerleşim kompleksinden oluşmaktadır."
      },
      "geometry": {
        "type": "Point",
        "coordinates": [
          44.1026437,
          39.6710587
        ]
      }
    },
    {
      "type": "Feature",
      "properties": {
        "name": "Chatal Höyük (Amuq)",
        "desc": "Mound site in the Amuq Plain inhabited from the late 4th millennium BCE-mid-1st millennium BCE. In the Late Bronze Age Chatal Höyük was the site of a sizeable town with connections to the Hittite Empire. In the Iron Age the town was within the sphere of the Syro-Hittite state of Unqi, based at Tell Tayinat/Kinaliya. The town gradually declined, but remained inhabited without interruption until at least the fifth century BCE.",
        "name_tr": "Chatal Höyük (Amuq)",
        "desc_tr": "Amik Ovası'ndaki höyük, MÖ 4. binyılın sonları ile MÖ 1. binyılın ortaları arasında yerleşim görmüştür. Geç Tunç Çağı'nda Çatal Höyük, Hitit İmparatorluğu ile bağlantıları olan büyük bir kasabanın bulunduğu yerdi. Demir Çağı'nda ise kasaba, Tell Tayinat/Kinaliya merkezli Suriye-Hitit Unqi Devleti sınırları içindeydi. Zamanla nüfus azalmasına rağmen, en azından MÖ 5. yüzyıla kadar kesintisiz bir şekilde yerleşim devam etmiştir."
      },
      "geometry": {
        "type": "Point",
        "coordinates": [
          36.5456032884,
          36.2977076706
        ]
      }
    },
    {
      "type": "Feature",
      "properties": {
        "name": "Kebili (formerly Babil)",
        "desc": "The small village of Babil (now Kebili) is located about 25 km southwest of Cizre, near the Tigris river, directly on the Turkish-Syrian border. The name of the ancient site whose ruins lay beneath the modern village is not known.",
        "name_tr": "Kebili (formerly Babil)",
        "desc_tr": "Küçük Babil köyü (şimdiki adıyla Kebili), Cizre'nin yaklaşık 25 km güneybatısında, Dicle Nehri yakınında, Türkiye-Suriye sınırında yer almaktadır. Kalıntıları modern köyün altında bulunan antik yerleşim yerinin adı bilinmemektedir."
      },
      "geometry": {
        "type": "Point",
        "coordinates": [
          42.02754125,
          37.18762585
        ]
      }
    },
    {
      "type": "Feature",
      "properties": {
        "name": "Kizkapanli",
        "desc": "A modern village near the Pazarcik dam in Turkey. The Pazarcik Stele, which bears inscriptions of the Assyrian kings Adad-nerari III and Shalmaneser IV, was discovered here.",
        "name_tr": "Kizkapanli",
        "desc_tr": "Türkiye'de Pazarcık Barajı yakınlarında bulunan modern bir köy. Asur kralları III. Adad-nerari ve IV. Salmanaser'in yazıtlarının bulunduğu Pazarcık Steli burada keşfedildi."
      },
      "geometry": {
        "type": "Point",
        "coordinates": [
          37.28509209,
          37.39517721
        ]
      }
    },
    {
      "type": "Feature",
      "properties": {
        "name": "Bahçecik",
        "desc": "Bahçecik is a village located in Sur, Diyarbakır Province, Turkey. Sarduri built a tower temple and the fortress “Sarduriḫinili” here in the eighth century BCE.",
        "name_tr": "Bahçecik",
        "desc_tr": "Bahçecik, Türkiye'nin Diyarbakır ilinin Sur ilçesine bağlı bir köydür. Sarduri, MÖ sekizinci yüzyılda burada bir kule tapınağı ve &quot;Sarduriḫinili&quot; kalesini inşa ettirmiştir."
      },
      "geometry": {
        "type": "Point",
        "coordinates": [
          40.4475827,
          37.8919521
        ]
      }
    },
    {
      "type": "Feature",
      "properties": {
        "name": "Yeşilova Höyük",
        "desc": "A prehistoric settlement in Bornova, Turkey, represents the earliest known settlement in the area of İzmir. The site was occupied ca. 6500 to 4000 BCE",
        "name_tr": "Yeşilova Höyük",
        "desc_tr": "Türkiye'nin Bornova kentindeki tarih öncesi bir yerleşim, İzmir bölgesindeki bilinen en eski yerleşim yeridir. Bölge, yaklaşık MÖ 6500-4000 yılları arasında yerleşim yeri olarak kullanılmıştır."
      },
      "geometry": {
        "type": "Point",
        "coordinates": [
          27.214607336,
          38.441475495
        ]
      }
    },
    {
      "type": "Feature",
      "properties": {
        "name": "Balıklı",
        "desc": "A Neolithic site that is a contemporary of Aşıklı Höyük and located 14km to its north-east. Occupied ca. 8300–7900 BCE, Balıklı provides evidence for early sedentism in Central Anatolia.",
        "name_tr": "Balıklı",
        "desc_tr": "Aşıklı Höyük'ün 14 km kuzeydoğusunda yer alan ve onunla aynı döneme ait bir Neolitik yerleşim yeridir. Yaklaşık MÖ 8300-7900 yılları arasında yerleşim gören Balıklı, Orta Anadolu'da erken yerleşimin kanıtlarını sunmaktadır."
      },
      "geometry": {
        "type": "Point",
        "coordinates": [
          34.3731273171,
          38.398625097
        ]
      }
    },
    {
      "type": "Feature",
      "properties": {
        "name": "Çukuriçi Höyük",
        "desc": "A tell site inhabited in the late Neolithic and early Bronze Ages, located in western Anatolia about 1 km southeast of the later settlement of Ephesos.",
        "name_tr": "Çukuriçi Höyük",
        "desc_tr": "Batı Anadolu'da, Efes yerleşiminin yaklaşık 1 km güneydoğusunda, Geç Neolitik ve Erken Tunç Çağları'nda yerleşim görmüş bir höyük."
      },
      "geometry": {
        "type": "Point",
        "coordinates": [
          27.3594016674,
          37.9291298617
        ]
      }
    },
    {
      "type": "Feature",
      "properties": {
        "name": "Ani",
        "desc": "Ani is a ruined Armenian city located in extreme eastern Turkey.",
        "name_tr": "Ani",
        "desc_tr": "Ani, Türkiye'nin en doğusunda bulunan harabe bir Ermeni şehridir."
      },
      "geometry": {
        "type": "Point",
        "coordinates": [
          43.570558,
          40.506295
        ]
      }
    },
    {
      "type": "Feature",
      "properties": {
        "name": "Eruandakert",
        "desc": "An ancient place, cited: BAtlas 88 B4 Eruandakert",
        "name_tr": "Eruandakert",
        "desc_tr": "Antik Kenti, Ref.: BAtlas 88 B4 Eruandakert"
      },
      "geometry": {
        "type": "Point",
        "coordinates": [
          43.683122,
          40.186088
        ]
      }
    },
    {
      "type": "Feature",
      "properties": {
        "name": "Eruandashat",
        "desc": "An ancient place, cited: BAtlas 88 B4 Eruandashat",
        "name_tr": "Eruandashat",
        "desc_tr": "Antik Kenti, Ref.: BAtlas 88 B4 Eruandashat"
      },
      "geometry": {
        "type": "Point",
        "coordinates": [
          43.653036,
          40.117492
        ]
      }
    },
    {
      "type": "Feature",
      "properties": {
        "name": "Abarne",
        "desc": "An ancient place, cited: BAtlas 89 B2 Abarne",
        "name_tr": "Abarne",
        "desc_tr": "Antik Kenti, Ref.: BAtlas 89 B2 Abarne"
      },
      "geometry": {
        "type": "Point",
        "coordinates": [
          39.451111,
          38.137222
        ]
      }
    },
    {
      "type": "Feature",
      "properties": {
        "name": "Ad flumen Tigrim",
        "desc": "An ancient place, cited: BAtlas 89 E3 Ad fl. Tigrim",
        "name_tr": "Ad flumen Tigrim",
        "desc_tr": "Antik Kenti, Ref.: BAtlas 89 E3 Ad fl. Tigrim"
      },
      "geometry": {
        "type": "Point",
        "coordinates": [
          42.1910349,
          37.32513045
        ]
      }
    },
    {
      "type": "Feature",
      "properties": {
        "name": "Ad Tygrem/Amida",
        "desc": "Modern Diyarbakir in Turkey.",
        "name_tr": "Ad Tygrem/Amida",
        "desc_tr": "Modern Diyarbakir in Turkey."
      },
      "geometry": {
        "type": "Point",
        "coordinates": [
          40.2334445,
          37.9122455
        ]
      }
    },
    {
      "type": "Feature",
      "properties": {
        "name": "Adconfluentes",
        "desc": "An ancient place, cited: BAtlas 89 D1 Adconfluentes",
        "name_tr": "Adconfluentes",
        "desc_tr": "Antik Kenti, Ref.: BAtlas 89 D1 Adconfluentes"
      },
      "geometry": {
        "type": "Point",
        "coordinates": [
          41.8578025,
          39.981529
        ]
      }
    },
    {
      "type": "Feature",
      "properties": {
        "name": "Alouaka",
        "desc": "An ancient place, cited: BAtlas 89 G2 Alouaka",
        "name_tr": "Alouaka",
        "desc_tr": "Antik Kenti, Ref.: BAtlas 89 G2 Alouaka"
      },
      "geometry": {
        "type": "Point",
        "coordinates": [
          44.015,
          38.046
        ]
      }
    },
    {
      "type": "Feature",
      "properties": {
        "name": "Altıntepe",
        "desc": "A Urartian settlement on a hill overlooking the Euphrates River",
        "name_tr": "Altıntepe",
        "desc_tr": "Fırat Nehri'ne bakan bir tepede bulunan Urartu yerleşimi"
      },
      "geometry": {
        "type": "Point",
        "coordinates": [
          39.6466516348,
          39.6964667195
        ]
      }
    },
    {
      "type": "Feature",
      "properties": {
        "name": "Ani",
        "desc": "An ancient place, cited: BAtlas 89 B1 Ani",
        "name_tr": "Ani",
        "desc_tr": "Antik Kenti, Ref.: BAtlas 89 B1 Ani"
      },
      "geometry": {
        "type": "Point",
        "coordinates": [
          39.035555,
          39.602777
        ]
      }
    },
    {
      "type": "Feature",
      "properties": {
        "name": "Antiochia Arabis/Antoninopolis/Tella/Constantia/Maximianopolis",
        "desc": "An ancient place, cited: BAtlas 89 B3 Antiochia Arabis/Antoninopolis/Tella/Constantia/Maximianopolis",
        "name_tr": "Antiochia Arabis/Antoninopolis/Tella/Constantia/Maximianopolis",
        "desc_tr": "Antik bölge, Ref.: BAtlas 89 B3 Antiochia Arabis/Antoninopolis/Tella/Constantia/Maximianopolis"
      },
      "geometry": {
        "type": "Point",
        "coordinates": [
          39.7623773333,
          37.2323016667
        ]
      }
    },
    {
      "type": "Feature",
      "properties": {
        "name": "Anzita",
        "desc": "An ancient place, cited: BAtlas 89 B2 Anzita",
        "name_tr": "Anzita",
        "desc_tr": "Antik Kenti, Ref.: BAtlas 89 B2 Anzita"
      },
      "geometry": {
        "type": "Point",
        "coordinates": [
          39.338508,
          38.840505
        ]
      }
    },
    {
      "type": "Feature",
      "properties": {
        "name": "Anzitene",
        "desc": "An ancient place, cited: BAtlas 89 B2 Anzitene",
        "name_tr": "Anzitene",
        "desc_tr": "Antik Kenti, Ref.: BAtlas 89 B2 Anzitene"
      },
      "geometry": {
        "type": "Point",
        "coordinates": [
          39.668324,
          38.641856
        ]
      }
    },
    {
      "type": "Feature",
      "properties": {
        "name": "Arest/Dagnevana",
        "desc": "An ancient place, cited: BAtlas 89 F2 Arest/Dagnevana",
        "name_tr": "Arest/Dagnevana",
        "desc_tr": "Antik Kenti, Ref.: BAtlas 89 F2 Arest/Dagnevana"
      },
      "geometry": {
        "type": "Point",
        "coordinates": [
          43.655172,
          38.925344
        ]
      }
    },
    {
      "type": "Feature",
      "properties": {
        "name": "*Arkathiokerta/‘Artagigarta’/Baras/Basileon Phrourion/Ingila",
        "desc": "An ancient place, cited: BAtlas 89 C2 *Arkathiokerta/‘Artagigarta’/Baras/Basileon Phrourion/Ingila",
        "name_tr": "*Arkathiokerta/‘Artagigarta’/Baras/Basileon Phrourion/Ingila",
        "desc_tr": "Antik kenti, Ref.: BAtlas 89 C2 *Arkathiokerta/'Artagigarta'/Baras/Basileon Phrourion/Ingila"
      },
      "geometry": {
        "type": "Point",
        "coordinates": [
          40.0827385,
          38.2405025
        ]
      }
    },
    {
      "type": "Feature",
      "properties": {
        "name": "Arsameia",
        "desc": "An ancient place, cited: BAtlas 89 B3 Arsameia",
        "name_tr": "Arsameia",
        "desc_tr": "Antik Kenti, Ref.: BAtlas 89 B3 Arsameia"
      },
      "geometry": {
        "type": "Point",
        "coordinates": [
          39.0348176,
          38.01043345
        ]
      }
    },
    {
      "type": "Feature",
      "properties": {
        "name": "Arsamosata",
        "desc": "A city in Armenia, probably founded by Arsames in the early second century BCE, perhaps at the site of modern Haraba (now under the Keban Dam Lake)",
        "name_tr": "Arsamosata",
        "desc_tr": "Ermenistan'da, muhtemelen MÖ 2. yüzyılın başlarında Arsames tarafından, günümüzdeki Haraba'nın (şimdi Keban Baraj Gölü altında) bulunduğu yerde kurulmuş bir şehir."
      },
      "geometry": {
        "type": "Point",
        "coordinates": [
          39.5109175,
          38.6608665
        ]
      }
    },
    {
      "type": "Feature",
      "properties": {
        "name": "Edremit",
        "desc": "Edremit is a modern settlement and associated administrative region in the Van Province in the southeast of Turkey. In the vicinity, several inscriptions on rock and stone of the Urartian king Minua (9th / 8th century BCE) have been found which report the construction of the 'Canal of Minua'. In Greek and Roman times, Ptolemy gives the name \"Artemita\" for a settlement that modern scholars believe was located at Edremit.",
        "name_tr": "Edremit",
        "desc_tr": "Edremit, Türkiye'nin güneydoğusundaki Van ilinde bulunan modern bir yerleşim yeri ve bağlı idari bölgedir. Civarda, Urartu kralı Minua'ya (MÖ 9./8. yüzyıl) ait kaya ve taş üzerine yazılmış birkaç yazıt bulunmuştur ve bunlar 'Minua Kanalı'nın inşasını bildirmektedir. Yunan ve Roma dönemlerinde, Batlamyus, modern bilim insanlarının Edremit'te bulunduğuna inandığı bir yerleşim yerine &quot;Artemita&quot; adını vermiştir."
      },
      "geometry": {
        "type": "Point",
        "coordinates": [
          43.2454238044,
          38.4252535969
        ]
      }
    },
    {
      "type": "Feature",
      "properties": {
        "name": "Arzamon/Arxama",
        "desc": "An ancient place, cited: BAtlas 89 C3 Arzamon/Arxama",
        "name_tr": "Arzamon/Arxama",
        "desc_tr": "Antik Kenti, Ref.: BAtlas 89 C3 Arzamon/Arxama"
      },
      "geometry": {
        "type": "Point",
        "coordinates": [
          40.639528,
          37.262483
        ]
      }
    },
    {
      "type": "Feature",
      "properties": {
        "name": "Ashtishat",
        "desc": "An ancient place, cited: BAtlas 89 D2 Ashtishat",
        "name_tr": "Ashtishat",
        "desc_tr": "Antik Kenti, Ref.: BAtlas 89 D2 Ashtishat"
      },
      "geometry": {
        "type": "Point",
        "coordinates": [
          41.433799,
          38.94339
        ]
      }
    },
    {
      "type": "Feature",
      "properties": {
        "name": "Erzurum",
        "desc": "Erzurum is a modern city in eastern Turkey with antecedents at least as early as the Urartian period. In late Roman times, the settlement was known as Theodosiopolis. A medieval fortress (Erzurum Kale) occupies a prominent hill in the modern city center.",
        "name_tr": "Erzurum",
        "desc_tr": "Erzurum, kökeni en azından Urartular dönemine kadar uzanan, Türkiye'nin doğusunda yer alan modern bir şehirdir. Geç Roma döneminde yerleşim Theodosiopolis olarak biliniyordu. Modern şehir merkezindeki belirgin bir tepede bir Orta Çağ kalesi (Erzurum Kale) bulunmaktadır."
      },
      "geometry": {
        "type": "Point",
        "coordinates": [
          41.2760046426,
          39.907998654
        ]
      }
    },
    {
      "type": "Feature",
      "properties": {
        "name": "Bagauna/‘Sagouana’",
        "desc": "An ancient place, cited: BAtlas 89 F1 Bagauna/‘Sagouana’",
        "name_tr": "Bagauna/‘Sagouana’",
        "desc_tr": "Antik Kenti, Ref.: BAtlas 89 F1 Bagauna/'Sagouana'"
      },
      "geometry": {
        "type": "Point",
        "coordinates": [
          43.519713,
          39.603879
        ]
      }
    },
    {
      "type": "Feature",
      "properties": {
        "name": "Bizana/Leontopolis",
        "desc": "An ancient place, cited: BAtlas 89 C1 Bizana/Leontopolis",
        "name_tr": "Bizana/Leontopolis",
        "desc_tr": "Antik Kenti, Ref.: BAtlas 89 C1 Bizana/Leontopolis"
      },
      "geometry": {
        "type": "Point",
        "coordinates": [
          40.221285,
          39.613059
        ]
      }
    },
    {
      "type": "Feature",
      "properties": {
        "name": "Calata",
        "desc": "An ancient place, cited: BAtlas 89 E2 Calata",
        "name_tr": "Calata",
        "desc_tr": "Alıntı yapılan eski bir yer: BAtlas 89 E2 Calata"
      },
      "geometry": {
        "type": "Point",
        "coordinates": [
          42.494444,
          38.752777
        ]
      }
    },
    {
      "type": "Feature",
      "properties": {
        "name": "Charcha/‘Arcaiapis’/Karcharoman",
        "desc": "An ancient place, cited: BAtlas 89 C3 Charcha/‘Arcaiapis’/Karcharoman",
        "name_tr": "Charcha/‘Arcaiapis’/Karcharoman",
        "desc_tr": "Antik Kenti, Ref.: BAtlas 89 C3 Charcha/'Arcaiapis'/Karcharoman"
      },
      "geometry": {
        "type": "Point",
        "coordinates": [
          40.539747719,
          37.8260552051
        ]
      }
    },
    {
      "type": "Feature",
      "properties": {
        "name": "*Chozana",
        "desc": "An ancient place, cited: BAtlas 89 B1 *Chozana",
        "name_tr": "*Chozana",
        "desc_tr": "Antik Kenti, Ref.: BAtlas 89 B1 *Chozana"
      },
      "geometry": {
        "type": "Point",
        "coordinates": [
          39.061229,
          39.038739
        ]
      }
    },
    {
      "type": "Feature",
      "properties": {
        "name": "Colchis",
        "desc": "An ancient place, cited: BAtlas 89 B2 Colchis",
        "name_tr": "Colchis",
        "desc_tr": "Antik Kenti, Ref.: BAtlas 89 B2 Kolhis"
      },
      "geometry": {
        "type": "Point",
        "coordinates": [
          39.228819,
          38.52585
        ]
      }
    },
    {
      "type": "Feature",
      "properties": {
        "name": "Cymiza/*Balaleisa/‘Balouos’",
        "desc": "An ancient place, cited: BAtlas 89 E2 Cymiza/*Balaleisa/‘Balouos’",
        "name_tr": "Cymiza/*Balaleisa/‘Balouos’",
        "desc_tr": "Antik Kenti, Ref.: BAtlas 89 E2 Cymiza/*Balaleisa/'Balouos'"
      },
      "geometry": {
        "type": "Point",
        "coordinates": [
          42.1077032,
          38.40153895
        ]
      }
    },
    {
      "type": "Feature",
      "properties": {
        "name": "Dadima",
        "desc": "An ancient place, cited: BAtlas 89 B2 Dadima",
        "name_tr": "Dadima",
        "desc_tr": "Antik Kenti, Ref.: BAtlas 89 B2 Dadima"
      },
      "geometry": {
        "type": "Point",
        "coordinates": [
          39.173912,
          38.5726245
        ]
      }
    },
    {
      "type": "Feature",
      "properties": {
        "name": "Dara/Anastasioupolis",
        "desc": "Dara/Anastasioupolis was a fortified Roman city of northern Mesopotamia located on the border with the Sassanid Empire.",
        "name_tr": "Dara/Anastasioupolis",
        "desc_tr": "Dara/Anastasioupolis, Sasani İmparatorluğu sınırında bulunan Kuzey Mezopotamya'da bulunan müstahkem bir Roma kentiydi."
      },
      "geometry": {
        "type": "Point",
        "coordinates": [
          40.9481926822,
          37.1798937774
        ]
      }
    },
    {
      "type": "Feature",
      "properties": {
        "name": "Darucinte/Tareina?/Horonon?",
        "desc": "An ancient place, cited: BAtlas 89 C1 Darucinte/Tareina?/Horonon?",
        "name_tr": "Darucinte/Tareina?/Horonon?",
        "desc_tr": "Antik kenti, Ref.: BAtlas 89 C1 Darucinte/Tareina?/Horonon?"
      },
      "geometry": {
        "type": "Point",
        "coordinates": [
          40.047249,
          39.947208
        ]
      }
    },
    {
      "type": "Feature",
      "properties": {
        "name": "Dauduana/Dyzanas",
        "desc": "An ancient place, cited: BAtlas 89 E2 Dauduana/Dyzanas",
        "name_tr": "Dauduana/Dyzanas",
        "desc_tr": "Alıntılanan eski bir yer: BAtlas 89 E2 Dauduana/Dyzanas"
      },
      "geometry": {
        "type": "Point",
        "coordinates": [
          42.297672,
          38.477152
        ]
      }
    },
    {
      "type": "Feature",
      "properties": {
        "name": "Deyrulzafaran",
        "desc": "An ancient place, cited: BAtlas 89 C3 Deyrulzafaran",
        "name_tr": "Deyrulzafaran",
        "desc_tr": "Antik Kenti, Ref.: BAtlas 89 C3 Deyrulzafaran"
      },
      "geometry": {
        "type": "Point",
        "coordinates": [
          40.778357,
          37.296138
        ]
      }
    },
    {
      "type": "Feature",
      "properties": {
        "name": "Elegeia/Aegea",
        "desc": "An ancient place, cited: BAtlas 89 C1 Elegeia/Aegea",
        "name_tr": "Elegeia/Aegea",
        "desc_tr": "Antik Kenti, Ref.: BAtlas 89 C1 Elegeia/Aegea"
      },
      "geometry": {
        "type": "Point",
        "coordinates": [
          40.243562,
          39.816333
        ]
      }
    },
    {
      "type": "Feature",
      "properties": {
        "name": "*Elegoana",
        "desc": "An ancient place, cited: BAtlas 89 F1 *Elegoana",
        "name_tr": "*Elegoana",
        "desc_tr": "Antik Kenti, Ref.: BAtlas 89 F1 *Elegoana"
      },
      "geometry": {
        "type": "Point",
        "coordinates": [
          43.353333,
          39.026536
        ]
      }
    },
    {
      "type": "Feature",
      "properties": {
        "name": "Eriza",
        "desc": "An ancient place, cited: BAtlas 89 B1 Eriza",
        "name_tr": "Eriza",
        "desc_tr": "Antik Kenti, Ref.: BAtlas 89 B1 Eriza"
      },
      "geometry": {
        "type": "Point",
        "coordinates": [
          39.5,
          39.75
        ]
      }
    },
    {
      "type": "Feature",
      "properties": {
        "name": "Eski Hizan",
        "desc": "An ancient place, cited: BAtlas 89 E2 Eski Hizan",
        "name_tr": "Eski Hizan",
        "desc_tr": "Antik Kenti, Ref.: BAtlas 89 E2 Eski Hizan"
      },
      "geometry": {
        "type": "Point",
        "coordinates": [
          42.38365,
          38.165078
        ]
      }
    },
    {
      "type": "Feature",
      "properties": {
        "name": "Gymnias/Daranissa/Datamisa",
        "desc": "An ancient place, cited: BAtlas 89 D1 Gymnias/Daranissa/Datamisa",
        "name_tr": "Gymnias/Daranissa/Datamisa",
        "desc_tr": "Alıntılanan eski bir yer: BAtlas 89 D1 Gymnias/Daranissa/Datamisa"
      },
      "geometry": {
        "type": "Point",
        "coordinates": [
          41.6662835,
          39.984743
        ]
      }
    },
    {
      "type": "Feature",
      "properties": {
        "name": "Hah",
        "desc": "An ancient place, cited: BAtlas 89 D3 Hah",
        "name_tr": "Hah",
        "desc_tr": "Antik Kenti, Ref.: BAtlas 89 D3 Hah"
      },
      "geometry": {
        "type": "Point",
        "coordinates": [
          41.468078,
          37.500035
        ]
      }
    },
    {
      "type": "Feature",
      "properties": {
        "name": "Hiaspis",
        "desc": "An ancient place, cited: BAtlas 89 D3 Hiaspis",
        "name_tr": "Hiaspis",
        "desc_tr": "Antik Kenti, Ref.: BAtlas 89 D3 Hiaspis"
      },
      "geometry": {
        "type": "Point",
        "coordinates": [
          41.889894,
          37.407482
        ]
      }
    },
    {
      "type": "Feature",
      "properties": {
        "name": "Iouliopolis?",
        "desc": "An ancient place, cited: BAtlas 89 B3 Iouliopolis?",
        "name_tr": "Iouliopolis?",
        "desc_tr": "Antik Kenti, Ref.: BAtlas 89 B3 Iouliopolis?"
      },
      "geometry": {
        "type": "Point",
        "coordinates": [
          39.11209,
          38.048722
        ]
      }
    },
    {
      "type": "Feature",
      "properties": {
        "name": "*Ioustiniane",
        "desc": "An ancient place, cited: BAtlas 89 C1 *Ioustiniane",
        "name_tr": "*Ioustiniane",
        "desc_tr": "Antik Kenti, Ref.: BAtlas 89 C1 *Ioustiniane"
      },
      "geometry": {
        "type": "Point",
        "coordinates": [
          40.146101,
          39.600528
        ]
      }
    },
    {
      "type": "Feature",
      "properties": {
        "name": "‘Isumbo’/Patansana/Zombis",
        "desc": "An ancient place, cited: BAtlas 89 E1 ‘Isumbo’/Patansana/Zombis",
        "name_tr": "‘Isumbo’/Patansana/Zombis",
        "desc_tr": "Alıntılanan eski bir yer: BAtlas 89 E1 'Isumbo'/Patansana/Zombies"
      },
      "geometry": {
        "type": "Point",
        "coordinates": [
          42.8626169,
          39.2333101
        ]
      }
    },
    {
      "type": "Feature",
      "properties": {
        "name": "Khakh",
        "desc": "An ancient place, cited: BAtlas 89 B1 Khakh",
        "name_tr": "Khakh",
        "desc_tr": "Alıntı yapılan eski bir yer: BAtlas 89 B1 Khakh"
      },
      "geometry": {
        "type": "Point",
        "coordinates": [
          39.384948,
          39.733666
        ]
      }
    },
    {
      "type": "Feature",
      "properties": {
        "name": "Korde",
        "desc": "An ancient place, cited: BAtlas 89 C3 Korde",
        "name_tr": "Korde",
        "desc_tr": "Antik Kenti, Ref.: BAtlas 89 C3 Korde"
      },
      "geometry": {
        "type": "Point",
        "coordinates": [
          40.957276,
          37.238189
        ]
      }
    },
    {
      "type": "Feature",
      "properties": {
        "name": "Mac(h)arta/Tiberioupolis/Monokarton",
        "desc": "An ancient place, cited: BAtlas 89 C3 Mac(h)arta/Tiberioupolis/Monokarton",
        "name_tr": "Mac(h)arta/Tiberioupolis/Monokarton",
        "desc_tr": "Antik Kenti, Ref.: BAtlas 89 C3 Mac(h)arta/Tiberioupolis/Monokarton"
      },
      "geometry": {
        "type": "Point",
        "coordinates": [
          40.587565,
          37.1924595
        ]
      }
    },
    {
      "type": "Feature",
      "properties": {
        "name": "Maipa/Martyropolis/Ioustinianopolis",
        "desc": "An ancient place, cited: BAtlas 89 D2 Maipa/Martyropolis/Ioustinianopolis",
        "name_tr": "Maipa/Martyropolis/Ioustinianopolis",
        "desc_tr": "Antik Kenti, Ref.: BAtlas 89 D2 Maipa/Martyropolis/Ioustinianopolis"
      },
      "geometry": {
        "type": "Point",
        "coordinates": [
          41.003257,
          38.1427855
        ]
      }
    },
    {
      "type": "Feature",
      "properties": {
        "name": "Mambre?",
        "desc": "An ancient place, cited: BAtlas 89 D2 Mambre?",
        "name_tr": "Mambre?",
        "desc_tr": "Antik Kenti, Ref.: BAtlas 89 D2 Mambre?"
      },
      "geometry": {
        "type": "Point",
        "coordinates": [
          41.003818,
          38.241018
        ]
      }
    },
    {
      "type": "Feature",
      "properties": {
        "name": "Molchia",
        "desc": "An ancient place, cited: BAtlas 89 F2 Molchia",
        "name_tr": "Molchia",
        "desc_tr": "Antik Kenti, Ref.: BAtlas 89 F2 Molchia"
      },
      "geometry": {
        "type": "Point",
        "coordinates": [
          43.241023,
          38.753949
        ]
      }
    },
    {
      "type": "Feature",
      "properties": {
        "name": "Nabaris/Navarra",
        "desc": "An ancient place, cited: BAtlas 89 C3 Nabaris/Navarra",
        "name_tr": "Nabaris/Navarra",
        "desc_tr": "Antik Kenti, Ref.: BAtlas 89 C3 Nabaris/Navarra"
      },
      "geometry": {
        "type": "Point",
        "coordinates": [
          40.442643,
          37.961396
        ]
      }
    },
    {
      "type": "Feature",
      "properties": {
        "name": "Nisibis/Antiochia",
        "desc": "Nisibis/Antiochia was an ancient city of Mesopotamia that began as part of an Aramaean kingdom that the Assyrian king Adad-Nirari II captured in 896 BC. Following its capture by Alexander the Great, the city became Antiochia Mygdonia under the Seleucids.",
        "name_tr": "Nisibis/Antiochia",
        "desc_tr": "Nisibis/Antiochia, MÖ 896'da Asur Kralı II. Adad-Nirari tarafından ele geçirilen Arami krallığının bir parçası olarak kurulan antik bir Mezopotamya şehriydi. Büyük İskender tarafından ele geçirilmesinin ardından şehir, Seleukoslar döneminde Antiochia Mygdonia adını aldı."
      },
      "geometry": {
        "type": "Point",
        "coordinates": [
          41.2154466667,
          37.0675116667
        ]
      }
    },
    {
      "type": "Feature",
      "properties": {
        "name": "Nymphaeum",
        "desc": "An ancient place, cited: BAtlas 89 E2 Nymphaeum",
        "name_tr": "Nymphaeum",
        "desc_tr": "Antik Kenti, Ref.: BAtlas 89 E2 Nymphaeum"
      },
      "geometry": {
        "type": "Point",
        "coordinates": [
          42.810879,
          38.1652
        ]
      }
    },
    {
      "type": "Feature",
      "properties": {
        "name": "Başbulak",
        "desc": "Başbulak/Bulakbaşı/Kanî Kewang is situated near Taşburun in the Kars province in eastern Turkey. Here a stone block with an inscription of the Urartian king Minua (9th / 8th century BCE) was found, in which he claims to have built the building to which the stone block belonged. Furthermore, Minua states that he has built a fortress at this place and given it the name \"Minuahinili\". In Roman times, the locality was known as Paracata.",
        "name_tr": "Başbulak",
        "desc_tr": "Başbulak/Bulakbaşı/Kanî Kewang, Türkiye'nin doğusundaki Kars ilinde Taşburun yakınlarında yer almaktadır. Burada, Urartu kralı Minua'nın (MÖ 9./8. yüzyıl) yazıtlı bir taş blok bulunmuştur. Kral, bu taş bloğun ait olduğu yapıyı kendisinin inşa ettiğini iddia etmektedir. Ayrıca Minua, burada bir kale inşa ettiğini ve kaleye &quot;Minuahinili&quot; adını verdiğini belirtmektedir. Roma döneminde bölge Paracata olarak biliniyordu."
      },
      "geometry": {
        "type": "Point",
        "coordinates": [
          44.2558373333,
          39.9373341333
        ]
      }
    },
    {
      "type": "Feature",
      "properties": {
        "name": "Phora/‘Phlorianon’?",
        "desc": "An ancient place, cited: BAtlas 89 E2 Phora/‘Phlorianon’?",
        "name_tr": "Phora/‘Phlorianon’?",
        "desc_tr": "Antik Kenti, Ref.: BAtlas 89 E2 Phora/'Phlorianon'?"
      },
      "geometry": {
        "type": "Point",
        "coordinates": [
          42.158099,
          38.41012
        ]
      }
    },
    {
      "type": "Feature",
      "properties": {
        "name": "Pinaka/Phaenica",
        "desc": "An ancient place, cited: BAtlas 89 E3 Pinaka/Phaenica",
        "name_tr": "Pinaka/Phaenica",
        "desc_tr": "Alıntı yapılan eski bir yer: BAtlas 89 E3 Pinaka/Phaenica"
      },
      "geometry": {
        "type": "Point",
        "coordinates": [
          42.052515,
          37.445274
        ]
      }
    },
    {
      "type": "Feature",
      "properties": {
        "name": "Salmalasso",
        "desc": "An ancient place, cited: BAtlas 89 B1 Salmalasso",
        "name_tr": "Salmalasso",
        "desc_tr": "Antik Kenti, Ref.: BAtlas 89 B1 Salmalasso"
      },
      "geometry": {
        "type": "Point",
        "coordinates": [
          39.864859,
          39.929108
        ]
      }
    },
    {
      "type": "Feature",
      "properties": {
        "name": "Sardeoua/‘Sardebar’",
        "desc": "Now known as Zerzevan Kalesi, this Roman-era fortified settlement is located in Turkey's Diyarbakir province.",
        "name_tr": "Sardeoua/‘Sardebar’",
        "desc_tr": "Günümüzde Zerzevan Kalesi olarak bilinen bu Roma dönemi surlu yerleşim yeri, Türkiye'nin Diyarbakır ilinde yer almaktadır."
      },
      "geometry": {
        "type": "Point",
        "coordinates": [
          40.4990064339,
          37.6085866469
        ]
      }
    },
    {
      "type": "Feature",
      "properties": {
        "name": "Sareisa",
        "desc": "An ancient place, cited: BAtlas 89 E3 Sareisa",
        "name_tr": "Sareisa",
        "desc_tr": "Antik Kenti, Ref.: BAtlas 89 E3 Sareisa"
      },
      "geometry": {
        "type": "Point",
        "coordinates": [
          42.461111,
          37.516388
        ]
      }
    },
    {
      "type": "Feature",
      "properties": {
        "name": "Satalka/Thamanon",
        "desc": "An ancient place, cited: BAtlas 89 E3 Satalka/Thamanon",
        "name_tr": "Satalka/Thamanon",
        "desc_tr": "Antik Kenti, Ref.: BAtlas 89 E3 Satalka/Thamanon"
      },
      "geometry": {
        "type": "Point",
        "coordinates": [
          42.343846,
          37.417929
        ]
      }
    },
    {
      "type": "Feature",
      "properties": {
        "name": "Sauras",
        "desc": "An ancient place, cited: BAtlas 89 C3 Sauras",
        "name_tr": "Sauras",
        "desc_tr": "Alıntı yapılan eski bir yer: BAtlas 89 C3 Sauras"
      },
      "geometry": {
        "type": "Point",
        "coordinates": [
          40.889672,
          37.537858
        ]
      }
    },
    {
      "type": "Feature",
      "properties": {
        "name": "Shilloh",
        "desc": "An ancient place, cited: BAtlas 89 D3 Shilloh",
        "name_tr": "Shilloh",
        "desc_tr": "Antik Kenti, Ref.: BAtlas 89 D3 Shilloh"
      },
      "geometry": {
        "type": "Point",
        "coordinates": [
          41.330651,
          37.523874
        ]
      }
    },
    {
      "type": "Feature",
      "properties": {
        "name": "Kumtepe (Troad)",
        "desc": "The oldest permanent settlement in the Troad.",
        "name_tr": "Kumtepe (Troad)",
        "desc_tr": "Troas'ın en eski kalıcı yerleşim yeri."
      },
      "geometry": {
        "type": "Point",
        "coordinates": [
          26.1960510897,
          39.9780452762
        ]
      }
    },
    {
      "type": "Feature",
      "properties": {
        "name": "Değirmenköy",
        "desc": "A findspot of an Urartian inscription.",
        "name_tr": "Değirmenköy",
        "desc_tr": "Urartu yazıtının bulunduğu yer."
      },
      "geometry": {
        "type": "Point",
        "coordinates": [
          43.51517425,
          38.51304925
        ]
      }
    },
    {
      "type": "Feature",
      "properties": {
        "name": "Eskiharran",
        "desc": "The findspot of a stele from the reign of Nabonidus, the last king of the Neo-Babylonian Empire.",
        "name_tr": "Eskiharran",
        "desc_tr": "Yeni Babil İmparatorluğu'nun son kralı Nabonidus'un saltanatına ait bir dikilitaşın bulunduğu yer."
      },
      "geometry": {
        "type": "Point",
        "coordinates": [
          39.059108,
          36.933517
        ]
      }
    },
    {
      "type": "Feature",
      "properties": {
        "name": "Tunceli",
        "desc": "A place from the TAVO Index",
        "name_tr": "Tunceli",
        "desc_tr": "TAVO Endeksinden bir yer"
      },
      "geometry": {
        "type": "Point",
        "coordinates": [
          39.25,
          39.25
        ]
      }
    },
    {
      "type": "Feature",
      "properties": {
        "name": "al-Ḫābūr aš-Šarqī",
        "desc": "A place from the TAVO Index",
        "name_tr": "al-Ḫābūr aš-Šarqī",
        "desc_tr": "TAVO Endeksinden bir yer"
      },
      "geometry": {
        "type": "Point",
        "coordinates": [
          42.5,
          37.5
        ]
      }
    },
    {
      "type": "Feature",
      "properties": {
        "name": "Suadiye",
        "desc": "A place from the TAVO Index",
        "name_tr": "Suadiye",
        "desc_tr": "TAVO Endeksinden bir yer"
      },
      "geometry": {
        "type": "Point",
        "coordinates": [
          29.25,
          40.25
        ]
      }
    },
    {
      "type": "Feature",
      "properties": {
        "name": "Astakos",
        "desc": "A place from the TAVO Index",
        "name_tr": "Astakos",
        "desc_tr": "TAVO Endeksinden bir yer"
      },
      "geometry": {
        "type": "Point",
        "coordinates": [
          29.25,
          40.25
        ]
      }
    },
    {
      "type": "Feature",
      "properties": {
        "name": "Sakarya-Ebene",
        "desc": "A place from the TAVO Index",
        "name_tr": "Sakarya-Ebene",
        "desc_tr": "TAVO Endeksinden bir yer"
      },
      "geometry": {
        "type": "Point",
        "coordinates": [
          31.25,
          39.25
        ]
      }
    },
    {
      "type": "Feature",
      "properties": {
        "name": "Äußerer Westtaurus",
        "desc": "A place from the TAVO Index",
        "name_tr": "Äußerer Westtaurus",
        "desc_tr": "TAVO Endeksinden bir yer"
      },
      "geometry": {
        "type": "Point",
        "coordinates": [
          30.25,
          37.25
        ]
      }
    },
    {
      "type": "Feature",
      "properties": {
        "name": "Adapazarı Ovası",
        "desc": "A place from the TAVO Index",
        "name_tr": "Adapazarı Ovası",
        "desc_tr": "TAVO Endeksinden bir yer"
      },
      "geometry": {
        "type": "Point",
        "coordinates": [
          30.25,
          40.75
        ]
      }
    },
    {
      "type": "Feature",
      "properties": {
        "name": "Bolkar Dağları",
        "desc": "A place from the TAVO Index",
        "name_tr": "Bolkar Dağları",
        "desc_tr": "TAVO Endeksinden bir yer"
      },
      "geometry": {
        "type": "Point",
        "coordinates": [
          34.25,
          37.25
        ]
      }
    },
    {
      "type": "Feature",
      "properties": {
        "name": "Bolkar Dağları",
        "desc": "A place from the TAVO Index",
        "name_tr": "Bolkar Dağları",
        "desc_tr": "TAVO Endeksinden bir yer"
      },
      "geometry": {
        "type": "Point",
        "coordinates": [
          34.25,
          37.25
        ]
      }
    },
    {
      "type": "Feature",
      "properties": {
        "name": "Munzur Dağları",
        "desc": "A place from the TAVO Index",
        "name_tr": "Munzur Dağları",
        "desc_tr": "TAVO Endeksinden bir yer"
      },
      "geometry": {
        "type": "Point",
        "coordinates": [
          39.25,
          39.25
        ]
      }
    },
    {
      "type": "Feature",
      "properties": {
        "name": "Masion",
        "desc": "A place from the TAVO Index",
        "name_tr": "Masion",
        "desc_tr": "TAVO Endeksinden bir yer"
      },
      "geometry": {
        "type": "Point",
        "coordinates": [
          41.5,
          37.5
        ]
      }
    },
    {
      "type": "Feature",
      "properties": {
        "name": "Aliler Fortress",
        "desc": "Aliler Castle is the modern Turkish name of an Urartian fortress situated near the village of Karaağaç, approx. 11 km southeast of Lake Van. Here, the remains of a column base with a fragmentary preserved Urartian inscription of the Urartian king Minua (9th / 8th century BCE) have been found.",
        "name_tr": "Aliler Fortress",
        "desc_tr": "Aliler Kalesi, Van Gölü'nün yaklaşık 11 km güneydoğusunda, Karaağaç köyü yakınlarında bulunan bir Urartu kalesinin modern Türkçe adıdır. Burada, Urartu Kralı Minua'ya (MÖ 9./8. yüzyıl) ait, parçalı bir Urartu yazıtının bulunduğu bir sütun kaidesinin kalıntıları bulunmuştur."
      },
      "geometry": {
        "type": "Point",
        "coordinates": [
          43.4868,
          38.8548
        ]
      }
    },
    {
      "type": "Feature",
      "properties": {
        "name": "Burmageçit tomb",
        "desc": "Burmageçit, Tunceli ((Kurdish: Şixso)) is a modern Turkish settlement in the Tunceli province in eastern Turkey. Here was a tomb in which several Urartian metal objects have been found. Among them was a bronze helmet with a note of ownership (CTU B 5-8) of the Urartian king Minua (9th / 8th century BCE).",
        "name_tr": "Burmageçit tomb",
        "desc_tr": "Tunceli, Burmageçit (Kürtçe: Şixso), Türkiye'nin doğusundaki Tunceli ilinde bulunan modern bir Türk yerleşim yeridir. Burada, içinde Urartu dönemine ait çeşitli metal objelerin bulunduğu bir mezar bulunmaktadır. Bunlar arasında, Urartu kralı Minua'ya (MÖ 9./8. yüzyıl) ait olduğunu belirten bir not bulunan bronz bir miğfer (CTU B 5-8) de bulunmaktadır."
      },
      "geometry": {
        "type": "Point",
        "coordinates": [
          39.5387097,
          38.9656169
        ]
      }
    },
    {
      "type": "Feature",
      "properties": {
        "name": "Kaleköy",
        "desc": "Kaleköy is a modern village situated ca. 15 km northeast of Mazgirt and ca. 90 km to the north-northeast of Elaziğ in the southeast of Turkey. In the cliff face above the village, lies an Urartian rock-cut tomb. At the left of its entrance is a rock-cut inscription of the Urartian king Rusa, son of Argišti II (seventh century BCE) (CTU I A 12-6). Nowadays the inscription is heavily damaged.",
        "name_tr": "Kaleköy",
        "desc_tr": "Kaleköy, Türkiye'nin güneydoğusunda, Mazgirt'in yaklaşık 15 km kuzeydoğusunda ve Elazığ'ın yaklaşık 90 km kuzey-kuzeydoğusunda yer alan modern bir köydür. Köyün üzerindeki uçurumda bir Urartu kaya mezarı bulunmaktadır. Girişinin solunda, II. Argišti'nin oğlu Urartu kralı Rusa'nın (MÖ 7. yüzyıl) kayaya oyulmuş bir yazıtı bulunmaktadır (CTU IA 12-6). Yazıt günümüzde ağır hasar görmüştür."
      },
      "geometry": {
        "type": "Point",
        "coordinates": [
          39.6584843,
          39.0253959
        ]
      }
    },
    {
      "type": "Feature",
      "properties": {
        "name": "Karataş",
        "desc": "Karataş is a modern settlement situated at the northern bank of Lake Van and 2 km in the east of Erciş in the southeast of Turkey. Here two rock inscriptions of the Urartian king Sarduri II., son of Argišti (8th century BCE) have been found. One of them is of annalistic contents (CTU A 9-10), the other reports the plantation of a vineyard in this region (CTU A 9-11).",
        "name_tr": "Karataş",
        "desc_tr": "Karataş, Türkiye'nin güneydoğusunda, Erciş'in 2 km doğusunda, Van Gölü'nün kuzey kıyısında yer alan modern bir yerleşim yeridir. Burada, Urartu Kralı II. Sarduri'ye (MÖ 8. yüzyıl) ait iki kaya yazıtı bulunmuştur. Bunlardan biri yıllık içeriklidir (CTU A 9-10), diğeri ise bu bölgede bir bağın varlığından bahsetmektedir (CTU A 9-11)."
      },
      "geometry": {
        "type": "Point",
        "coordinates": [
          43.3963,
          39.0109
        ]
      }
    },
    {
      "type": "Feature",
      "properties": {
        "name": "Giricano",
        "desc": "Modern Giricano, site of the ancient Dunnu-ša-Uzībiis, is located in the Upper Tigris region of south-eastern Turkey, in the province of Diyarbakir, about 11 km southeast of modern Bismil, ca. 5 km northwest of Ziyaret Tepe, on the north bank of the Tigris River.",
        "name_tr": "Giricano",
        "desc_tr": "Günümüzde Giricano olarak bilinen antik Dunnu-ša-Uzībiis yerleşimi, Güneydoğu Türkiye'nin Yukarı Dicle bölgesinde, Diyarbakır ilinde, günümüzde Bismil'in yaklaşık 11 km güneydoğusunda, Ziyaret Tepe'nin yaklaşık 5 km kuzeybatısında, Dicle Nehri'nin kuzey kıyısında yer almaktadır."
      },
      "geometry": {
        "type": "Point",
        "coordinates": [
          40.7499095,
          37.816943
        ]
      }
    },
    {
      "type": "Feature",
      "properties": {
        "name": "Oluz Höyük",
        "desc": "Mound site in Amasya province, Turkey. First inhabited in the Early Bronze Age (ca. 4500 BCE), the site was abandoned sometime during the Hittite Period (15th-13th centuries BCE). It was briefly resettled during the Iron Age-Hellenistic period (8th-1st centuries BCE).",
        "name_tr": "Oluz Höyük",
        "desc_tr": "Türkiye, Amasya ilindeki höyük. İlk yerleşim Erken Tunç Çağı'nda (yaklaşık MÖ 4500) başlamış, Hitit Dönemi'nde (MÖ 15.-13. yüzyıllar) terk edilmiş ve Demir Çağı-Helenistik dönemde (MÖ 8.-1. yüzyıllar) kısa bir süre yeniden yerleşim görmüştür."
      },
      "geometry": {
        "type": "Point",
        "coordinates": [
          35.628510364,
          40.5456566274
        ]
      }
    },
    {
      "type": "Feature",
      "properties": {
        "name": "Düzceli",
        "desc": "Düzceli is a modern village in the Ağrı province in eastern Turkey, ca. 14 km southeast from Patnos and the Urartian fortress Aznavurtepe / Anzavurtepe. In Düzceli a reused stone block with an inscription of the Urartian king Minua (9th / 8th century BCE) was found which reports the contruction of a building called \"iriduduni\" (CTU A 5-78).",
        "name_tr": "Düzceli",
        "desc_tr": "Düzceli, Türkiye'nin doğusundaki Ağrı ilinde, Patnos ve Urartu kalesi Aznavurtepe/Anzavurtepe'nin yaklaşık 14 km güneydoğusunda yer alan modern bir köydür. Düzceli'de, üzerinde Urartu kralı Minua'ya (MÖ 9./8. yüzyıl) ait bir yazıt bulunan ve &quot;iriduduni&quot; adı verilen bir yapının inşasından bahseden yeniden kullanılmış bir taş blok bulunmuştur (CTU A 5-78)."
      },
      "geometry": {
        "type": "Point",
        "coordinates": [
          42.7279746,
          39.1743864
        ]
      }
    },
    {
      "type": "Feature",
      "properties": {
        "name": "Oylum",
        "desc": "Oylum Höyük is a settlement mound that was inhabited from the fourth millennium BC until the Hellenistic period.",
        "name_tr": "Oylum",
        "desc_tr": "Oylum Höyük, MÖ 4. binyıldan Helenistik döneme kadar yerleşim yeri olarak kullanılan bir yerleşim yeridir."
      },
      "geometry": {
        "type": "Point",
        "coordinates": [
          37.17876755,
          36.69817565
        ]
      }
    },
    {
      "type": "Feature",
      "properties": {
        "name": "Demircihöyük",
        "desc": "An ancient Settlement located in Eskişehir Province, Turkey.",
        "name_tr": "Demircihöyük",
        "desc_tr": "Türkiye'nin Eskişehir ilinde bulunan antik bir yerleşim yeri."
      },
      "geometry": {
        "type": "Point",
        "coordinates": [
          30.27052,
          39.85035
        ]
      }
    },
    {
      "type": "Feature",
      "properties": {
        "name": "Village of the Kardakoi",
        "desc": "Originally settled by members of the Seleucid military near Telmessos, the town was eventually absorbed into the Attalid Kingdom. Its precise location is not known today.",
        "name_tr": "Village of the Kardakoi",
        "desc_tr": "Başlangıçta Telmessos yakınlarında Seleukos ordusu mensupları tarafından kurulan kasaba, daha sonra Attalos Krallığı'nın egemenliğine girmiştir. Kesin konumu bugün bilinmemektedir."
      },
      "geometry": {
        "type": "Point",
        "coordinates": [
          29.1141469333,
          36.6221440667
        ]
      }
    },
    {
      "type": "Feature",
      "properties": {
        "name": "Kadembas/Katepants",
        "desc": "Kadembas (Katepants) is a modern settlement in the Van Province in the Southeast of Turkey. Here several rock inscriptions of the Urartian king Minua (9th / 8th century BCE) were found which report the construction of the “Canal of Minua” which is still in use today. Furthermore a rock inscription of Tariria, wife of Minua, (9th / 8th century BCE) is located here which attributes a vineyard to her belongings.",
        "name_tr": "Kadembas/Katepants",
        "desc_tr": "Kadembas (Katepants), Türkiye'nin güneydoğusundaki Van ilinde bulunan modern bir yerleşim yeridir. Burada, Urartu kralı Minua'ya (MÖ 9./8. yüzyıl) ait birkaç kaya yazıtı bulunmuştur ve bunlar günümüzde hala kullanımda olan &quot;Minua Kanalı&quot;nın inşasını anlatmaktadır. Ayrıca, Minua'nın karısı Tariria'ya (MÖ 9./8. yüzyıl) ait bir kaya yazıtı da burada bulunmaktadır ve bu yazıtta, mal varlığına bir bağ atfedilmektedir."
      },
      "geometry": {
        "type": "Point",
        "coordinates": [
          43.2312,
          38.4084
        ]
      }
    },
    {
      "type": "Feature",
      "properties": {
        "name": "Kalecik",
        "desc": "Kalecik (formerly known as Aralesk or Lesk) is a modern village situated ca. 5 km north of Van Kalesi in southeast Turkey. In the village church, a re-used cylindrical stone (presumably a column base) with a building inscription of the Urartian king Išpuini, son of Sarduri I (ninth century BCE), was found. Furthermore, a re-used stone slab with an inscription of the Urartian king Argišti, son of Minua and grandson of Išpuini (eighth century BCE) has also been found here.",
        "name_tr": "Kalecik",
        "desc_tr": "Kalecik (eski adıyla Aralesk veya Lesk), Türkiye'nin güneydoğusundaki Van Kalesi'nin yaklaşık 5 km kuzeyinde yer alan modern bir köydür. Köy kilisesinde, üzerinde I. Sarduri'nin oğlu Urartu kralı İşpuini'nin (MÖ 9. yüzyıl) bir yapı kitabesinin bulunduğu, yeniden kullanılmış silindirik bir taş (muhtemelen bir sütun kaidesi) bulunmuştur. Ayrıca, Minua'nın oğlu ve İşpuini'nin torunu Urartu kralı Argišti'nin (MÖ 8. yüzyıl) bir yazıtının bulunduğu yeniden kullanılmış bir taş levha da burada bulunmuştur."
      },
      "geometry": {
        "type": "Point",
        "coordinates": [
          43.338463,
          38.545341
        ]
      }
    },
    {
      "type": "Feature",
      "properties": {
        "name": "Karagündüz",
        "desc": "Karagündüz (Armenian name: Charakonis) is a modern village on the eastern coast of Lake Erceç in southeastern Turkey. Here a stela with an inscription of the Urartian kings Išpuini (9th century BCE) and Minua (9th / 8th century BCE) was found which praises the victory over the cites Mešta, Qua, Šaritu, and Nigibi and the land Paršua and gives detailed information about the numbers of soldiers, spoils and deportees (CTU I A 3-9). Furthermore, a partially preserved stela authored by Minua, son of Išpuini, has been found alone (CTU I A 5-86).",
        "name_tr": "Karagündüz",
        "desc_tr": "Karagündüz (Ermenice adı: Charakonis), Türkiye'nin güneydoğusundaki Erceç Gölü'nün doğu kıyısında yer alan modern bir köydür. Burada, Urartu kralları Išpuini (MÖ 9. yüzyıl) ve Minua'ya (MÖ 9./8. yüzyıl) ait, Mešta, Qua, Šaritu ve Nigibi kentleri ile Paršua topraklarına karşı kazanılan zaferi öven ve asker, ganimet ve sürgünlerin sayısı hakkında ayrıntılı bilgi veren bir yazıtlı stel bulunmuştur (CTU IA 3-9). Ayrıca, Išpuini'nin oğlu Minua tarafından yazılmış, kısmen korunmuş bir stel tek başına bulunmuştur (CTU IA 5-86)."
      },
      "geometry": {
        "type": "Point",
        "coordinates": [
          43.64556,
          38.6958418
        ]
      }
    },
    {
      "type": "Feature",
      "properties": {
        "name": "Obere Sakarya-Senke",
        "desc": "A place from the TAVO Index",
        "name_tr": "Obere Sakarya-Senke",
        "desc_tr": "TAVO Endeksinden bir yer"
      },
      "geometry": {
        "type": "Point",
        "coordinates": [
          31.25,
          39.25
        ]
      }
    },
    {
      "type": "Feature",
      "properties": {
        "name": "İstanbul",
        "desc": "Istanbul is Turkey's largest city, straddling the boundary between Europe and Asia.",
        "name_tr": "İstanbul",
        "desc_tr": "İstanbul, Avrupa ve Asya arasında sınırda yer alan Türkiye'nin en büyük şehridir."
      },
      "geometry": {
        "type": "Point",
        "coordinates": [
          28.9758715,
          41.006381
        ]
      }
    },
    {
      "type": "Feature",
      "properties": {
        "name": "Mitteltaurus",
        "desc": "A place from the TAVO Index",
        "name_tr": "Mitteltaurus",
        "desc_tr": "TAVO Endeksinden bir yer"
      },
      "geometry": {
        "type": "Point",
        "coordinates": [
          36.25,
          37.25
        ]
      }
    },
    {
      "type": "Feature",
      "properties": {
        "name": "Gücük",
        "desc": "A place from the TAVO Index",
        "name_tr": "Gücük",
        "desc_tr": "TAVO Endeksinden bir yer"
      },
      "geometry": {
        "type": "Point",
        "coordinates": [
          37.25,
          38.25
        ]
      }
    },
    {
      "type": "Feature",
      "properties": {
        "name": "Mittleres Sakarya-Tal\t\tt",
        "desc": "A place from the TAVO Index",
        "name_tr": "Mittleres Sakarya-Tal\t\tt",
        "desc_tr": "TAVO Endeksinden bir yer"
      },
      "geometry": {
        "type": "Point",
        "coordinates": [
          30.25,
          40.25
        ]
      }
    },
    {
      "type": "Feature",
      "properties": {
        "name": "Çobantepe",
        "desc": "An Early to Middle Bronze Age site located on the southern shore of the Dardanelles.",
        "name_tr": "Çobantepe",
        "desc_tr": "Çanakkale Boğazı'nın güney kıyısında yer alan Erken-Orta Tunç Çağı'na ait bir yerleşim yeri."
      },
      "geometry": {
        "type": "Point",
        "coordinates": [
          26.2466529166,
          39.9813494914
        ]
      }
    },
    {
      "type": "Feature",
      "properties": {
        "name": "Nevalı Çori",
        "desc": "An early Neolithic settlement in the middle Euphrates river valley.",
        "name_tr": "Nevalı Çori",
        "desc_tr": "Fırat Nehri'nin orta vadisinde erken Neolitik yerleşim yeri."
      },
      "geometry": {
        "type": "Point",
        "coordinates": [
          38.5832859,
          37.5251297
        ]
      }
    },
    {
      "type": "Feature",
      "properties": {
        "name": "Kunulua/Tell Tayinat",
        "desc": "Tell Tayinat (ancient Kunulua) is a large site (comprising both a sizeable citadel and a sprawling lower town) located at the northern bend of the Orontes River, ca. 30 km southeast of Antakya (ancient Antioch). Strategically located, this fortified city served as a royal capital for various historically-attested Bronze and Iron Age kingdoms (ca. 3200-600 B.C.). In 738 B.C., the Assyrian king Tiglath-pileser III conquered Kunulua (alternately called Kinalua), then the royal city of Syro-Hittite kingdom of Patina, annexed it, and transformed it into an important provincial administrative center. Textual evidence found at the site (e.g., a large tablet inscribed with a copy of Esarhaddon’s Succession Treaty) leaves little doubt that Kunulua should be identified as Tell Tayinat.",
        "name_tr": "Kunulua/Tell Tayinat",
        "desc_tr": "Tell Tayinat (antik Kunulua), Antakya'nın (antik Antakya) yaklaşık 30 km güneydoğusunda, Asi Nehri'nin kuzey kıvrımında yer alan büyük bir alandır (hem büyük bir kale hem de geniş bir aşağı şehirden oluşur). Stratejik bir konuma sahip olan bu müstahkem şehir, tarihsel olarak kanıtlanmış çeşitli Tunç ve Demir Çağı krallıklarının (yaklaşık MÖ 3200-600) kraliyet başkenti olarak hizmet vermiştir. MÖ 738'de Asur kralı III. Tiglat-pileser, o zamanlar Süryani-Hitit Patina Krallığı'nın kraliyet şehri olan Kunulua'yı (alternatif olarak Kinalua olarak da bilinir) fethetti, ilhak etti ve önemli bir eyalet idari merkezine dönüştürdü. Alanda bulunan yazılı kanıtlar (örneğin, Esarhaddon'un Veraset Antlaşması'nın bir kopyasının yazılı olduğu büyük bir tablet), Kunulua'nın Tell Tayinat olarak tanımlanması gerektiği konusunda neredeyse hiç şüphe bırakmamaktadır."
      },
      "geometry": {
        "type": "Point",
        "coordinates": [
          36.3759422059,
          36.2482682211
        ]
      }
    },
    {
      "type": "Feature",
      "properties": {
        "name": "Feride Gül Tarla (FGT) excavation sector",
        "desc": "The Feride Gül Tarla (FGT) excavation sector at Klazomenai.",
        "name_tr": "Feride Gül Tarla (FGT) excavation sector",
        "desc_tr": "Klazomenai'de Feride Gül Tarla (FGT) kazı sektörü."
      },
      "geometry": {
        "type": "Point",
        "coordinates": [
          26.774363,
          38.361435
        ]
      }
    },
    {
      "type": "Feature",
      "properties": {
        "name": "Kaneš",
        "desc": "Kaneš or Kanesh (Hittite: Neša) is located adjacent to modern Kültepe, thus at times the site is referred to as Kültepe Kaneš. The site was one of continuous occupation from the Chalcolithic period to the time of the Roman empire, although its cultural zenith was as a major Hittite site that was the site of a large merchant quarter (kârum) of the Old Assyrian kingdom (ca. twentieth to sixteenth centuries BC).",
        "name_tr": "Kaneš",
        "desc_tr": "Kaneş veya Kaneş (Hititçe: Neša), günümüz Kültepe'sinin bitişiğinde yer aldığından, zaman zaman Kültepe Kaneş olarak da anılır. Kalkolitik Çağ'dan Roma İmparatorluğu dönemine kadar sürekli yerleşim yeri olan bu yerin kültürel zirvesi, Eski Asur Krallığı'nın (yaklaşık MÖ 20.-16. yüzyıllar) büyük bir tüccar mahallesi (kârum) olan önemli bir Hitit yerleşim yeri olmasıyla gerçekleşmiştir."
      },
      "geometry": {
        "type": "Point",
        "coordinates": [
          35.63763255,
          38.85006045
        ]
      }
    },
    {
      "type": "Feature",
      "properties": {
        "name": "Panaztepe",
        "desc": "A mound site located approximately 35 km northwest of modern Izmir, Turkey, with signs of habitation from the 3rd millennium BCE through the early Iron Age.",
        "name_tr": "Panaztepe",
        "desc_tr": "Türkiye'nin İzmir ilinin yaklaşık 35 km kuzeybatısında bulunan, MÖ 3. binyıldan Demir Çağı'nın başlarına kadar yerleşim izlerine sahip höyük."
      },
      "geometry": {
        "type": "Point",
        "coordinates": [
          26.9406239948,
          38.6216907069
        ]
      }
    },
    {
      "type": "Feature",
      "properties": {
        "name": "Til-Bašerê",
        "desc": "An unwalled town mentioned in Neo-Assyrian sources that is identified with Tell Bašir.",
        "name_tr": "Til-Bašerê",
        "desc_tr": "Neo-Asur kaynaklarında adı geçen ve Tell Beşir ile özdeşleşen sursuz bir kent."
      },
      "geometry": {
        "type": "Point",
        "coordinates": [
          37.5589623904,
          36.8742225347
        ]
      }
    },
    {
      "type": "Feature",
      "properties": {
        "name": "Urakka",
        "desc": "A town mentioned in Neo-Assyrian sources that is likely to be identified as Tell ʿĀmūdā.",
        "name_tr": "Urakka",
        "desc_tr": "Neo-Asur kaynaklarında adı geçen ve büyük olasılıkla Tell ʿĀmūdā olarak tanımlanan bir kasaba."
      },
      "geometry": {
        "type": "Point",
        "coordinates": [
          40.4626949,
          37.0566221
        ]
      }
    },
    {
      "type": "Feature",
      "properties": {
        "name": "Matiātu",
        "desc": "A town mentioned in Neo-Assyrian sources that is identified with modern Midyat. Midyat originated as a Hurrian settlement in the third millennium B.C.",
        "name_tr": "Matiātu",
        "desc_tr": "Neo-Asur kaynaklarında adı geçen ve günümüz Midyat'ıyla özdeşleşen bir kasaba. Midyat, MÖ 3. binyılda bir Hurri yerleşimi olarak ortaya çıkmıştır."
      },
      "geometry": {
        "type": "Point",
        "coordinates": [
          41.3637485,
          37.4172015
        ]
      }
    },
    {
      "type": "Feature",
      "properties": {
        "name": "Saranta Ekklēsiai",
        "desc": "A town in Eastern Thrace with signs of habitation dating from the Paleolithic period; it became a major city in European Turkey in the Ottoman period, and is now the capital of Kırklareli Province.",
        "name_tr": "Saranta Ekklēsiai",
        "desc_tr": "Doğu Trakya'da Paleolitik dönemden kalma yerleşim izlerine sahip bir ilçe; Osmanlı döneminde Avrupa'nın önemli kentlerinden biri haline gelmiş ve günümüzde Kırklareli ilinin başkentidir."
      },
      "geometry": {
        "type": "Point",
        "coordinates": [
          27.2514,
          41.7324
        ]
      }
    },
    {
      "type": "Feature",
      "properties": {
        "name": "Cafer Höyük",
        "desc": "A Neolithic settlement located in eastern Turkey. The filling of the reservoir of the Karakaya Dam has flooded the tell. Jacques Cauvin conducted rescue excavations between 1979 and 1986.",
        "name_tr": "Cafer Höyük",
        "desc_tr": "Türkiye'nin doğusunda bulunan Neolitik bir yerleşim yeri. Karakaya Barajı rezervuarının dolması höyüğü sular altında bırakmıştır. Jacques Cauvin, 1979-1986 yılları arasında kurtarma kazıları yürütmüştür."
      },
      "geometry": {
        "type": "Point",
        "coordinates": [
          38.75,
          38.4166
        ]
      }
    },
    {
      "type": "Feature",
      "properties": {
        "name": "Thodasa",
        "desc": "An unlocated community which was close to, and eventually entered into sympolitiea with, Kildara. ",
        "name_tr": "Thodasa",
        "desc_tr": "Kildara'ya yakın olan ve zamanla onunla sympolitiea ilişkisine giren, yeri bilinmeyen bir topluluk. "
      },
      "geometry": {
        "type": "Point",
        "coordinates": [
          27.693076,
          37.181505
        ]
      }
    },
    {
      "type": "Feature",
      "properties": {
        "name": "Sarmaç",
        "desc": "Sarmaç is a modern settlement located on the northwestern slopes of Warak (Erek, Erk) Dağ about 10km to the east of Van in the Van Province in Eastern Turkey. In the monastery of Sarmaç (previously called Kohbants) three stone blocks with inscriptions of the Urartian king Minua (9th / 8th century BCE) were found which describe the construction of a susi temple for the god Ḫaldi, a fortress, a gate and the ‘barzudibiduni building of Minua’.",
        "name_tr": "Sarmaç",
        "desc_tr": "Sarmaç, Doğu Türkiye'deki Van ilinde, Van'ın yaklaşık 10 km doğusunda, Warak (Erek, Erk) Dağı'nın kuzeybatı yamaçlarında yer alan modern bir yerleşim yeridir. Sarmaç Manastırı'nda (eski adıyla Kohbants), Urartu kralı Minua'nın (MÖ 9./8. yüzyıl) yazıtlarının bulunduğu üç taş blok bulunmuştur. Bu bloklarda, tanrı Ḫaldi için bir susi tapınağı, bir kale, bir kapı ve Minua'nın 'barzudibiduni yapısı'nın inşası anlatılmaktadır."
      },
      "geometry": {
        "type": "Point",
        "coordinates": [
          43.496262,
          38.498364
        ]
      }
    },
    {
      "type": "Feature",
      "properties": {
        "name": "Guganis",
        "desc": "Guganis (Göganis) is an abandoned village in the Hayots Dzor valley, situated in the plain of Gürpınar in the south-east of Turkey. Here a column base with an inscription of the Urartian king Argišti, son of Minua (8th century BCE), was found which was re-used and engraved with an Armenian cross and an Armenian inscription and graffiti (CTU A 8-38)",
        "name_tr": "Guganis",
        "desc_tr": "Guganis (Göganis), Türkiye'nin güneydoğusundaki Gürpınar ovasında, Hayots Dzor vadisinde terk edilmiş bir köydür. Burada, üzerinde Minua'nın oğlu Urartu kralı Argišti'nin (MÖ 8. yüzyıl) yazıtının bulunduğu bir sütun kaidesi bulunmuştur. Bu kaide yeniden kullanılmış ve üzerine bir Ermeni haçı, Ermenice bir yazıt ve grafiti işlenmiştir (CTU A 8-38)."
      },
      "geometry": {
        "type": "Point",
        "coordinates": [
          43.234263519,
          38.3295542638
        ]
      }
    },
    {
      "type": "Feature",
      "properties": {
        "name": "Çatalhöyük west mound",
        "desc": "Human settlement on the West Mound of Ҫatalhöyük began later than its eastern counterpart and continued longer. The mound is commonly associated with the Early Chalcolithic period, ca. 5,900-5,600 B.C.",
        "name_tr": "Çatalhöyük west mound",
        "desc_tr": "Çatalhöyük'ün Batı Höyüğü'ndeki insan yerleşimi, doğudaki benzerinden daha sonra başlamış ve daha uzun sürmüştür. Höyük, genellikle MÖ 5.900-5.600 yılları arasında Erken Kalkolitik dönemle ilişkilendirilir."
      },
      "geometry": {
        "type": "Point",
        "coordinates": [
          32.8227333291,
          37.6662682337
        ]
      }
    },
    {
      "type": "Feature",
      "properties": {
        "name": "Tanakun",
        "desc": "Tanakun is a fortified city in or bordering the northeastern part of Que. It is mentioned in royal inscriptions of the Assyrian king Shalmaneser III (r. 858-824 BC).",
        "name_tr": "Tanakun",
        "desc_tr": "Tanakun, Que'nin kuzeydoğu kesiminde veya sınırında bulunan müstahkem bir şehirdir. Asur kralı III. Salmanaser'in (MÖ 858-824) kraliyet yazıtlarında adı geçmektedir."
      },
      "geometry": {
        "type": "Point",
        "coordinates": [
          36.287086,
          37.292238
        ]
      }
    },
    {
      "type": "Feature",
      "properties": {
        "name": "Paqarhubuni (settlement)",
        "desc": "Paqarhubuni is a city that was part of Bīt-Adini during the reign of the Assyrian king Shalmaneser III (r. 858-824 BC); it might have been part of Bīt-Agūsi while Adad-nērārī (r. 809-782 BC) was king of Assyria. The city and its surrounding region were between the kingdoms of Gurgum and Kummuhu.",
        "name_tr": "Paqarhubuni (settlement)",
        "desc_tr": "Paqarhubuni, Asur Kralı III. Salmanaser (MÖ 858-824) döneminde Bīt-Adini'nin bir parçası olan bir şehirdir. Adad-nērārī (MÖ 809-782) Asur kralıyken, Bīt-Agūsi'nin bir parçası olmuş olabilir. Şehir ve çevresi, Gurgum ve Kummuhu krallıkları arasında yer alıyordu."
      },
      "geometry": {
        "type": "Point",
        "coordinates": [
          36.927509,
          37.5812744
        ]
      }
    },
    {
      "type": "Feature",
      "properties": {
        "name": "Usian",
        "desc": "A fortress in the vicinity of Til-garimmu fortified by the Assyrian king Sargon II (r. 721-705 BC) against Musku (Phrygia).",
        "name_tr": "Usian",
        "desc_tr": "Asur Kralı Sargon II (M.Ö. 721-705) tarafından Musku'ya (Frigya) karşı güçlendirilen Til-garimmu civarındaki bir kale."
      },
      "geometry": {
        "type": "Point",
        "coordinates": [
          37.25749,
          38.722928
        ]
      }
    },
    {
      "type": "Feature",
      "properties": {
        "name": "Si(t)ai/Siteon Chiphas",
        "desc": "An ancient place, cited: BAtlas 89 C3 Si(t)ai/Siteon Chiphas",
        "name_tr": "Si(t)ai/Siteon Chiphas",
        "desc_tr": "Antik Kenti, Ref.: BAtlas 89 C3 Si(t)ai/Siteon Chiphas"
      },
      "geometry": {
        "type": "Point",
        "coordinates": [
          40.989421,
          37.864169
        ]
      }
    },
    {
      "type": "Feature",
      "properties": {
        "name": "Sophanene",
        "desc": "An ancient place, cited: BAtlas 89 C2 Sophanene",
        "name_tr": "Sophanene",
        "desc_tr": "Antik Kenti, Ref.: BAtlas 89 C2 Sophanene"
      },
      "geometry": {
        "type": "Point",
        "coordinates": [
          40.866752,
          37.85837
        ]
      }
    },
    {
      "type": "Feature",
      "properties": {
        "name": "Teroua?",
        "desc": "An ancient place, cited: BAtlas 89 G1 Teroua?",
        "name_tr": "Teroua?",
        "desc_tr": "Antik Kenti, Ref.: BAtlas 89 G1 Teroua?"
      },
      "geometry": {
        "type": "Point",
        "coordinates": [
          44.141438,
          39.492075
        ]
      }
    },
    {
      "type": "Feature",
      "properties": {
        "name": "*Thibitha/Thilbisine",
        "desc": "An ancient place, cited: BAtlas 89 C3 *Thibitha/Thilbisine",
        "name_tr": "*Thibitha/Thilbisine",
        "desc_tr": "Antik Kenti, Ref.: BAtlas 89 C3 *Thibitha/Thilbisine"
      },
      "geometry": {
        "type": "Point",
        "coordinates": [
          40.25866,
          37.329794
        ]
      }
    },
    {
      "type": "Feature",
      "properties": {
        "name": "Thospia/Bouana/‘Ospa’/Ṭušpa",
        "desc": "Ṭušpa is an Urartian fortress and settlement near the historic center of Van in southeastern Turkey. Here archaeological remains of buildings and inscribed objects of several Urartian kings starting with Sarduri I (ninth century BCE) have been found. Furthermore, the place is frequently mentioned in Urartian inscriptions in connection with the god Haldi, who is addressed as \"Lord of Ṭušpa-City\". Ṭupša is often referred to as the capital of Urartu, although this remains uncertain. Rather than an administrative center, it was probably a religious one. In later times the place was known as Thospia/Bouana/‘Ospa’ (BAtlas 89 F2 Thospia/Bouana/‘Ospa’). Today the ruins of the fortress are referred to as Van Kalesi (or Van Castle).",
        "name_tr": "Thospia/Bouana/‘Ospa’/Ṭušpa",
        "desc_tr": "Ṭušpa, Türkiye'nin güneydoğusundaki Van'ın tarihi merkezi yakınlarında bulunan bir Urartu kalesi ve yerleşim yeridir. Burada, I. Sarduri'den (MÖ 9. yüzyıl) başlayarak çeşitli Urartu krallarına ait yapı kalıntıları ve yazıtlı nesneler bulunmuştur. Ayrıca, Urartu yazıtlarında sık sık &quot;Ṭušpa-Şehri'nin Efendisi&quot; olarak anılan tanrı Haldi ile bağlantılı olarak anılır. Ṭušpa, genellikle Urartu'nun başkenti olarak anılır, ancak bu kesin değildir. İdari bir merkez olmaktan ziyade, muhtemelen dini bir merkezdi. Daha sonraki dönemlerde yer Thospia/Bouana/'Ospa' (BAtlas 89 F2 Thospia/Bouana/'Ospa') olarak biliniyordu. Kalenin kalıntıları bugün Van Kalesi (veya Van Kalesi) olarak anılmaktadır."
      },
      "geometry": {
        "type": "Point",
        "coordinates": [
          43.3310867,
          38.5044929
        ]
      }
    },
    {
      "type": "Feature",
      "properties": {
        "name": "Tigranocerta/Cholimma/Chlomaron",
        "desc": "A city in Armenia, founded by Tigranes II as capital of his kingdom in the first half of the 1st century BC.",
        "name_tr": "Tigranocerta/Cholimma/Chlomaron",
        "desc_tr": "M.Ö. 1. yüzyılın ilk yarısında II. Tigranes tarafından krallığının başkenti olarak kurulan Ermenistan'daki bir şehir."
      },
      "geometry": {
        "type": "Point",
        "coordinates": [
          41.3820499546,
          37.977039393
        ]
      }
    },
    {
      "type": "Feature",
      "properties": {
        "name": "Til/Thiloson Kome",
        "desc": "An ancient place, cited: BAtlas 89 B1 Til/Thiloson Kome",
        "name_tr": "Til/Thiloson Kome",
        "desc_tr": "Antik Kenti, Ref.: BAtlas 89 B1 Til/Thiloson Kome"
      },
      "geometry": {
        "type": "Point",
        "coordinates": [
          39.413142,
          39.710693
        ]
      }
    },
    {
      "type": "Feature",
      "properties": {
        "name": "Tili",
        "desc": "An ancient place, cited: BAtlas 89 D3 Tili",
        "name_tr": "Tili",
        "desc_tr": "Antik Kenti, Ref.: BAtlas 89 D3 Tili"
      },
      "geometry": {
        "type": "Point",
        "coordinates": [
          41.7786195,
          37.7301516
        ]
      }
    },
    {
      "type": "Feature",
      "properties": {
        "name": "Tordan",
        "desc": "An ancient place, cited: BAtlas 89 B1 Tordan",
        "name_tr": "Tordan",
        "desc_tr": "Antik Kenti, Ref.: BAtlas 89 B1 Tordan"
      },
      "geometry": {
        "type": "Point",
        "coordinates": [
          39.152088,
          39.645952
        ]
      }
    },
    {
      "type": "Feature",
      "properties": {
        "name": "Vastauna",
        "desc": "An ancient place, cited: BAtlas 89 F2 Vastauna",
        "name_tr": "Vastauna",
        "desc_tr": "Antik Kenti, Ref.: BAtlas 89 F2 Vastauna"
      },
      "geometry": {
        "type": "Point",
        "coordinates": [
          43.103175,
          38.305755
        ]
      }
    },
    {
      "type": "Feature",
      "properties": {
        "name": "Zernaki tepe",
        "desc": "An ancient place, cited: BAtlas 89 F1 Zernaki tepe",
        "name_tr": "Zernaki tepe",
        "desc_tr": "Antik Kenti, Ref.: BAtlas 89 F1 Zernaki tepe"
      },
      "geometry": {
        "type": "Point",
        "coordinates": [
          43.3478419852,
          39.0586326008
        ]
      }
    },
    {
      "type": "Feature",
      "properties": {
        "name": "Zoaranda",
        "desc": "An ancient place, cited: BAtlas 89 E2 Zoaranda",
        "name_tr": "Zoaranda",
        "desc_tr": "Antik Kenti, Ref.: BAtlas 89 E2 Zoaranda"
      },
      "geometry": {
        "type": "Point",
        "coordinates": [
          42.592013,
          38.44243
        ]
      }
    },
    {
      "type": "Feature",
      "properties": {
        "name": "Haris",
        "desc": "A Latin name appearing in the Peutinger Map. It may be identifiable either with modern Yurtbaşi/Melik Şerif (Mitford) or modern Cengerli (Sinclair), both in the Refahiye region of Erzincan province in Turkey.",
        "name_tr": "Haris",
        "desc_tr": "Peutinger Haritası'nda görülen Latince bir isim. Günümüzde Erzincan ilinin Refahiye ilçesinde bulunan Yurtbaşı/Melik Şerif (Mitford) veya Cengerli (Sinclair) ile özdeşleştirilebilir."
      },
      "geometry": {
        "type": "Point",
        "coordinates": [
          38.89889235,
          39.8646663
        ]
      }
    },
    {
      "type": "Feature",
      "properties": {
        "name": "Aridi",
        "desc": "A town in the province of Guzana that is mentioned in Neo-Assyrian sources. Aridi is identified as modern Tell ʿArāda.",
        "name_tr": "Aridi",
        "desc_tr": "Yeni Asur kaynaklarında adı geçen Guzana ilindeki bir kasaba. Aridi, günümüzdeki Tell Arada olarak tanımlanıyor."
      },
      "geometry": {
        "type": "Point",
        "coordinates": [
          40.4012915,
          37.0040373
        ]
      }
    },
    {
      "type": "Feature",
      "properties": {
        "name": "Sissû",
        "desc": "A town mentioned in Neo-Assyrian sources. It is identified with modern Kozan (formerly Sis) and classical Sision.",
        "name_tr": "Sissû",
        "desc_tr": "Neo-Asur kaynaklarında adı geçen bir kasaba. Günümüzdeki Kozan (eski adıyla Sis) ve klasik Sision ile özdeşleştirilir."
      },
      "geometry": {
        "type": "Point",
        "coordinates": [
          35.8163535,
          37.4488715
        ]
      }
    },
    {
      "type": "Feature",
      "properties": {
        "name": "Kenan Tepe",
        "desc": "Ancient site on the Tigris river in Turkey",
        "name_tr": "Kenan Tepe",
        "desc_tr": "Türkiye'de Dicle Nehri üzerindeki antik alan"
      },
      "geometry": {
        "type": "Point",
        "coordinates": [
          40.813222,
          37.830588
        ]
      }
    },
    {
      "type": "Feature",
      "properties": {
        "name": "Kaymakçı",
        "desc": "A large Bronze Age settlement on the western shore of Lake Marmara in western Anatolia, overlooking the central Gediz river valley. The site is composed of an 8-hectare fortified citadel situated on a ridge, with evidence of a larger lower town below on the surrounding plain.",
        "name_tr": "Kaymakçı",
        "desc_tr": "Batı Anadolu'da, Marmara Gölü'nün batı kıyısında, Gediz Nehri vadisinin orta kesimine bakan büyük bir Tunç Çağı yerleşimi. Alan, bir sırtta yer alan 8 hektarlık müstahkem bir kaleden oluşuyor ve çevredeki ovada daha büyük bir aşağı şehrin varlığına dair kanıtlar mevcut."
      },
      "geometry": {
        "type": "Point",
        "coordinates": [
          27.929806,
          38.623692
        ]
      }
    }
  ]
}
